order_id,customer_id,order_date,status,category,payment_method,quantity,discount_percent,amount,delivery_days,rating
O100001,C01194,2026-02-09,cancelled,home,card,4,25.0,4557.16,,
O100002,C01554,2026-03-25,completed,beauty,sbp,3,15.0,1329.89,2.0,5.0
O100003,C00420,2026-02-10,processing,clothing,cash,1,7.0,254.73,16.0,
O100004,C01986,2026-03-13,completed,electronics,card,4,15.0,515.5,4.0,4.0
O100005,C00881,2024-11-05,cancelled,electronics,card,3,15.0,2785.58,,
O100006,C01868,2026-03-13,delivered,electronics,cash,4,20.0,879.0,19.0,2.0
O100007,C00494,2026-03-22,completed,electronics,sbp,5,28.0,18595.47,7.0,4.0
O100008,C00848,2024-09-11,completed,clothing,card,5,2.0,1011.86,6.0,4.0
O100009,C00276,2025-12-02,processing,beauty,card,5,17.0,5536.38,1.0,
O100010,C01693,2026-04-11,cancelled,clothing,card,4,11.0,5470.34,,
O100011,C01196,2026-03-20,delivered,beauty,card,4,18.0,674.83,16.0,1.0
O100012,C00152,2024-10-13,completed,toys,cash,1,6.0,343.87,7.0,3.0
O100013,C01488,2024-11-08,delivered,electronics,card,1,19.0,409.96,15.0,2.0
O100014,C01775,2026-02-02,completed,home,sbp,1,2.0,7991.09,18.0,2.0
O100015,C01371,2026-07-31,delivered,electronics,card,4,24.0,1619.72,4.0,4.0
O100016,C01617,2026-06-29,completed,electronics,sbp,4,11.0,792.94,1.0,4.0
O100017,C00553,2026-07-31,cancelled,electronics,wallet,5,2.0,3651.28,,
O100018,C00865,2026-07-31,delivered,electronics,card,4,18.0,852.59,10.0,4.0
O100019,C01709,2024-10-15,completed,home,wallet,5,11.0,2345.38,16.0,2.0
O100020,C01217,2025-07-20,delivered,home,cash,4,28.0,1369.69,10.0,4.0
O100021,C01224,2025-10-30,completed,home,sbp,4,29.0,2983.06,3.0,5.0
O100022,C01535,2026-07-31,completed,home,card,3,19.0,943.54,5.0,5.0
O100023,C01230,2025-06-07,completed,beauty,sbp,1,29.0,282.34,16.0,1.0
O100024,C00253,2025-03-05,completed,beauty,card,4,3.0,4672.87,16.0,
O100025,C00426,2025-03-31,completed,beauty,card,3,17.0,1862.85,5.0,3.0
O100026,C99999,2026-07-31,delivered,home,wallet,5,24.0,2520.04,5.0,5.0
O100027,C00485,2026-01-21,delivered,clothing,wallet,5,9.0,528.2,10.0,3.0
O100028,C01332,2026-07-31,delivered,clothing,card,2,13.0,0.0,2.0,4.0
O100029,C00950,2024-12-19,processing,clothing,card,1,26.0,338.14,4.0,
O100030,C01241,2025-07-28,cancelled,electronics,wallet,2,27.0,1231.36,,
O100031,C00476,2026-01-05,completed,beauty,card,3,27.0,338.04,6.0,
O100032,C00621,2025-05-07,delivered,toys,card,5,22.0,3075.47,16.0,2.0
O100033,C01377,2026-07-31,processing,toys,card,5,9.0,2875.34,12.0,
O100034,C00344,2025-12-10,completed,electronics,card,5,4.0,2050.43,7.0,4.0
O100035,C00618,2025-07-16,completed,electronics,card,2,22.0,485.09,18.0,2.0
O100036,C01997,2025-12-21,processing,electronics,cash,1,1.0,1252.42,10.0,
O100037,C00304,2026-07-31,cancelled,beauty,card,4,29.0,1084.71,,
O100038,C01156,2026-01-06,cancelled,home,cash,3,6.0,3061.84,,
O100039,C00304,2026-07-31,cancelled,beauty,card,3,,3416.39,,
O100040,C01415,2026-04-07,completed,toys,sbp,4,30.0,1012.84,7.0,3.0
O100041,C00255,2026-02-19,delivered,electronics,card,5,2.0,4482.25,12.0,4.0
O100042,C01148,2026-07-31,cancelled,clothing,cash,1,18.0,349.41,,
O100043,C00880,2026-06-08,completed,beauty,sbp,4,25.0,3284.98,4.0,
O100044,C01384,2026-07-21,completed,electronics,sbp,1,4.0,233.06,1.0,5.0
O100045,C00007,2024-06-05,completed,clothing,card,3,20.0,1348.21,11.0,5.0
O100046,C01033,2025-12-11,Completed,clothing,sbp,1,23.0,524.08,7.0,4.0
O100047,C01085,2025-06-02,delivered,home,card,5,23.0,2406.48,5.0,4.0
O100048,C00482,2026-07-06,cancelled,toys,card,3,6.0,2005.35,,
O100049,C00597,2026-01-04,completed,electronics,sbp,2,20.0,516.01,16.0,2.0
O100050,C01413,2024-11-23,delivered,clothing,card,2,17.0,633.5,11.0,2.0
O100051,C01105,2025-02-25,completed,toys,card,4,13.0,3488.99,18.0,2.0
O100052,C01158,2026-07-10,processing,clothing,wallet,2,15.0,708.59,1.0,
O100053,C01871,2024-09-08,delivered,home,card,2,29.0,662.04,13.0,3.0
O100054,C00811,2024-04-13,delivered,toys,sbp,1,1.0,251.27,20.0,2.0
O100055,C01739,2024-10-15,completed,electronics,card,2,19.0,682.06,8.0,4.0
O100056,C01949,2024-05-23,completed,electronics,card,4,17.0,866.66,20.0,1.0
O100057,C01153,2025-04-24,completed,electronics,card,1,16.0,883.1,17.0,2.0
O100058,C00424,2025-06-18,cancelled,electronics,card,5,27.0,1720.18,,
O100059,C00837,2026-02-13,completed,clothing,sbp,2,17.0,414.14,8.0,2.0
O100060,C00094,2025-03-27,cancelled,electronics,sbp,4,25.0,1675.32,,
O100061,C01397,2026-04-12,completed,clothing,card,1,23.0,161.23,8.0,5.0
O100062,C00548,2026-05-01,delivered,beauty,cash,1,25.0,248.48,14.0,2.0
O100063,C01847,2025-12-15,Processing ,electronics,card,5,18.0,7281.05,3.0,
O100064,C01307,2024-12-06,completed,clothing,cash,5,0.0,1031.67,15.0,2.0
O100065,C00980,2026-01-17,delivered,electronics,card,2,2.0,878.66,18.0,2.0
O100066,C00374,2025-03-13,completed,home,card,5,16.0,14393.81,13.0,2.0
O100067,C00199,2024-12-27,completed,clothing,card,5,8.0,3007.43,3.0,4.0
O100068,C01346,2026-07-31,delivered,electronics,card,2,7.0,654.92,1.0,
O100069,C01533,2026-07-31,completed,toys,card,5,15.0,502.35,19.0,1.0
O100070,C00533,2025-02-23,delivered,beauty,card,5,14.0,2815.72,7.0,4.0
O100071,C00021,2025-05-13,delivered,home,wallet,2,5.0,533.25,999.0,1.0
O100072,C00640,2026-07-31,completed,home,card,3,14.0,2309.65,13.0,4.0
O100073,C01530,2026-07-31,completed,clothing,card,2,26.0,573.72,17.0,3.0
O100074,C01161,2025-09-24,completed,electronics,card,1,4.0,615.07,4.0,4.0
O100075,C00170,2024-02-01,completed,clothing,card,5,24.0,7836.43,10.0,4.0
O100076,C00230,2024-08-23,completed,beauty,card,3,24.0,2529.12,10.0,3.0
O100077,C00214,2025-08-09,delivered,toys,wallet,1,23.0,171.63,6.0,5.0
O100078,C01517,2025-05-24,completed,home,card,3,4.0,1587.29,19.0,2.0
O100079,C01564,2026-07-31,cancelled,clothing,wallet,4,14.0,4260.23,,
O100080,C00816,2026-07-31,cancelled,home,card,5,28.0,730.51,,
O100081,C01380,2025-06-12,completed,home,sbp,4,8.0,7601.3,17.0,2.0
O100082,C00042,2026-07-31,delivered,electronics,card,2,15.0,1103.1,7.0,5.0
O100083,C01124,2024-11-30,completed,clothing,card,5,,3907.29,10.0,
O100084,C00545,2026-07-31,completed,electronics,sbp,4,17.0,1497.02,8.0,4.0
O100085,C01642,2024-10-09,processing,clothing,card,3,10.0,1534.05,6.0,
O100086,C00978,2026-03-07,delivered,beauty,card,4,3.0,963.66,3.0,5.0
O100087,C01703,2025-12-27,completed,clothing,cash,5,17.0,8493.86,12.0,3.0
O100088,C01126,2026-04-11,cancelled,home,card,1,15.0,2068.22,,
O100089,C00916,2025-04-15,processing,clothing,card,4,9.0,10977.76,1.0,
O100090,C01894,2025-12-31,delivered,electronics,wallet,4,9.0,479.96,6.0,
O100091,C01993,2025-04-04,delivered,home,cash,5,30.0,3206.94,15.0,3.0
O100092,C00912,2025-01-29,cancelled,home,sbp,3,19.0,2088.72,,
O100093,C00716,2026-07-31,delivered,beauty,sbp,2,21.0,560.43,14.0,2.0
O100094,C01293,2026-01-25,delivered,home,sbp,2,1.0,1327.96,20.0,1.0
O100095,C00344,2026-02-11,cancelled,beauty,card,3,29.0,468.4,,
O100096,C00773,2024-05-14,delivered,electronics,card,3,9.0,4797.68,20.0,2.0
O100097,C01692,2026-07-31,completed,home,sbp,5,29.0,722.63,5.0,5.0
O100098,C01794,2025-08-24,completed,clothing,sbp,5,29.0,3010.26,14.0,2.0
O100099,C00832,2025-04-23,completed,home,cash,3,6.0,2779.33,16.0,3.0
O100100,C00781,2026-07-31,completed,home,sbp,4,10.0,1220.11,3.0,4.0
O100101,C01749,2026-07-31,completed,electronics,card,4,22.0,5909.86,6.0,4.0
O100102,C00405,2025-05-19,delivered,clothing,card,4,15.0,457.74,10.0,3.0
O100103,C00123,2026-04-21,processing,home,card,4,14.0,1923.28,12.0,
O100104,C00146,2026-07-31,completed,electronics,cash,1,12.0,150.0,15.0,1.0
O100105,C00223,2026-04-14,completed,home,card,3,19.0,796.31,12.0,3.0
O100106,C01760,2026-01-22,cancelled,beauty,card,4,20.0,1327.75,,
O100107,C00081,2026-05-28,completed,electronics,card,3,14.0,948.36,13.0,2.0
O100108,C00665,2026-02-03,cancelled,home,card,4,17.0,5448.04,,
O100109,C01205,2025-11-29,delivered,beauty,card,2,1.0,385.77,1.0,5.0
O100110,C01219,2026-07-31,delivered,electronics,card,5,11.0,710.53,13.0,2.0
O100111,C01664,2025-09-12,completed,electronics,card,1,21.0,349.03,10.0,3.0
O100112,C01962,2026-07-31,completed,home,card,4,23.0,2158.05,8.0,4.0
O100113,C00806,2026-05-06,delivered,home,card,4,15.0,2947.91,16.0,3.0
O100114,C00467,2025-02-09,completed,beauty,card,1,20.0,1240.24,8.0,3.0
O100115,C00182,2025-04-30,completed,home,card,2,4.0,176.47,15.0,3.0
O100116,C01783,2024-05-27,completed,home,wallet,5,19.0,9512.38,7.0,4.0
O100117,C00747,2025-07-15,delivered,clothing,card,4,20.0,1024.08,9.0,2.0
O100118,C01797,2026-07-31,delivered,electronics,card,4,17.0,1577.37,6.0,5.0
O100119,C00697,2026-05-05,delivered,home,sbp,5,4.0,2509.84,3.0,5.0
O100120,C01513,2026-04-23,delivered,electronics,card,1,28.0,150.0,5.0,
O100121,C01287,2026-07-31,completed,toys,card,5,27.0,1743.22,11.0,2.0
O100122,,2026-03-03,processing,electronics,sbp,4,29.0,4358.72,9.0,
O100123,C01305,2026-02-20,cancelled,electronics,card,2,,1633.18,,
O100124,C00614,2025-12-10,completed,beauty,wallet,2,2.0,660.36,20.0,1.0
O100125,C00207,2026-02-11,delivered,electronics,card,2,13.0,1168.62,17.0,2.0
O100126,C00022,2025-10-29,completed,clothing,sbp,4,29.0,2851.27,20.0,2.0
O100127,C00841,2025-09-05,processing,toys,wallet,2,10.0,801.21,16.0,
O100128,C01784,2026-07-31,completed,beauty,sbp,2,9.0,1461.38,5.0,5.0
O100129,C01286,2024-06-15,completed,electronics,card,3,27.0,779.19,8.0,3.0
O100130,C01349,2025-12-30,processing,electronics,card,4,,925.21,8.0,
O100131,C00518,2024-03-18,delivered,home,card,3,23.0,1165.63,13.0,3.0
O100132,C00973,2026-03-05,completed,clothing,card,1,17.0,150.0,3.0,4.0
O100133,C00815,2026-05-16,delivered,electronics,sbp,1,8.0,858.01,11.0,3.0
O100134,C00273,2025-01-16,cancelled,electronics,card,5,20.0,2633.2,,
O100135,C01228,2026-07-31,completed,beauty,card,3,10.0,1237.53,5.0,5.0
O100136,C00727,2026-02-14,delivered,clothing,cash,1,25.0,931.91,11.0,3.0
O100137,C00806,2026-07-31,delivered,beauty,card,2,19.0,1343.23,6.0,4.0
O100138,,2026-05-30,delivered,electronics,cash,1,0.0,1154.06,14.0,3.0
O100139,C00062,2026-01-29,processing,home,card,2,30.0,3487.78,15.0,
O100140,C01873,2025-07-05,delivered,clothing,cash,1,23.0,641.91,12.0,3.0
O100141,C00446,2026-06-22,delivered,clothing,card,5,12.0,1385.26,15.0,2.0
O100142,C01359,2024-05-02,cancelled,home,sbp,2,19.0,1759.98,,
O100143,C01553,2025-05-14,completed,electronics,card,1,25.0,277.79,15.0,2.0
O100144,C00308,2025-09-06,completed,beauty,cash,4,15.0,1071.15,2.0,5.0
O100145,C00498,2025-11-11,processing,home,card,5,22.0,1949.46,7.0,
O100146,C00825,2026-03-14,delivered,electronics,card,3,25.0,3733.55,9.0,3.0
O100147,C01636,2025-05-19,completed,home,cash,1,21.0,897.98,11.0,3.0
O100148,C01272,2025-03-09,completed,toys,sbp,3,15.0,3002.76,12.0,2.0
O100149,C00934,2026-07-23,completed,clothing,card,4,7.0,2174.62,4.0,
O100150,C01699,2025-08-05,completed,clothing,cash,5,6.0,3885.33,11.0,4.0
O100151,C00946,2024-05-14,completed,beauty,card,1,0.0,796.88,14.0,1.0
O100152,C01772,2024-12-15,delivered,electronics,cash,3,14.0,852.33,8.0,4.0
O100153,C01542,2025-06-22,completed,home,sbp,1,14.0,788.89,8.0,4.0
O100154,C00345,2026-07-31,delivered,electronics,cash,3,11.0,1473.6,8.0,4.0
O100155,C00767,2026-05-11,processing,home,card,1,18.0,356.39,7.0,
O100156,C00051,2026-05-20,processing,clothing,card,3,9.0,1111.01,14.0,
O100157,C00477,2026-07-31,cancelled,electronics,card,3,14.0,950.2,,
O100158,C00046,2026-07-31,completed,beauty,card,5,24.0,1967.85,4.0,5.0
O100159,C00211,2024-09-08,delivered,clothing,cash,1,,489.56,1.0,5.0
O100160,C00009,2024-09-20,delivered,clothing,cash,2,2.0,1677.66,11.0,4.0
O100161,C01344,2026-01-20,completed,home,sbp,3,8.0,4944.56,9.0,3.0
O100162,C00820,2026-07-31,cancelled,clothing,card,1,12.0,776.5,,
O100163,C00940,2025-11-19,delivered,electronics,cash,1,26.0,541.17,11.0,3.0
O100164,C01529,2024-06-27,delivered,home,card,3,1.0,298.42,10.0,3.0
O100165,C01619,2024-11-09,completed,toys,card,2,5.0,6824.61,2.0,4.0
O100166,C01066,2025-12-01,completed,electronics,card,4,8.0,1118.71,16.0,3.0
O100167,C00916,2025-10-10,cancelled,beauty,card,1,0.0,287.01,,
O100168,C01300,2025-01-10,completed,home,card,1,28.0,1354.71,4.0,4.0
O100169,C00830,2025-01-14,completed,electronics,sbp,2,3.0,408.37,20.0,2.0
O100170,C00885,2026-07-31,delivered,home,card,5,19.0,3317.16,1.0,5.0
O100171,C00598,2026-07-31,delivered,clothing,card,3,13.0,1020.75,10.0,5.0
O100172,C00380,2024-11-25,completed,beauty,card,2,26.0,805.12,7.0,3.0
O100173,C00399,2025-03-20,completed,home,card,3,17.0,1538.21,9.0,4.0
O100174,C01311,2025-05-20,cancelled,electronics,card,4,27.0,758.52,,
O100175,C01661,2025-08-21,processing,electronics,cash,3,21.0,1339.2,12.0,
O100176,C00848,2024-04-05,delivered,clothing,card,1,25.0,1119.64,13.0,2.0
O100177,C00191,2025-11-02,cancelled,clothing,card,2,17.0,928.39,,
O100178,C01221,2026-01-11,completed,toys,card,5,2.0,40469.2,2.0,4.0
O100179,C01805,2025-01-13,delivered,beauty,card,4,19.0,2120.87,3.0,5.0
O100180,C01056,2026-07-31,delivered,beauty,card,2,11.0,378.37,18.0,1.0
O100181,C99999,2026-02-22,cancelled,clothing,card,5,,1623.28,,
O100182,C00164,2025-03-11,cancelled,electronics,sbp,1,13.0,150.0,,
O100183,C01045,2026-03-16,completed,home,sbp,1,13.0,1166.88,16.0,2.0
O100184,C01724,2026-04-03,completed,electronics,card,1,30.0,1780.01,8.0,2.0
O100185,C00117,2024-03-09,cancelled,electronics,card,1,21.0,967.15,,
O100186,C01508,2025-03-27,completed,electronics,card,2,24.0,503.23,11.0,2.0
O100187,C01560,2026-06-27,delivered,toys,sbp,1,10.0,245.19,6.0,4.0
O100188,C00104,2024-11-14,delivered,home,card,2,13.0,1776.6,9.0,3.0
O100189,C00423,2026-04-18,completed,electronics,card,1,7.0,324.81,12.0,1.0
O100190,C00008,2026-02-13,delivered,toys,wallet,1,15.0,247.52,11.0,3.0
O100191,C01132,2026-07-31,delivered,beauty,card,3,8.0,679.01,10.0,5.0
O100192,C00350,2024-10-14,cancelled,home,wallet,3,9.0,6593.6,,
O100193,C01833,2026-02-25,completed,electronics,card,4,11.0,1359.66,14.0,4.0
O100194,C00183,2026-03-22,completed,clothing,card,3,29.0,2875.44,8.0,5.0
O100195,C01299,2025-06-10,completed,clothing,card,5,0.0,3824.17,15.0,2.0
O100196,C01574,2026-07-16,completed,home,sbp,3,26.0,749.71,3.0,3.0
O100197,C00357,2024-09-18,delivered,home,card,2,28.0,1017.99,8.0,3.0
O100198,C00506,2025-04-01,completed,electronics,card,1,7.0,221.2,19.0,2.0
O100199,C01594,2024-02-04,completed,clothing,card,3,6.0,4707.76,16.0,1.0
O100200,C00186,2025-10-04,processing,clothing,card,2,8.0,475.57,12.0,
O100201,,2025-10-09,completed,beauty,cash,3,26.0,1979.96,13.0,3.0
O100202,C00501,2024-11-04,completed,electronics,card,5,4.0,1659.18,2.0,4.0
O100203,C00027,2025-09-04,CANCELED,home,cash,1,1.0,235.12,,
O100204,C00904,2026-07-31,delivered,toys,cash,2,4.0,2333.2,2.0,5.0
O100205,C00974,2025-03-28,completed,home,card,1,8.0,324.75,15.0,2.0
O100206,C00695,2024-04-04,processing,clothing,cash,4,,456.05,6.0,
O100207,C01625,2025-09-18,delivered,home,card,3,16.0,2075.72,16.0,2.0
O100208,C00193,2026-01-30,completed,beauty,sbp,1,15.0,279.78,14.0,2.0
O100209,C00860,2026-07-31,completed,beauty,card,4,4.0,2235.84,12.0,3.0
O100210,C00362,2026-07-31,processing,electronics,card,1,23.0,977.4,4.0,
O100211,C01517,2026-01-11,completed,electronics,sbp,4,30.0,2621.75,13.0,4.0
O100212,C01114,2025-01-07,cancelled,electronics,sbp,5,11.0,5016.47,,
O100213,C01412,2025-12-22,completed,electronics,card,3,17.0,523.26,3.0,5.0
O100214,C00216,2024-10-17,completed,home,card,4,9.0,5141.31,10.0,3.0
O100215,C00914,2026-07-31,cancelled,electronics,sbp,1,25.0,388.4,,
O100216,C00102,2024-08-06,processing,home,sbp,4,17.0,629.53,5.0,
O100217,C00647,2026-02-20,completed,home,cash,1,8.0,150.0,19.0,2.0
O100218,C01891,2024-11-28,completed,clothing,card,3,9.0,1155.05,12.0,2.0
O100219,C01454,2025-05-02,delivered,electronics,card,3,5.0,788.12,6.0,3.0
O100220,C00157,2024-06-01,delivered,clothing,wallet,4,29.0,1063.94,16.0,3.0
O100221,C00738,2025-10-13,completed,electronics,card,4,26.0,2575.46,8.0,4.0
O100222,C01742,2026-05-19,completed,toys,sbp,5,13.0,9756.16,3.0,4.0
O100223,C00341,2025-08-27,processing,clothing,card,4,6.0,958.12,12.0,
O100224,C01515,2024-12-25,completed,electronics,cash,1,6.0,530.4,13.0,2.0
O100225,C00642,2026-07-01,completed,electronics,card,4,11.0,1251.47,6.0,3.0
O100226,C00955,2026-01-11,completed,home,card,1,2.0,223.73,3.0,4.0
O100227,C01754,2025-01-05,completed,home,card,5,22.0,1093.01,5.0,4.0
O100228,C01346,2026-07-31,delivered,toys,sbp,5,2.0,9166.09,12.0,2.0
O100229,C00567,2025-06-07,completed,electronics,cash,2,7.0,996.02,19.0,1.0
O100230,C00018,2024-12-22,delivered,electronics,cash,1,12.0,423.24,6.0,4.0
O100231,C00470,2026-07-31,completed,beauty,wallet,5,20.0,1423.97,2.0,4.0
O100232,C00836,2025-12-22,completed,clothing,card,2,13.0,1039.96,14.0,2.0
O100233,C00267,2025-04-16,cancelled,clothing,sbp,5,29.0,1478.85,,
O100234,C01765,2025-06-21,delivered,toys,card,1,11.0,2307.75,14.0,3.0
O100235,C00111,2025-08-30,completed,home,card,2,16.0,1205.44,13.0,3.0
O100236,C01082,2026-07-31,completed,clothing,card,3,14.0,1652.72,9.0,4.0
O100237,C01954,2026-02-11,delivered,toys,wallet,1,8.0,541.01,17.0,2.0
O100238,C00670,2025-03-26,cancelled,electronics,cash,3,18.0,4208.49,,
O100239,C01074,2025-07-13,delivered,electronics,card,5,29.0,2420.63,3.0,5.0
O100240,C00147,2024-08-05,cancelled,electronics,wallet,1,5.0,336.58,,
O100241,C01460,2025-12-07,completed,electronics,sbp,3,28.0,1681.53,7.0,4.0
O100242,C01955,2026-07-31,processing,clothing,cash,1,25.0,928.04,6.0,
O100243,C01546,2026-02-20,completed,beauty,card,4,19.0,5077.96,17.0,1.0
O100244,C00299,2025-02-28,completed,toys,card,3,22.0,1755.7,13.0,2.0
O100245,C00705,2024-04-28,delivered,home,card,3,23.0,1775.99,4.0,4.0
O100246,C01448,2026-07-31,completed,toys,cash,3,10.0,3270.84,7.0,3.0
O100247,C01598,2026-07-01,completed,clothing,card,4,23.0,221.18,2.0,5.0
O100248,C00807,2026-03-12,completed,clothing,card,4,,2115.11,2.0,4.0
O100249,C01923,2026-04-12,delivered,electronics,card,5,13.0,1543.63,1.0,5.0
O100250,C00408,2024-06-18,cancelled,clothing,card,4,28.0,2064.68,,
O100251,C01484,2025-03-06,delivered,clothing,sbp,5,8.0,3274.76,18.0,2.0
O100252,C00993,2025-04-18,completed,electronics,card,1,2.0,1334.09,6.0,5.0
O100253,C01424,2026-07-10,completed,toys,card,1,2.0,162.78,17.0,1.0
O100254,C01193,2024-11-11,cancelled,electronics,card,3,12.0,831.47,,
O100255,C00865,2026-07-31,delivered,home,card,1,1.0,241.88,10.0,4.0
O100256,C01631,2025-08-26,delivered,electronics,card,5,28.0,1516.19,19.0,2.0
O100257,C01683,2024-11-04,completed,clothing,card,5,,823.26,19.0,2.0
O100258,C01635,2025-07-12,completed,home,card,3,24.0,8172.78,13.0,3.0
O100259,C00178,2024-07-26,completed,electronics,card,3,7.0,2966.69,2.0,5.0
O100260,C00847,2025-02-07,delivered,electronics,wallet,5,22.0,1324.95,3.0,5.0
O100261,C01500,2026-06-17,cancelled,home,card,3,3.0,1496.69,,
O100262,C01734,2026-04-26,processing,home,card,5,29.0,1740.0,10.0,
O100263,C00724,2025-01-02,completed,clothing,sbp,5,1.0,2791.51,10.0,3.0
O100264,C01482,2024-10-09,delivered,clothing,card,2,11.0,533.23,10.0,
O100265,C01132,2025-12-30,cancelled,electronics,cash,4,18.0,582.81,,
O100266,C00442,2025-09-18,completed,electronics,cash,1,19.0,311.75,2.0,5.0
O100267,C01786,2025-04-26,delivered,beauty,cash,1,10.0,1487.8,2.0,5.0
O100268,C00890,2024-09-11,delivered,electronics,card,1,1.0,150.21,16.0,3.0
O100269,C01211,2025-11-21,completed,clothing,card,5,30.0,5926.2,7.0,3.0
O100270,C00577,2026-07-31,completed,home,wallet,1,26.0,771.21,16.0,2.0
O100271,C00052,2024-08-29,completed,beauty,sbp,2,20.0,715.83,3.0,4.0
O100272,C00906,2026-07-31,delivered,electronics,cash,4,10.0,3591.56,16.0,3.0
O100273,C01446,2024-08-09,completed,home,card,1,29.0,582.25,15.0,1.0
O100274,C00655,2026-01-20,completed,home,card,1,5.0,150.0,2.0,5.0
O100275,C01859,2025-12-28,completed,electronics,cash,4,2.0,1426.05,6.0,3.0
O100276,C01501,2025-10-31,cancelled,electronics,card,5,24.0,1824.84,,
O100277,C01285,2025-06-20,cancelled,beauty,wallet,1,8.0,1565.56,,
O100278,C99999,2026-04-19,processing,clothing,wallet,4,23.0,1430.29,11.0,
O100279,C01723,2026-04-09,cancelled,electronics,card,3,24.0,1248.78,,
O100280,C01443,2026-07-31,completed,home,card,5,4.0,973.07,12.0,2.0
O100281,C01651,2024-11-28,completed,clothing,card,5,19.0,2342.1,9.0,3.0
O100282,C01427,2026-02-10,delivered,electronics,card,3,14.0,571.06,9.0,2.0
O100283,C01723,2026-05-29,delivered,electronics,card,5,11.0,5873.88,2.0,5.0
O100284,C00208,2026-07-31,delivered,clothing,cash,2,14.0,703.96,3.0,4.0
O100285,C00689,2025-10-05,completed,home,card,3,26.0,569.97,19.0,1.0
O100286,C01776,2024-10-14,processing,clothing,card,1,4.0,1313.44,3.0,
O100287,C00949,2026-07-31,completed,electronics,card,1,15.0,173.33,13.0,2.0
O100288,C00030,2025-09-04,delivered,home,card,4,22.0,2417.7,14.0,2.0
O100289,C01697,2025-08-08,cancelled,home,card,3,28.0,449.79,,
O100290,C01312,2025-01-17,delivered,clothing,wallet,1,17.0,622.92,4.0,5.0
O100291,C01821,2025-04-25,cancelled,electronics,card,5,16.0,5787.65,,
O100292,C00033,2024-09-02,delivered,electronics,sbp,5,5.0,1466.85,12.0,2.0
O100293,C00294,2024-11-16,cancelled,toys,card,2,18.0,383.49,,
O100294,C01021,2025-02-03,cancelled,electronics,cash,1,30.0,196.58,,
O100295,C00364,2026-07-31,completed,clothing,card,2,9.0,942.8,8.0,4.0
O100296,C01042,2026-04-02,completed,home,card,4,15.0,9215.98,6.0,4.0
O100297,C00694,2026-07-25,cancelled,beauty,card,1,2.0,1157.9,,
O100298,C00421,2026-07-31,delivered,toys,sbp,2,8.0,2513.75,20.0,1.0
O100299,C01541,2026-01-16,delivered,clothing,card,2,0.0,418.73,10.0,4.0
O100300,C00078,2025-01-18,completed,toys,card,4,27.0,4740.17,9.0,
O100301,C01750,2026-07-31,completed,electronics,card,2,8.0,2170.69,3.0,5.0
O100302,C00308,2025-07-05,delivered,beauty,cash,4,28.0,2515.68,20.0,2.0
O100303,,2025-12-24,processing,electronics,card,2,26.0,594.61,12.0,
O100304,C01984,2026-07-31,completed,toys,card,1,5.0,1072.51,5.0,4.0
O100305,C00227,2026-07-31,completed,beauty,cash,2,10.0,572.98,17.0,2.0
O100306,C01854,2024-08-21,completed,beauty,card,5,13.0,4168.09,11.0,3.0
O100307,C00608,2025-12-13,delivered,home,card,4,25.0,1453.5,9.0,4.0
O100308,C01483,2024-10-05,completed,electronics,card,3,29.0,671.96,16.0,3.0
O100309,C01715,2025-09-30,delivered,clothing,card,2,30.0,712.62,2.0,5.0
O100310,C00464,2025-12-11,completed,electronics,wallet,2,14.0,4757.47,11.0,3.0
O100311,C00696,2025-05-16,completed,home,cash,3,13.0,581.67,12.0,3.0
O100312,C01722,2026-01-21,completed,electronics,sbp,5,4.0,5446.09,17.0,3.0
O100313,C00206,2025-08-28,completed,electronics,cash,2,,1930.16,19.0,1.0
O100314,C00218,2025-03-25,cancelled,electronics,card,5,5.0,2125.86,,
O100315,C00605,2026-02-06,processing,beauty,wallet,2,26.0,633.63,19.0,
O100316,C01207,2025-04-23,cancelled,clothing,card,1,11.0,181.51,,
O100317,C01614,2025-12-22,cancelled,clothing,sbp,4,17.0,5525.82,,
O100318,C01126,2026-07-31,completed,electronics,card,1,7.0,190.24,11.0,3.0
O100319,C00987,2026-02-19,cancelled,clothing,cash,4,25.0,211.79,,
O100320,C01742,2026-05-15,delivered,clothing,wallet,5,23.0,3152.01,11.0,2.0
O100321,C00344,2025-09-12,cancelled,electronics,sbp,1,21.0,167.23,,
O100322,C01804,2025-02-15,delivered,home,sbp,3,26.0,1354.01,19.0,
O100323,C00626,2025-03-20,completed,clothing,sbp,1,11.0,168.17,19.0,2.0
O100324,C00552,2025-01-16,completed,toys,card,3,29.0,928.49,15.0,2.0
O100325,C01908,2024-12-27,completed,electronics,card,3,20.0,1562.65,5.0,4.0
O100326,C01292,2026-05-12,completed,clothing,card,1,2.0,612.31,18.0,3.0
O100327,C00864,2026-07-31,delivered,toys,card,1,0.0,1438.01,12.0,4.0
O100328,C00661,2024-08-20,processing,beauty,card,3,23.0,1479.9,13.0,
O100329,C00884,2024-06-15,completed,clothing,card,5,15.0,2684.3,10.0,3.0
O100330,C01584,2025-06-19,delivered,electronics,sbp,2,29.0,813.46,14.0,3.0
O100331,C00307,2025-03-11,delivered,clothing,cash,5,2.0,5159.52,2.0,5.0
O100332,C00349,2024-12-19,completed,home,card,1,21.0,199.37,18.0,2.0
O100333,C00610,2026-07-31,completed,electronics,cash,1,17.0,347.22,11.0,3.0
O100334,C00965,2026-07-31,completed,electronics,sbp,2,2.0,984.49,11.0,
O100335,C01630,2024-09-04,delivered,clothing,sbp,1,25.0,238.67,12.0,3.0
O100336,C00422,2026-06-17,completed,electronics,card,1,2.0,1505.11,20.0,2.0
O100337,C01573,2026-05-02,completed,beauty,cash,2,4.0,1271.5,6.0,4.0
O100338,C01816,2024-06-30,completed,electronics,card,3,28.0,554.51,8.0,3.0
O100339,C00871,2025-02-27,cancelled,toys,sbp,5,12.0,3415.6,,
O100340,C01923,2026-01-23,cancelled,clothing,sbp,4,25.0,5621.59,,
O100341,C01788,2024-06-20,completed,toys,card,4,16.0,1108.27,9.0,2.0
O100342,C01595,2026-07-27,delivered,beauty,card,4,14.0,5858.18,6.0,4.0
O100343,C00761,2024-11-25,processing,electronics,card,3,6.0,1815.53,20.0,
O100344,C00602,2026-05-24,completed,electronics,card,1,3.0,579.03,8.0,3.0
O100345,C01729,2025-07-04,completed,electronics,card,2,1.0,2570.51,20.0,1.0
O100346,C00884,2024-08-22,completed,home,sbp,1,0.0,579.97,17.0,2.0
O100347,C00064,2026-07-31,completed,electronics,card,3,0.0,2019.98,8.0,3.0
O100348,C01435,2024-10-22,cancelled,home,card,4,29.0,2122.03,,
O100349,C00695,2024-11-01,cancelled,beauty,cash,3,7.0,363.43,,
O100350,C01872,2025-06-13,delivered,clothing,cash,3,27.0,2054.58,5.0,3.0
O100351,C01711,2025-09-25,completed,home,card,4,9.0,2411.54,16.0,1.0
O100352,C00209,2025-01-09,cancelled,beauty,sbp,1,15.0,363.57,,
O100353,C01803,2025-12-26,completed,beauty,cash,4,14.0,256.38,19.0,1.0
O100354,C01900,2025-01-30,completed,electronics,card,4,25.0,3242.03,15.0,2.0
O100355,C01513,2026-02-05,completed,electronics,card,5,26.0,1237.88,14.0,3.0
O100356,C00551,2026-05-07,cancelled,clothing,sbp,3,3.0,600.17,,
O100357,C01340,2025-01-13,delivered,electronics,card,5,12.0,926.99,6.0,3.0
O100358,C01737,2025-07-08,delivered,clothing,card,2,27.0,205.6,11.0,3.0
O100359,C01632,2026-07-31,delivered,toys,card,3,2.0,2138.76,20.0,1.0
O100360,C00863,2025-01-22,completed,clothing,wallet,4,25.0,12979.31,3.0,5.0
O100361,C01416,2026-04-14,completed,electronics,cash,3,10.0,929.54,7.0,3.0
O100362,C00772,2026-07-31,cancelled,electronics,sbp,2,21.0,1900.66,,
O100363,C00509,2025-01-06,processing,toys,card,3,9.0,1371.59,3.0,
O100364,C01346,2026-07-31,delivered,electronics,sbp,3,16.0,1843.1,17.0,2.0
O100365,C00933,2024-10-18,completed,electronics,card,1,17.0,467.18,10.0,4.0
O100366,C00450,2025-09-15,Completed,home,wallet,5,7.0,4606.8,14.0,2.0
O100367,C01322,2025-05-17,completed,clothing,card,4,20.0,749.77,20.0,2.0
O100368,C00644,2025-11-16,completed,clothing,cash,1,3.0,533.6,19.0,2.0
O100369,C01176,2025-02-15,completed,home,wallet,2,0.0,2443.04,13.0,2.0
O100370,C00723,2026-07-31,completed,home,wallet,3,20.0,2590.34,6.0,5.0
O100371,C01771,2025-01-07,delivered,electronics,card,3,16.0,1919.25,13.0,3.0
O100372,C01702,2025-05-30,delivered,clothing,card,1,18.0,532.73,15.0,3.0
O100373,C00948,2024-11-01,completed,home,cash,2,7.0,738.37,7.0,4.0
O100374,C01421,2026-07-31,completed,clothing,card,5,1.0,1857.99,15.0,3.0
O100375,C00356,2026-07-31,CANCELED,toys,card,2,23.0,284.43,,
O100376,C01995,2026-04-19,completed,electronics,card,2,8.0,1473.94,11.0,2.0
O100377,C00430,2026-01-20,completed,clothing,card,5,10.0,7341.51,4.0,4.0
O100378,C01734,2026-07-31,completed,home,card,5,27.0,3117.14,14.0,2.0
O100379,C01693,2026-05-12,cancelled,clothing,card,1,28.0,499.35,,
O100380,C00357,2024-12-24,processing,electronics,card,2,11.0,1591.46,6.0,
O100381,C00018,2024-10-11,completed,clothing,card,5,12.0,452.45,18.0,1.0
O100382,C01475,2026-07-31,delivered,toys,wallet,5,30.0,1642.04,1.0,5.0
O100383,C01739,2024-05-29,cancelled,clothing,card,3,10.0,1393.44,,
O100384,C01433,2025-04-20,completed,electronics,sbp,4,17.0,503.15,8.0,3.0
O100385,C00112,2026-04-23,processing,electronics,wallet,2,4.0,1120.51,18.0,
O100386,C01291,2025-07-20,delivered,clothing,card,2,27.0,224.2,5.0,
O100387,C00784,2024-06-13,delivered,electronics,cash,5,5.0,4282.69,1.0,5.0
O100388,C01832,2026-07-17,delivered,beauty,card,4,9.0,2361.33,10.0,3.0
O100389,C01601,2025-01-30,completed,toys,card,4,20.0,1691.9,15.0,2.0
O100390,C01598,2025-10-24,cancelled,toys,card,2,26.0,1812.2,,
O100391,C00816,2026-07-31,delivered,clothing,card,1,17.0,554.25,3.0,5.0
O100392,C00645,2026-04-06,completed,clothing,wallet,1,26.0,720.76,7.0,4.0
O100393,C01645,2024-06-06,delivered,clothing,card,4,17.0,2472.87,3.0,4.0
O100394,C00231,2025-10-09,processing,electronics,card,2,14.0,495.29,9.0,
O100395,C00201,2025-11-14,cancelled,home,cash,3,4.0,5183.43,,
O100396,C00125,2026-07-31,delivered,electronics,card,4,11.0,5339.49,18.0,2.0
O100397,C01024,2026-03-17,completed,electronics,card,4,3.0,2777.37,1.0,5.0
O100398,C00151,2026-07-31,completed,beauty,card,1,8.0,555.74,1.0,5.0
O100399,C01165,2025-08-26,completed,beauty,card,3,13.0,2694.25,20.0,1.0
O100400,C00335,2025-12-25,cancelled,toys,card,4,29.0,5401.42,,
O100401,C01782,2025-06-14,cancelled,clothing,card,3,29.0,6780.85,,
O100402,C00865,2026-07-31,processing,beauty,card,4,17.0,1278.05,2.0,
O100403,C00188,2025-10-14,completed,clothing,card,2,13.0,2275.15,19.0,2.0
O100404,C01388,2025-09-14,processing,electronics,card,2,10.0,919.09,4.0,
O100405,C00678,2024-05-09,processing,clothing,card,2,28.0,272.0,3.0,
O100406,C00524,2026-07-31,delivered,home,card,1,11.0,963.38,1.0,5.0
O100407,C99999,2025-04-05,cancelled,clothing,card,1,29.0,1593.8,,
O100408,C01912,2026-07-31,completed,beauty,card,3,14.0,3219.67,11.0,2.0
O100409,C01960,2025-02-03,completed,clothing,sbp,5,3.0,2152.03,2.0,4.0
O100410,C00872,2024-09-11,Processing ,toys,card,1,12.0,671.84,11.0,
O100411,C01697,2025-06-17,completed,electronics,card,2,28.0,1723.7,3.0,4.0
O100412,C00419,2025-08-19,completed,home,card,1,12.0,779.28,15.0,2.0
O100413,C01693,2026-04-14,delivered,toys,card,2,22.0,2636.51,18.0,2.0
O100414,C01885,2025-10-08,completed,home,sbp,1,30.0,1047.74,19.0,2.0
O100415,C01035,2024-12-25,completed,beauty,cash,5,2.0,1550.57,4.0,4.0
O100416,C01047,2025-04-25,completed,home,card,2,27.0,1006.6,10.0,4.0
O100417,C01129,2025-06-19,delivered,electronics,card,5,22.0,1645.2,17.0,3.0
O100418,C00147,2024-05-14,processing,home,card,4,20.0,2242.34,18.0,
O100419,C01718,2025-10-15,completed,home,cash,2,15.0,220.98,19.0,2.0
O100420,C01476,2025-02-07,cancelled,electronics,wallet,2,21.0,4608.92,,
O100421,C01740,2024-07-18,processing,clothing,cash,1,4.0,264.08,1.0,
O100422,C00231,2025-10-04,delivered,electronics,card,5,28.0,1634.21,8.0,4.0
O100423,C01605,2025-03-17,delivered,electronics,card,5,7.0,2632.36,19.0,2.0
O100424,C00726,2024-11-05,delivered,toys,card,4,4.0,654.68,2.0,4.0
O100425,C01638,2026-07-12,processing,toys,card,1,21.0,376.79,11.0,
O100426,C01988,2024-08-22,completed,home,sbp,5,2.0,2819.52,7.0,4.0
O100427,C01760,2026-02-11,cancelled,clothing,card,2,9.0,3685.16,,
O100428,C01832,2026-07-31,completed,clothing,wallet,4,7.0,2208.27,14.0,3.0
O100429,C00228,2026-06-06,completed,electronics,card,3,29.0,1068.59,17.0,2.0
O100430,C00658,2026-02-06,delivered,clothing,card,1,7.0,200.24,16.0,2.0
O100431,C00586,2026-07-31,cancelled,beauty,cash,2,25.0,5452.3,,
O100432,C01028,2024-11-04,cancelled,clothing,card,1,18.0,523.93,,
O100433,C01953,2024-03-22,processing,clothing,card,1,17.0,526.33,20.0,
O100434,C01372,2025-07-28,delivered,electronics,card,2,21.0,328.97,6.0,5.0
O100435,C01090,2024-05-10,delivered,toys,card,1,19.0,749.79,19.0,1.0
O100436,C01610,2025-03-09,processing,electronics,card,4,8.0,1231.31,2.0,
O100437,C00353,2024-10-06,completed,clothing,wallet,4,28.0,6397.31,6.0,3.0
O100438,C01322,2025-05-16,completed,clothing,sbp,4,,2857.79,2.0,4.0
O100439,C01007,2026-07-28,completed,clothing,cash,3,9.0,1633.72,15.0,2.0
O100440,C00407,2025-09-22,delivered,home,card,2,9.0,342.03,14.0,3.0
O100441,C01292,2026-07-31,delivered,home,card,4,25.0,1822.09,8.0,
O100442,C01681,2026-07-31,cancelled,home,cash,4,,1661.11,,
O100443,C01657,2026-07-31,completed,electronics,card,2,13.0,1087.37,3.0,5.0
O100444,C01687,2025-07-27,cancelled,toys,card,2,0.0,203.8,,
O100445,C01625,2026-01-21,delivered,home,card,5,27.0,1190.09,7.0,4.0
O100446,C00938,2025-01-29,processing,beauty,card,4,12.0,1325.56,13.0,
O100447,C00099,2026-01-14,completed,electronics,card,3,2.0,2205.65,2.0,5.0
O100448,C01931,2024-07-28,Completed,toys,card,2,8.0,210.36,1.0,5.0
O100449,C00908,2024-06-21,cancelled,home,cash,2,22.0,2976.56,,
O100450,C01266,2024-11-13,delivered,clothing,card,2,0.0,2661.7,6.0,4.0
O100451,C00042,2026-02-12,Processing ,electronics,card,5,25.0,1112.0,1.0,
O100452,C01778,2024-11-02,completed,electronics,card,3,14.0,10655.56,17.0,2.0
O100453,C01777,2025-10-27,completed,beauty,cash,3,19.0,1788.78,4.0,4.0
O100454,C01857,2025-09-19,delivered,clothing,card,5,23.0,2258.09,15.0,1.0
O100455,C00348,2026-07-31,delivered,home,sbp,4,9.0,3170.25,20.0,2.0
O100456,C01686,2025-10-09,delivered,home,card,4,16.0,2753.89,8.0,4.0
O100457,C01250,2026-07-31,delivered,beauty,card,2,4.0,1082.37,19.0,1.0
O100458,C00293,2026-07-31,completed,clothing,card,2,15.0,413.86,4.0,4.0
O100459,C01142,2024-12-29,completed,toys,card,1,22.0,347.32,13.0,3.0
O100460,C00953,2026-06-26,cancelled,electronics,card,3,4.0,1967.36,,
O100461,C01252,2026-01-05,cancelled,beauty,card,2,3.0,1920.69,,
O100462,C00168,2024-09-17,delivered,clothing,card,3,3.0,4676.31,6.0,4.0
O100463,C01127,2026-05-12,delivered,electronics,card,3,26.0,1025.41,10.0,3.0
O100464,C01355,2025-01-31,processing,clothing,card,1,27.0,525.0,13.0,
O100465,C01432,2025-02-08,processing,beauty,card,3,15.0,871.63,10.0,
O100466,C01539,2026-05-28,delivered,home,sbp,4,17.0,4728.53,10.0,3.0
O100467,C01253,2024-03-23,completed,electronics,sbp,5,11.0,1920.55,9.0,3.0
O100468,C01403,2025-06-16,completed,electronics,card,2,15.0,615.73,3.0,5.0
O100469,C00181,2026-05-29,delivered,home,wallet,2,7.0,-1035.58,1.0,5.0
O100470,C01596,2024-10-01,completed,electronics,card,3,14.0,387.68,19.0,2.0
O100471,C00734,2026-07-31,completed,electronics,sbp,5,0.0,3798.17,7.0,4.0
O100472,C01096,2025-01-31,completed,home,wallet,1,,384.58,12.0,4.0
O100473,C01094,2025-08-12,processing,clothing,card,3,28.0,13530.04,11.0,
O100474,C01953,2024-05-03,completed,electronics,card,4,21.0,1201.99,3.0,5.0
O100475,C00651,2025-11-25,cancelled,clothing,wallet,1,18.0,397.87,,
O100476,C00769,2024-05-20,processing,home,card,1,7.0,1111.86,16.0,
O100477,C01521,2026-05-21,delivered,home,card,1,21.0,921.13,11.0,3.0
O100478,C01269,2026-07-03,completed,electronics,sbp,2,28.0,2257.2,15.0,2.0
O100479,C00636,2026-07-31,cancelled,clothing,card,1,30.0,393.94,,
O100480,C00689,2025-06-24,delivered,clothing,card,2,29.0,393.69,17.0,2.0
O100481,C01658,2026-07-31,completed,clothing,card,2,,8330.55,15.0,2.0
O100482,C01672,2026-03-16,delivered,electronics,wallet,4,6.0,2979.04,12.0,2.0
O100483,C00294,2025-10-17,completed,electronics,card,2,1.0,1180.52,20.0,1.0
O100484,C00800,2026-02-05,delivered,home,sbp,5,28.0,0.0,2.0,4.0
O100485,C01539,2025-12-04,processing,electronics,card,1,15.0,173.72,17.0,
O100486,C00238,2025-06-21,delivered,toys,cash,1,17.0,342.01,11.0,2.0
O100487,C00367,2025-07-29,processing,toys,card,5,13.0,1069.6,7.0,
O100488,C00318,2026-07-31,completed,clothing,card,1,20.0,563.14,16.0,3.0
O100489,C01057,2025-06-16,cancelled,home,card,2,1.0,327.22,,
O100490,C00902,2024-05-02,cancelled,home,card,4,10.0,3378.91,,
O100491,C00642,2026-07-31,completed,electronics,card,5,14.0,6350.36,18.0,2.0
O100492,C00272,2024-07-19,processing,clothing,cash,2,4.0,2466.45,12.0,
O100493,C01275,2026-07-31,processing,toys,card,2,,1401.76,5.0,
O100494,C01615,2024-07-11,completed,electronics,cash,1,21.0,574.66,15.0,4.0
O100495,C00426,2024-12-25,cancelled,home,sbp,3,3.0,1058.09,,
O100496,C01333,2025-01-25,completed,home,cash,2,25.0,1410.9,4.0,4.0
O100497,C01591,2025-11-07,Processing ,electronics,sbp,2,21.0,902.62,6.0,
O100498,C01115,2024-06-26,completed,clothing,card,2,2.0,220.84,7.0,3.0
O100499,C01148,2026-02-02,delivered,toys,wallet,5,10.0,1504.24,11.0,3.0
O100500,C00334,2026-06-01,completed,electronics,sbp,3,23.0,2786.26,13.0,3.0
O100501,C01915,2024-11-13,completed,electronics,card,3,17.0,600.66,1.0,5.0
O100502,C01914,2026-02-05,processing,electronics,cash,3,0.0,591.29,18.0,
O100503,C01424,2026-07-13,delivered,beauty,cash,3,19.0,1259.99,4.0,3.0
O100504,C01806,2024-12-18,cancelled,home,sbp,2,9.0,173.82,,
O100505,C01215,2024-06-21,completed,clothing,card,1,11.0,883.31,6.0,4.0
O100506,C01323,2026-04-26,completed,beauty,card,2,1.0,1645.98,20.0,1.0
O100507,C01659,2026-03-19,cancelled,toys,sbp,2,22.0,2102.51,,
O100508,C00077,2024-11-08,completed,electronics,wallet,2,8.0,1176.31,17.0,2.0
O100509,C00440,2025-05-06,delivered,beauty,card,1,20.0,249.06,15.0,2.0
O100510,C00407,2025-05-06,processing,clothing,card,5,13.0,920.94,11.0,
O100511,C01266,2024-03-02,completed,electronics,card,3,1.0,2297.04,20.0,3.0
O100512,C00485,2026-01-01,delivered,electronics,cash,3,3.0,2620.09,9.0,2.0
O100513,C00781,2026-07-31,delivered,clothing,card,5,4.0,1008.3,4.0,4.0
O100514,C00988,2025-01-21,completed,beauty,wallet,5,0.0,905.87,11.0,2.0
O100515,C01488,2024-04-25,delivered,clothing,card,2,1.0,970.61,14.0,3.0
O100516,C01035,2024-11-18,delivered,home,card,5,,2748.25,15.0,2.0
O100517,C00049,2026-07-31,completed,electronics,card,3,26.0,3122.87,5.0,4.0
O100518,C01374,2025-05-02,Processing ,electronics,card,3,28.0,2511.21,16.0,
O100519,C00856,2026-07-31,delivered,toys,card,5,10.0,2310.94,12.0,3.0
O100520,C00227,2026-01-15,delivered,beauty,cash,5,2.0,5641.16,5.0,3.0
O100521,C01304,2026-07-31,processing,clothing,card,5,16.0,1862.74,6.0,
O100522,C00541,2026-07-31,cancelled,electronics,card,1,22.0,384.97,,
O100523,C00922,2025-11-26,completed,electronics,card,1,16.0,971.28,10.0,3.0
O100524,C01935,2025-01-02,processing,toys,card,2,12.0,2120.05,11.0,
O100525,C00476,2026-07-31,cancelled,electronics,card,2,14.0,2164.9,,
O100526,C01771,2025-06-22,completed,electronics,card,4,3.0,1707.36,12.0,3.0
O100527,C00929,2025-09-23,completed,home,sbp,1,12.0,521.8,20.0,1.0
O100528,C01866,2025-11-23,completed,toys,card,2,3.0,492.78,14.0,3.0
O100529,C01700,2026-05-29,completed,electronics,cash,4,10.0,4049.11,6.0,4.0
O100530,C01665,2026-03-12,delivered,beauty,card,3,3.0,921.1,11.0,3.0
O100531,C00414,2025-03-27,completed,clothing,card,4,8.0,399.03,17.0,2.0
O100532,C01582,2025-06-10,processing,home,card,5,6.0,1731.23,19.0,
O100533,C00735,2024-11-19,delivered,electronics,card,5,7.0,1242.41,15.0,3.0
O100534,C01821,2025-05-12,completed,beauty,card,5,4.0,282.55,10.0,3.0
O100535,C01981,2025-12-28,processing,home,sbp,4,20.0,1245.77,11.0,
O100536,C01224,2026-06-21,delivered,toys,card,3,8.0,2764.4,16.0,3.0
O100537,C01826,2026-07-31,completed,clothing,card,4,21.0,2744.2,15.0,2.0
O100538,C01067,2026-07-31,completed,beauty,wallet,4,15.0,2740.09,11.0,3.0
O100539,C00068,2025-08-10,delivered,clothing,card,5,7.0,7707.77,8.0,4.0
O100540,C01748,2024-12-27,delivered,clothing,cash,4,6.0,1240.43,14.0,
O100541,C01061,2026-04-19,delivered,electronics,cash,3,4.0,591.28,13.0,3.0
O100542,C00089,2026-02-14,cancelled,beauty,card,3,26.0,2194.65,,
O100543,C00131,2025-10-13,delivered,clothing,card,5,23.0,3278.35,3.0,5.0
O100544,C01447,2026-07-31,cancelled,home,sbp,2,17.0,357.87,,
O100545,C01848,2025-06-01,delivered,home,card,2,2.0,855.99,16.0,2.0
O100546,C01395,2025-05-26,delivered,beauty,card,4,17.0,3032.35,16.0,1.0
O100547,C00884,2024-10-20,completed,home,card,4,17.0,2455.61,7.0,3.0
O100548,C00614,2025-04-26,delivered,home,card,2,29.0,1769.85,1.0,4.0
O100549,C00837,2026-03-02,completed,clothing,sbp,1,15.0,287.8,20.0,1.0
O100550,C00646,2025-10-24,delivered,home,sbp,4,,633.69,11.0,4.0
O100551,C00546,2024-12-26,completed,clothing,sbp,1,21.0,237.3,9.0,4.0
O100552,C00257,2026-03-04,delivered,beauty,card,1,14.0,983.86,4.0,5.0
O100553,C01138,2025-04-01,completed,beauty,wallet,1,24.0,1128.37,19.0,1.0
O100554,C00437,2025-11-18,delivered,clothing,cash,4,30.0,1723.77,11.0,4.0
O100555,C00290,2026-02-20,completed,electronics,card,4,28.0,6610.25,6.0,3.0
O100556,C00552,2025-03-14,processing,clothing,cash,3,18.0,1298.45,6.0,
O100557,C01598,2026-06-29,completed,beauty,sbp,1,,327.03,6.0,4.0
O100558,C01146,2026-02-08,delivered,toys,card,1,17.0,159.38,12.0,2.0
O100559,C00983,2026-02-12,delivered,electronics,card,3,1.0,1391.38,17.0,2.0
O100560,C01184,2025-12-26,completed,toys,card,5,20.0,5755.09,10.0,2.0
O100561,C01133,2026-07-31,cancelled,electronics,card,4,17.0,5437.67,,
O100562,C00996,2025-08-14,processing,toys,card,3,26.0,3477.37,14.0,
O100563,C01682,2024-04-08,cancelled,toys,card,3,11.0,2204.4,,
O100564,C01461,2026-02-11,processing,clothing,card,4,23.0,7070.46,18.0,
O100565,C00371,2025-05-28,completed,toys,cash,2,13.0,454.04,2.0,5.0
O100566,C01635,2025-06-10,processing,clothing,sbp,1,17.0,1271.58,4.0,
O100567,C00351,2025-05-15,cancelled,clothing,card,2,26.0,1234.15,,
O100568,C00157,2024-11-14,cancelled,beauty,card,1,10.0,583.16,,
O100569,C00842,2025-09-26,cancelled,electronics,cash,2,11.0,315.67,,
O100570,C00786,2025-11-15,delivered,electronics,card,5,13.0,3237.36,12.0,2.0
O100571,C01573,2026-03-13,delivered,electronics,sbp,3,16.0,3721.3,10.0,4.0
O100572,C01391,2025-08-28,delivered,home,card,3,1.0,269.25,9.0,4.0
O100573,C00118,2025-01-11,completed,home,sbp,4,4.0,3724.67,15.0,3.0
O100574,C00998,2025-07-09,delivered,beauty,card,2,16.0,158.39,15.0,3.0
O100575,C01591,2026-07-31,completed,beauty,cash,4,24.0,634.21,8.0,4.0
O100576,C01467,2025-10-06,delivered,beauty,card,3,1.0,1370.83,12.0,3.0
O100577,C01002,2026-02-03,delivered,home,card,3,15.0,5243.69,1.0,4.0
O100578,C99999,2026-07-31,completed,toys,card,2,25.0,889.51,16.0,3.0
O100579,C01124,2025-05-10,completed,electronics,card,5,10.0,3588.22,14.0,2.0
O100580,C00463,2025-11-20,completed,home,card,5,29.0,1189.82,6.0,5.0
O100581,C01129,2025-08-11,delivered,electronics,card,1,13.0,421.82,6.0,4.0
O100582,C01351,2024-05-16,completed,electronics,card,1,21.0,471.58,2.0,5.0
O100583,C00113,2025-05-23,completed,electronics,card,4,7.0,7256.6,10.0,3.0
O100584,,2025-06-04,completed,electronics,card,3,27.0,813.04,18.0,2.0
O100585,C00500,2025-02-11,completed,toys,card,4,17.0,1163.23,19.0,
O100586,C00016,2026-07-31,completed,clothing,card,2,14.0,2332.29,13.0,3.0
O100587,C01511,2025-06-01,completed,toys,card,4,6.0,1617.83,5.0,4.0
O100588,C00780,2026-07-31,delivered,clothing,card,1,24.0,539.44,4.0,4.0
O100589,C00825,2026-01-19,delivered,home,card,5,11.0,3489.76,7.0,3.0
O100590,C01249,2025-10-12,processing,clothing,card,4,29.0,1184.51,4.0,
O100591,C01122,2024-06-23,completed,toys,card,4,2.0,381.62,4.0,4.0
O100592,C01242,2026-06-30,completed,electronics,card,1,30.0,1164.59,4.0,3.0
O100593,C01890,2025-02-16,completed,home,card,5,9.0,2703.64,1.0,5.0
O100594,C01303,2026-07-31,delivered,toys,cash,2,0.0,354.8,1.0,
O100595,C00093,2026-07-31,completed,beauty,cash,1,11.0,918.26,9.0,3.0
O100596,C00445,2025-06-11,completed,beauty,card,3,10.0,7376.1,18.0,1.0
O100597,C00900,2026-05-10,delivered,electronics,card,5,24.0,6396.6,2.0,5.0
O100598,C00945,2025-04-23,completed,clothing,card,3,30.0,7811.6,17.0,1.0
O100599,C00723,2026-03-06,delivered,electronics,card,1,20.0,184.52,6.0,4.0
O100600,C00369,2024-11-24,delivered,clothing,cash,5,19.0,3008.12,15.0,3.0
O100601,C00213,2026-07-31,cancelled,electronics,cash,4,3.0,2618.0,,
O100602,C00290,2025-07-14,completed,beauty,card,4,7.0,1795.22,12.0,2.0
O100603,C01902,2025-12-16,completed,toys,cash,3,18.0,1137.3,1.0,5.0
O100604,C00792,2025-12-01,delivered,home,sbp,1,20.0,150.0,3.0,4.0
O100605,C01923,2026-07-15,completed,beauty,wallet,4,13.0,7633.4,13.0,3.0
O100606,C00670,2024-12-29,completed,clothing,card,1,25.0,150.0,12.0,3.0
O100607,C00623,2024-06-16,delivered,electronics,sbp,2,12.0,2030.65,8.0,4.0
O100608,C00980,2026-05-02,completed,home,card,3,27.0,1491.27,12.0,2.0
O100609,C01894,2026-07-31,completed,electronics,card,3,3.0,1442.63,8.0,4.0
O100610,C01127,2026-05-04,delivered,clothing,card,2,26.0,836.11,2.0,4.0
O100611,C00071,2026-06-18,cancelled,toys,card,1,18.0,577.79,,
O100612,C00544,2024-09-03,completed,clothing,card,1,29.0,822.73,3.0,4.0
O100613,C01962,2026-07-31,delivered,electronics,card,1,5.0,1055.06,7.0,3.0
O100614,C00310,2024-07-18,processing,electronics,cash,5,3.0,2227.68,10.0,
O100615,C01672,2026-04-11,completed,home,card,1,8.0,187.84,2.0,5.0
O100616,C01858,2026-02-24,delivered,electronics,cash,4,17.0,731.02,18.0,2.0
O100617,C00429,2024-11-26,completed,home,card,2,25.0,2262.65,18.0,1.0
O100618,C01118,2026-04-03,processing,clothing,card,2,24.0,793.22,2.0,
O100619,C01200,2026-04-10,completed,beauty,card,1,1.0,217.06,4.0,5.0
O100620,C01588,2024-05-11,completed,beauty,cash,1,13.0,272.22,7.0,4.0
O100621,C01597,2026-06-22,processing,electronics,card,5,24.0,2285.45,14.0,
O100622,C00121,2025-11-16,delivered,beauty,wallet,4,23.0,705.99,1.0,5.0
O100623,C00639,2026-02-06,completed,electronics,card,2,12.0,961.25,16.0,3.0
O100624,C01881,2025-01-18,cancelled,electronics,cash,3,12.0,4028.14,,
O100625,C00708,2026-03-10,cancelled,clothing,card,5,8.0,2240.57,,
O100626,C00492,2026-07-22,delivered,clothing,cash,2,8.0,239.63,10.0,4.0
O100627,C01258,2025-09-17,completed,toys,cash,5,15.0,4932.8,4.0,5.0
O100628,C00391,2026-04-05,completed,beauty,sbp,3,,3593.08,6.0,4.0
O100629,C00295,2026-03-24,processing,beauty,card,3,8.0,3747.88,19.0,
O100630,C01596,2024-10-09,completed,electronics,card,5,1.0,2582.81,1.0,5.0
O100631,C00237,2026-01-09,completed,home,card,3,26.0,9545.21,1.0,
O100632,C01783,2024-06-15,Processing ,home,wallet,1,25.0,887.83,10.0,
O100633,C00500,2025-02-11,completed,electronics,card,1,1.0,5387.51,9.0,3.0
O100634,C00214,2025-02-26,delivered,beauty,card,4,18.0,5811.34,16.0,2.0
O100635,C01483,2025-02-19,completed,beauty,card,4,20.0,5141.52,2.0,5.0
O100636,C00354,2025-02-06,completed,toys,card,5,,1497.14,11.0,3.0
O100637,C00734,2026-07-31,completed,toys,wallet,1,24.0,230.81,9.0,3.0
O100638,C00703,2024-11-02,completed,electronics,cash,3,19.0,1621.36,11.0,3.0
O100639,C01015,2025-10-17,Processing ,beauty,card,2,6.0,844.82,4.0,
O100640,C00947,2026-07-31,completed,toys,sbp,5,11.0,1602.58,19.0,2.0
O100641,C00391,2026-07-31,delivered,home,wallet,4,23.0,1776.1,19.0,2.0
O100642,C00470,2026-07-31,completed,electronics,cash,2,30.0,841.1,12.0,
O100643,C00389,2026-04-05,completed,clothing,card,4,13.0,1181.08,7.0,4.0
O100644,C00112,2026-06-09,delivered,electronics,cash,4,12.0,3334.4,6.0,4.0
O100645,C01301,2026-01-26,delivered,electronics,cash,2,30.0,540.13,16.0,2.0
O100646,C00942,2025-08-08,delivered,toys,sbp,3,7.0,1428.09,4.0,5.0
O100647,C00217,2024-10-04,processing,toys,cash,2,11.0,373.02,8.0,
O100648,C00663,2024-07-24,completed,toys,card,2,25.0,1067.65,3.0,3.0
O100649,C01336,2026-07-31,completed,electronics,card,1,9.0,578.86,11.0,4.0
O100650,C00571,2026-07-31,completed,home,card,4,20.0,913.45,10.0,3.0
O100651,C00802,2025-06-07,completed,clothing,card,3,27.0,1563.98,14.0,
O100652,C01488,2024-11-17,processing,clothing,cash,4,30.0,1822.64,17.0,
O100653,C01343,2025-04-04,delivered,clothing,wallet,5,20.0,1704.16,14.0,2.0
O100654,C01402,2024-09-07,cancelled,toys,card,2,3.0,686.83,,
O100655,C00764,2026-07-31,processing,beauty,card,1,23.0,705.03,18.0,
O100656,C00968,2024-11-15,cancelled,beauty,cash,2,28.0,1008.09,,
O100657,C01693,2026-01-21,completed,electronics,card,2,12.0,2120.19,7.0,3.0
O100658,C01745,2025-04-06,cancelled,clothing,card,3,23.0,645.17,,
O100659,C00112,2026-06-28,completed,home,sbp,5,15.0,2120.46,10.0,3.0
O100660,C01677,2025-03-06,completed,home,card,5,30.0,1507.05,18.0,2.0
O100661,C01787,2025-05-28,delivered,beauty,cash,4,30.0,2068.68,17.0,3.0
O100662,C99999,2026-07-07,processing,electronics,cash,4,18.0,2444.6,4.0,
O100663,C00538,2024-12-16,cancelled,electronics,cash,2,16.0,382.84,,
O100664,C01003,2026-01-24,completed,beauty,card,2,22.0,1583.76,11.0,3.0
O100665,C00086,2026-07-20,cancelled,clothing,card,5,23.0,13900.37,,
O100666,C00220,2026-06-27,delivered,clothing,card,2,5.0,1129.63,7.0,4.0
O100667,C01125,2026-05-26,Completed,beauty,card,2,30.0,492.21,6.0,4.0
O100668,C00413,2025-01-13,completed,home,card,5,20.0,1950.51,7.0,4.0
O100669,C00449,2026-01-16,CANCELED,home,cash,5,22.0,1900.93,,
O100670,C00594,2026-07-31,completed,electronics,card,4,4.0,1155.71,15.0,2.0
O100671,C00919,2024-10-09,cancelled,home,sbp,4,22.0,3513.87,,
O100672,C00306,2025-02-22,processing,clothing,sbp,4,6.0,458.41,18.0,
O100673,C01605,2025-01-21,completed,home,card,3,3.0,1838.29,4.0,
O100674,C01337,2026-03-09,completed,home,card,4,25.0,5534.06,18.0,2.0
O100675,C01584,2025-11-29,completed,electronics,card,1,6.0,1313.96,2.0,5.0
O100676,C01853,2025-12-04,cancelled,clothing,sbp,1,8.0,1118.34,,
O100677,C01201,2026-07-31,delivered,clothing,card,5,24.0,1452.95,5.0,5.0
O100678,C00724,2024-07-22,delivered,clothing,card,1,12.0,1581.35,1.0,5.0
O100679,C01956,2025-02-11,completed,electronics,cash,4,30.0,2642.8,19.0,1.0
O100680,C01132,2026-01-05,completed,beauty,card,2,16.0,3077.15,3.0,4.0
O100681,C00928,2025-07-30,processing,clothing,card,4,13.0,4682.3,13.0,
O100682,C00833,2026-01-20,delivered,clothing,card,3,20.0,1900.99,15.0,3.0
O100683,C00079,2025-07-08,completed,home,card,2,23.0,810.27,7.0,4.0
O100684,C01912,2026-07-31,completed,home,sbp,4,17.0,13063.54,18.0,2.0
O100685,C01639,2024-12-06,completed,clothing,cash,5,0.0,593.2,17.0,2.0
O100686,C01399,2024-11-16,completed,electronics,card,4,5.0,1715.61,1.0,5.0
O100687,,2025-01-04,completed,electronics,cash,2,3.0,320.16,12.0,2.0
O100688,C01857,2024-12-28,delivered,electronics,card,5,17.0,2705.47,14.0,3.0
O100689,C00353,2025-03-24,completed,electronics,card,5,2.0,3277.41,4.0,
O100690,C00484,2026-01-28,Processing ,home,cash,2,26.0,589.22,17.0,
O100691,C00141,2026-07-31,delivered,clothing,card,4,3.0,1251.53,13.0,4.0
O100692,C00577,2026-07-31,completed,electronics,cash,4,18.0,685.27,12.0,3.0
O100693,C00656,2026-01-04,delivered,home,card,4,1.0,2829.41,19.0,2.0
O100694,C01590,2024-10-11,cancelled,electronics,card,5,27.0,1696.59,,
O100695,C00653,2025-03-01,completed,toys,card,2,0.0,1381.71,2.0,5.0
O100696,C01912,2026-03-25,cancelled,home,cash,2,21.0,648.16,,
O100697,C00606,2025-12-01,completed,home,card,5,20.0,3002.42,20.0,2.0
O100698,C01050,2024-10-13,completed,electronics,sbp,1,15.0,890.39,11.0,3.0
O100699,C01187,2024-11-17,completed,clothing,card,1,13.0,722.56,9.0,5.0
O100700,C01659,2026-04-22,delivered,clothing,card,5,28.0,2915.97,3.0,5.0
O100701,C01504,2025-07-05,completed,toys,sbp,5,16.0,2268.13,10.0,2.0
O100702,C01736,2026-07-31,cancelled,electronics,card,1,4.0,721.8,,
O100703,C01876,2024-09-14,completed,clothing,card,5,10.0,1521.23,1.0,5.0
O100704,C00235,2025-04-14,delivered,beauty,card,4,18.0,1685.53,3.0,3.0
O100705,C00189,2024-08-30,completed,clothing,card,5,12.0,3250.97,6.0,5.0
O100706,C00899,2024-07-14,completed,home,cash,2,11.0,3370.81,13.0,4.0
O100707,C00301,2025-06-11,delivered,toys,cash,2,4.0,603.99,8.0,4.0
O100708,C00988,2025-10-13,completed,clothing,card,2,7.0,485.4,16.0,3.0
O100709,C01180,2024-10-13,completed,electronics,sbp,4,19.0,2476.16,20.0,2.0
O100710,C00553,2026-07-21,delivered,toys,card,5,,6471.34,17.0,2.0
O100711,C00197,2025-02-25,delivered,electronics,sbp,5,4.0,4716.64,15.0,2.0
O100712,C01930,2026-07-18,delivered,beauty,cash,2,6.0,1002.88,12.0,3.0
O100713,C00742,2026-01-16,completed,electronics,wallet,1,27.0,1313.57,19.0,1.0
O100714,C01679,2026-05-18,Processing ,electronics,sbp,3,11.0,347.4,5.0,
O100715,C01250,2026-07-31,completed,clothing,sbp,3,8.0,3320.15,15.0,2.0
O100716,C01325,2026-03-06,completed,beauty,wallet,1,16.0,383.24,18.0,2.0
O100717,C01562,2025-06-30,completed,electronics,sbp,5,8.0,4078.27,17.0,2.0
O100718,C00531,2026-01-27,completed,electronics,sbp,1,27.0,1103.66,6.0,4.0
O100719,C00436,2024-12-03,completed,electronics,card,3,,1726.04,1.0,5.0
O100720,C01994,2026-07-20,delivered,electronics,sbp,2,18.0,1042.38,18.0,1.0
O100721,C01336,2026-07-31,completed,electronics,cash,4,3.0,1441.01,18.0,2.0
O100722,C00585,2025-02-25,completed,toys,wallet,4,27.0,7627.34,13.0,3.0
O100723,C01292,2026-07-31,completed,home,cash,5,7.0,3245.47,17.0,1.0
O100724,C00788,2025-11-20,completed,clothing,card,1,24.0,588.68,11.0,3.0
O100725,C01720,2025-11-09,cancelled,electronics,card,2,30.0,3296.78,,
O100726,C01017,2025-08-06,completed,electronics,card,2,17.0,659.28,5.0,4.0
O100727,C00628,2025-02-28,completed,clothing,card,5,0.0,2017.51,15.0,2.0
O100728,C01381,2026-07-31,cancelled,clothing,cash,2,,2086.18,,
O100729,C01501,2025-12-17,completed,toys,card,3,15.0,6112.53,16.0,2.0
O100730,C00746,2025-11-20,completed,electronics,card,4,2.0,2042.48,1.0,
O100731,C01504,2025-09-19,cancelled,clothing,card,5,10.0,3356.67,,
O100732,C00469,2024-11-06,delivered,home,sbp,2,17.0,276.55,17.0,3.0
O100733,C00479,2026-05-06,processing,clothing,card,4,24.0,5497.59,5.0,
O100734,C01654,2026-04-22,cancelled,beauty,card,5,6.0,1035.78,,
O100735,C01243,2026-06-06,delivered,home,card,2,19.0,640.08,19.0,
O100736,C00071,2026-07-31,completed,electronics,card,5,21.0,2864.53,11.0,4.0
O100737,C01351,2025-01-23,delivered,beauty,cash,2,0.0,586.35,7.0,3.0
O100738,C00612,2025-04-10,completed,clothing,sbp,2,13.0,208.83,20.0,2.0
O100739,C00549,2026-01-15,delivered,electronics,card,4,2.0,733.43,3.0,5.0
O100740,C00849,2026-02-08,processing,home,sbp,2,25.0,1066.25,10.0,
O100741,C00904,2026-07-31,completed,home,cash,3,20.0,4893.38,14.0,3.0
O100742,C01784,2026-07-31,cancelled,electronics,card,4,,6117.66,,
O100743,C00872,2025-06-28,delivered,clothing,card,2,21.0,1337.78,8.0,3.0
O100744,C00594,2026-07-31,completed,beauty,card,2,28.0,1117.14,2.0,5.0
O100745,C01548,2026-07-31,cancelled,home,card,4,19.0,3730.93,,
O100746,C01086,2026-05-09,delivered,clothing,card,5,8.0,7115.06,9.0,3.0
O100747,C00002,2026-07-31,completed,clothing,wallet,1,20.0,541.12,12.0,2.0
O100748,C01265,2025-04-02,delivered,home,card,5,24.0,2781.02,19.0,2.0
O100749,C01003,2026-05-03,completed,home,wallet,1,25.0,579.89,20.0,1.0
O100750,C01150,2026-07-31,CANCELED,electronics,card,4,16.0,4420.37,,
O100751,C00369,2024-02-04,delivered,clothing,card,3,11.0,494.64,15.0,2.0
O100752,C00957,2025-07-05,cancelled,clothing,cash,1,13.0,499.25,,
O100753,C01294,2024-10-13,delivered,home,sbp,4,9.0,2715.62,13.0,4.0
O100754,C01354,2026-07-31,cancelled,home,wallet,1,6.0,150.0,,
O100755,C01361,2024-08-04,cancelled,home,card,2,25.0,2052.59,,
O100756,C01996,2024-03-05,completed,home,card,3,29.0,3496.64,14.0,1.0
O100757,C01003,2026-04-06,cancelled,clothing,card,4,10.0,415.47,,
O100758,C00860,2026-07-31,cancelled,beauty,card,2,18.0,708.01,,
O100759,C01085,2025-05-17,completed,toys,card,1,29.0,363.56,1.0,4.0
O100760,C00658,2026-04-01,completed,beauty,cash,4,11.0,967.98,13.0,2.0
O100761,C00631,2026-07-31,delivered,beauty,card,1,22.0,270.22,15.0,2.0
O100762,C01381,2026-07-31,processing,toys,sbp,3,25.0,973.29,11.0,
O100763,C00627,2025-08-15,processing,electronics,sbp,4,21.0,3210.72,16.0,
O100764,C01498,2026-06-08,delivered,clothing,card,4,15.0,5346.73,4.0,4.0
O100765,C01491,2025-06-23,cancelled,clothing,card,1,28.0,766.21,,
O100766,C01907,2024-11-19,delivered,clothing,cash,4,10.0,948.81,3.0,3.0
O100767,C00264,2026-07-31,cancelled,beauty,card,1,23.0,927.81,,
O100768,C00727,2026-01-05,delivered,clothing,card,1,7.0,798.87,8.0,3.0
O100769,C01544,2025-10-29,processing,electronics,card,2,1.0,150.0,7.0,
O100770,C00859,2026-06-26,processing,electronics,card,4,25.0,5314.63,13.0,
O100771,C01311,2025-06-03,completed,electronics,card,2,14.0,1096.6,15.0,3.0
O100772,C01471,2026-07-31,processing,clothing,card,5,20.0,2824.15,11.0,
O100773,C01769,2024-12-30,delivered,electronics,card,1,11.0,150.0,17.0,2.0
O100774,C00453,2025-11-30,completed,electronics,cash,3,14.0,5376.25,17.0,2.0
O100775,C00521,2025-07-15,completed,clothing,cash,3,13.0,1935.62,9.0,3.0
O100776,C00942,2025-02-22,delivered,home,card,3,18.0,2748.2,5.0,4.0
O100777,C01013,2025-03-23,completed,home,card,2,8.0,341.76,14.0,2.0
O100778,C01811,2024-11-01,completed,electronics,card,1,6.0,742.05,12.0,3.0
O100779,C00078,2024-10-22,delivered,toys,card,4,6.0,3015.92,8.0,
O100780,C00491,2026-07-31,completed,electronics,card,4,18.0,1740.36,19.0,1.0
O100781,C01826,2026-07-31,completed,home,sbp,4,16.0,700.47,11.0,3.0
O100782,C01230,2025-09-16,cancelled,beauty,card,5,30.0,2345.56,,
O100783,C01351,2024-08-07,completed,beauty,sbp,5,,1147.56,15.0,2.0
O100784,C00500,2025-06-02,delivered,clothing,card,4,7.0,1127.46,10.0,3.0
O100785,C01246,2026-07-31,completed,electronics,card,3,5.0,3739.25,3.0,5.0
O100786,C00740,2026-07-31,cancelled,beauty,sbp,1,6.0,528.16,,
O100787,C01466,2025-02-20,completed,home,sbp,2,8.0,923.76,1.0,5.0
O100788,C00182,2024-06-03,cancelled,beauty,card,2,23.0,384.82,,
O100789,C00569,2026-02-16,delivered,clothing,card,2,20.0,950.04,13.0,2.0
O100790,C01290,2026-05-15,cancelled,toys,card,5,8.0,2184.83,,
O100791,C01208,2026-07-31,delivered,toys,sbp,1,20.0,224.68,16.0,2.0
O100792,,2026-07-31,delivered,home,card,4,6.0,4695.21,1.0,4.0
O100793,C01602,2026-01-03,completed,toys,card,3,2.0,3389.08,13.0,3.0
O100794,C00029,2025-11-27,delivered,clothing,card,2,12.0,530.36,13.0,
O100795,C00181,2026-06-11,delivered,electronics,cash,4,2.0,2705.27,4.0,3.0
O100796,C00709,2025-12-27,delivered,home,card,4,25.0,447.7,20.0,2.0
O100797,C01918,2025-11-08,completed,home,card,5,15.0,3178.07,11.0,3.0
O100798,C00955,2026-02-25,delivered,clothing,sbp,1,19.0,920.65,15.0,2.0
O100799,C01784,2026-07-31,delivered,electronics,sbp,2,25.0,401.39,9.0,4.0
O100800,C00119,2025-04-30,delivered,home,cash,5,22.0,2493.53,13.0,4.0
O100801,C01927,2024-12-13,delivered,electronics,card,5,6.0,2728.54,19.0,2.0
O100802,C00123,2025-09-20,completed,beauty,card,2,11.0,9941.25,1.0,5.0
O100803,C01617,2026-03-08,delivered,toys,cash,3,30.0,11652.33,14.0,1.0
O100804,C01754,2025-01-19,completed,electronics,sbp,1,15.0,637.49,16.0,2.0
O100805,C00589,2026-07-31,cancelled,beauty,card,1,30.0,289.76,,
O100806,C00602,2026-07-31,cancelled,electronics,card,1,17.0,599.18,,
O100807,C01164,2025-05-21,completed,clothing,sbp,1,18.0,1213.2,8.0,3.0
O100808,C01445,2024-12-17,completed,toys,card,1,18.0,150.0,18.0,3.0
O100809,C00241,2024-10-08,delivered,electronics,wallet,2,29.0,184.93,7.0,4.0
O100810,C00474,2026-01-01,cancelled,electronics,card,4,,788.02,,
O100811,C01509,2026-07-31,completed,toys,cash,4,12.0,3627.03,3.0,5.0
O100812,C01615,2024-10-25,completed,electronics,card,4,14.0,3800.18,2.0,5.0
O100813,C00308,2026-04-21,completed,clothing,card,4,15.0,2807.73,15.0,2.0
O100814,C01780,2025-11-04,cancelled,clothing,wallet,4,6.0,4792.94,,
O100815,C01734,2026-06-23,completed,electronics,cash,2,21.0,852.25,11.0,3.0
O100816,C01736,2026-04-05,cancelled,electronics,card,2,11.0,793.45,,
O100817,C00482,2026-03-28,delivered,beauty,card,3,2.0,2011.61,2.0,5.0
O100818,C01339,2026-07-31,cancelled,clothing,card,4,11.0,7749.03,,
O100819,C00321,2024-10-21,Processing ,clothing,sbp,3,23.0,2053.97,9.0,
O100820,C00393,2025-04-19,delivered,home,card,5,23.0,2282.08,18.0,2.0
O100821,C00142,2024-08-27,delivered,clothing,card,2,29.0,1360.24,16.0,2.0
O100822,C00987,2026-02-25,delivered,clothing,card,4,29.0,6152.36,19.0,
O100823,C01423,2026-03-22,cancelled,toys,cash,4,17.0,1477.99,,
O100824,C00398,2024-12-15,delivered,beauty,card,4,17.0,1377.4,8.0,4.0
O100825,C00373,2025-06-20,completed,home,wallet,1,6.0,337.23,16.0,2.0
O100826,C00554,2025-03-30,processing,clothing,sbp,1,29.0,945.98,5.0,
O100827,C00396,2026-05-19,completed,beauty,wallet,4,4.0,1056.69,10.0,4.0
O100828,C01666,2025-05-13,processing,home,card,5,30.0,4113.25,2.0,
O100829,C00340,2026-07-31,completed,clothing,card,3,6.0,455.65,2.0,
O100830,C00557,2025-11-17,delivered,clothing,wallet,1,27.0,400.31,6.0,
O100831,C00612,2025-12-10,processing,electronics,card,5,6.0,2351.56,19.0,
O100832,C00406,2025-05-31,delivered,toys,wallet,5,22.0,10298.35,2.0,4.0
O100833,C01883,2024-07-22,delivered,home,card,5,26.0,5354.42,4.0,5.0
O100834,C00420,2025-07-19,completed,clothing,sbp,3,22.0,1111.93,9.0,3.0
O100835,C00974,2025-06-14,completed,clothing,sbp,4,4.0,1301.7,1.0,4.0
O100836,C01133,2026-04-19,completed,toys,cash,1,29.0,287.33,3.0,4.0
O100837,,2025-03-19,delivered,clothing,sbp,1,30.0,200.78,11.0,4.0
O100838,C00943,2026-07-31,completed,beauty,card,1,20.0,1794.68,18.0,1.0
O100839,C00341,,completed,beauty,card,3,24.0,807.36,3.0,4.0
O100840,C00966,2025-08-12,completed,toys,card,5,13.0,9760.72,6.0,3.0
O100841,C00038,2026-07-31,processing,clothing,wallet,1,22.0,533.48,1.0,
O100842,C00879,2026-03-20,cancelled,beauty,card,3,30.0,1383.85,,
O100843,C00730,2025-09-18,completed,clothing,card,4,19.0,2131.05,14.0,2.0
O100844,C00702,2025-12-03,processing,toys,card,3,8.0,3891.7,2.0,
O100845,C00221,2025-02-03,delivered,electronics,sbp,1,1.0,248.76,3.0,4.0
O100846,C01998,2026-07-26,completed,home,sbp,5,20.0,3699.64,3.0,5.0
O100847,C00055,2025-04-25,completed,clothing,wallet,5,22.0,2388.44,20.0,2.0
O100848,C00293,2026-07-31,cancelled,beauty,card,3,24.0,2041.11,,
O100849,C00206,2024-12-30,completed,electronics,cash,5,11.0,2092.0,17.0,1.0
O100850,C01956,2025-06-10,completed,electronics,card,5,22.0,1845.77,4.0,4.0
O100851,C00638,2025-06-27,processing,beauty,cash,4,3.0,3000.37,18.0,
O100852,C00862,2026-07-31,delivered,clothing,sbp,5,24.0,816.46,18.0,2.0
O100853,C01502,2025-05-11,cancelled,clothing,card,4,25.0,6011.56,,
O100854,C00101,2026-03-16,delivered,electronics,card,4,8.0,2148.78,14.0,2.0
O100855,C00134,2025-05-24,delivered,toys,card,1,10.0,317.48,11.0,3.0
O100856,C00366,2025-07-18,completed,home,card,1,25.0,661.74,7.0,4.0
O100857,C01358,2024-07-14,cancelled,home,card,1,18.0,282.7,,
O100858,C01957,2025-08-23,completed,beauty,card,5,15.0,2624.15,6.0,3.0
O100859,C01242,2026-07-31,completed,beauty,card,3,4.0,1582.29,12.0,3.0
O100860,C01745,2024-09-03,processing,clothing,card,4,25.0,5392.78,14.0,
O100861,C01764,2025-08-17,completed,electronics,card,3,3.0,1847.68,17.0,
O100862,C00553,2026-04-08,completed,home,cash,3,13.0,603.61,20.0,1.0
O100863,C00368,2025-02-11,completed,home,wallet,4,13.0,3137.73,4.0,4.0
O100864,C00321,2024-12-30,cancelled,electronics,card,4,22.0,3509.07,,
O100865,C01589,2026-05-03,processing,beauty,cash,5,1.0,678.33,3.0,
O100866,C01339,2026-07-07,completed,clothing,wallet,1,0.0,190.46,7.0,4.0
O100867,C01730,2024-05-15,completed,clothing,card,2,19.0,4919.74,14.0,3.0
O100868,C01015,2025-06-13,delivered,clothing,sbp,1,11.0,377.9,16.0,2.0
O100869,C01953,2025-01-05,delivered,toys,wallet,3,2.0,1155.22,4.0,5.0
O100870,C01789,2025-03-13,completed,electronics,sbp,4,24.0,1916.65,20.0,3.0
O100871,C01618,2025-04-29,completed,clothing,card,1,16.0,295.11,20.0,1.0
O100872,C01607,2024-06-08,delivered,clothing,card,4,,477.36,14.0,3.0
O100873,C00248,2025-07-28,completed,toys,card,1,11.0,200.78,3.0,4.0
O100874,C01490,2025-12-17,cancelled,clothing,cash,3,6.0,886.65,,
O100875,C01895,2025-01-09,completed,clothing,cash,5,10.0,1647.57,14.0,2.0
O100876,C00585,2025-09-11,cancelled,toys,card,4,28.0,1065.04,,
O100877,C01630,2024-05-16,delivered,home,card,4,23.0,597.51,16.0,2.0
O100878,C00701,2025-08-22,delivered,electronics,card,5,26.0,1582.26,1.0,5.0
O100879,C00425,2025-09-03,cancelled,electronics,cash,3,14.0,3607.68,,
O100880,C01462,2025-06-17,completed,home,card,1,27.0,287.86,2.0,5.0
O100881,C00331,2025-09-11,completed,clothing,card,3,6.0,1277.64,14.0,2.0
O100882,C00963,2026-07-31,delivered,electronics,card,2,20.0,3128.24,15.0,2.0
O100883,C01873,2026-05-04,cancelled,clothing,card,5,12.0,1421.58,,
O100884,C00314,2025-06-19,cancelled,toys,cash,2,5.0,11371.15,,
O100885,C00312,2026-06-23,completed,home,card,3,11.0,3017.49,20.0,2.0
O100886,C01886,2025-06-02,cancelled,home,card,5,20.0,2620.83,,
O100887,C01555,2025-12-07,completed,electronics,sbp,4,16.0,1616.22,3.0,4.0
O100888,C00924,2024-12-11,completed,clothing,card,1,27.0,1441.83,20.0,1.0
O100889,C00811,2024-07-04,completed,toys,card,5,20.0,1415.0,3.0,4.0
O100890,C01928,2024-09-03,processing,home,wallet,2,17.0,697.14,17.0,
O100891,C01448,2026-07-31,delivered,electronics,cash,4,9.0,7130.34,7.0,
O100892,C01817,2024-11-17,delivered,home,card,5,24.0,1824.44,6.0,5.0
O100893,C00184,2026-05-14,delivered,electronics,cash,5,9.0,1696.1,2.0,5.0
O100894,C01061,2026-06-04,completed,clothing,card,4,4.0,1160.22,6.0,4.0
O100895,C01451,2025-02-09,completed,electronics,cash,4,24.0,420.06,3.0,4.0
O100896,C00072,2024-12-02,completed,beauty,sbp,1,22.0,1109.72,11.0,
O100897,C01024,2026-03-07,completed,home,card,5,5.0,2380.46,8.0,3.0
O100898,C00112,2026-07-31,delivered,clothing,cash,5,30.0,5797.39,6.0,4.0
O100899,C01801,2024-03-17,completed,clothing,card,2,20.0,860.95,1.0,3.0
O100900,C01362,2024-03-28,cancelled,beauty,card,1,16.0,351.54,,
O100901,C00377,2026-02-01,cancelled,electronics,card,5,30.0,1449.1,,
O100902,C01043,2025-07-25,processing,electronics,wallet,3,22.0,2554.96,4.0,
O100903,C00219,2025-05-31,completed,beauty,card,1,24.0,258.95,20.0,1.0
O100904,C01608,2026-05-12,delivered,beauty,sbp,2,17.0,1340.43,17.0,2.0
O100905,C00393,2025-11-03,completed,electronics,card,4,8.0,2032.03,15.0,3.0
O100906,C01215,2024-07-29,completed,electronics,card,4,2.0,855.94,3.0,4.0
O100907,C00158,2026-05-22,delivered,home,sbp,4,,1377.03,7.0,5.0
O100908,C00316,2025-09-25,completed,electronics,card,2,7.0,993.47,6.0,5.0
O100909,C01961,2026-03-28,delivered,home,wallet,4,8.0,1537.48,3.0,4.0
O100910,C00772,2026-07-31,cancelled,home,cash,5,9.0,11222.25,,
O100911,C00246,2025-02-25,completed,home,sbp,1,0.0,594.67,10.0,4.0
O100912,C01400,2025-04-01,processing,clothing,card,3,9.0,1263.62,6.0,
O100913,C00402,2026-07-31,completed,beauty,card,4,18.0,1474.1,12.0,2.0
O100914,C01179,2025-04-19,processing,toys,card,2,16.0,820.37,11.0,
O100915,C01620,2026-07-31,delivered,home,wallet,4,14.0,1212.03,6.0,4.0
O100916,C01367,2025-09-07,completed,clothing,card,5,,1275.33,16.0,2.0
O100917,C00494,2026-06-17,completed,toys,cash,5,18.0,3977.18,12.0,4.0
O100918,C00474,2025-08-12,Completed,clothing,cash,4,17.0,6756.71,20.0,2.0
O100919,C00445,2025-12-24,CANCELED,electronics,sbp,4,24.0,1374.34,,
O100920,C01264,2026-07-31,completed,electronics,wallet,3,,2084.15,15.0,3.0
O100921,C99999,2025-01-21,cancelled,clothing,sbp,1,7.0,289.62,,
O100922,C01042,2026-03-29,completed,electronics,card,3,27.0,1606.2,2.0,5.0
O100923,C00798,2025-05-09,processing,beauty,sbp,4,11.0,691.94,9.0,
O100924,C00125,2026-07-31,completed,electronics,card,3,28.0,746.81,9.0,3.0
O100925,C01671,2026-02-23,delivered,clothing,cash,5,14.0,1209.66,11.0,4.0
O100926,C01321,2024-12-07,cancelled,beauty,card,3,21.0,1316.1,,
O100927,C01277,2026-07-20,completed,electronics,sbp,1,23.0,193.27,3.0,4.0
O100928,C00208,2026-07-31,completed,home,card,5,12.0,410.36,15.0,2.0
O100929,C00577,2026-07-11,delivered,toys,sbp,3,14.0,494.01,5.0,5.0
O100930,C00608,2026-02-20,delivered,electronics,card,1,10.0,428.53,10.0,3.0
O100931,C01196,2025-08-11,cancelled,clothing,cash,4,6.0,1045.52,,
O100932,C01575,2025-02-02,completed,electronics,card,2,30.0,620.08,18.0,2.0
O100933,C01733,2026-01-04,cancelled,home,card,4,27.0,2435.43,,
O100934,C01045,2026-05-29,processing,clothing,wallet,4,2.0,1021.92,12.0,
O100935,C00729,2025-09-12,cancelled,toys,cash,5,1.0,2310.85,,
O100936,C00817,2024-09-03,completed,home,card,5,24.0,13612.85,6.0,4.0
O100937,C01473,2025-07-02,CANCELED,home,card,4,19.0,1453.15,,
O100938,C00637,2025-02-11,processing,toys,sbp,1,22.0,418.04,6.0,
O100939,C00832,2025-07-14,delivered,electronics,card,5,9.0,3340.26,14.0,1.0
O100940,C01573,2026-07-31,delivered,beauty,card,1,18.0,256.17,12.0,3.0
O100941,C01087,2026-06-02,processing,home,sbp,3,15.0,920.78,10.0,
O100942,C00936,2026-07-31,completed,home,card,5,1.0,2282.69,9.0,3.0
O100943,C01468,2025-11-05,cancelled,home,cash,5,29.0,2877.59,,
O100944,C00578,2025-12-06,delivered,electronics,card,5,29.0,1170.36,4.0,4.0
O100945,C00122,2026-04-06,cancelled,beauty,cash,1,18.0,770.1,,
O100946,C01577,2025-05-27,cancelled,home,card,4,3.0,6792.79,,
O100947,C00910,2024-10-01,delivered,beauty,card,1,20.0,150.0,11.0,3.0
O100948,C00651,2025-06-07,completed,beauty,wallet,3,7.0,2022.0,19.0,1.0
O100949,C00191,2025-11-12,processing,clothing,sbp,2,20.0,916.05,14.0,
O100950,C01853,2025-12-28,cancelled,toys,wallet,2,6.0,777.04,,
O100951,C01451,2024-12-31,completed,electronics,sbp,4,22.0,2558.85,18.0,2.0
O100952,C00549,2025-11-25,processing,electronics,card,5,14.0,7426.83,13.0,
O100953,C01216,2025-02-24,completed,clothing,cash,2,13.0,1210.56,5.0,5.0
O100954,C00929,2025-08-22,completed,electronics,card,4,30.0,4245.6,15.0,3.0
O100955,C00654,2026-07-31,processing,home,card,4,0.0,1910.47,17.0,
O100956,C00624,2025-10-24,delivered,electronics,card,4,28.0,2639.53,6.0,4.0
O100957,C00153,2026-07-31,cancelled,home,card,2,27.0,637.81,,
O100958,C01950,2025-09-21,cancelled,toys,card,5,29.0,2539.58,,
O100959,C01852,2025-07-15,delivered,beauty,card,4,17.0,1585.62,14.0,3.0
O100960,C01742,2026-03-12,completed,clothing,cash,5,0.0,2683.54,15.0,2.0
O100961,C00631,2026-07-31,cancelled,toys,wallet,2,28.0,262.16,,
O100962,C01994,2025-10-10,delivered,beauty,card,1,20.0,201.93,6.0,4.0
O100963,C00551,2026-02-11,delivered,beauty,card,4,,5098.94,13.0,3.0
O100964,C01649,2026-07-31,delivered,electronics,card,1,7.0,1503.06,10.0,3.0
O100965,C00203,2025-11-03,completed,home,cash,1,23.0,150.0,6.0,4.0
O100966,C00621,2025-08-30,completed,electronics,card,2,5.0,626.12,11.0,2.0
O100967,C01155,2025-07-23,delivered,electronics,cash,1,20.0,270.89,8.0,4.0
O100968,C01936,2024-10-18,cancelled,electronics,card,5,21.0,3017.29,,
O100969,C00532,2025-03-21,delivered,home,sbp,5,29.0,2304.05,13.0,2.0
O100970,C00865,2026-07-31,completed,electronics,cash,3,27.0,2547.34,6.0,3.0
O100971,C01686,2025-05-22,completed,clothing,card,4,24.0,668.67,11.0,3.0
O100972,C00945,2024-10-07,cancelled,home,wallet,4,22.0,2607.78,,
O100973,C01366,2024-04-07,completed,clothing,card,5,13.0,1886.26,2.0,5.0
O100974,C00837,2026-07-31,Completed,clothing,card,2,19.0,546.4,15.0,2.0
O100975,C00008,2026-02-24,delivered,beauty,card,4,8.0,2806.43,13.0,3.0
O100976,C00567,2024-11-05,completed,toys,card,3,24.0,1213.05,9.0,4.0
O100977,C01132,2025-12-03,delivered,beauty,wallet,3,12.0,1363.81,12.0,2.0
O100978,C00039,2025-01-16,cancelled,home,card,2,26.0,2870.45,,
O100979,C00464,2025-02-25,Completed,electronics,sbp,4,5.0,2086.02,15.0,3.0
O100980,C01907,2024-11-04,CANCELED,electronics,cash,5,2.0,11677.48,,
O100981,C00031,2025-10-01,completed,clothing,cash,5,7.0,382.08,18.0,3.0
O100982,,2025-08-31,delivered,toys,card,3,13.0,1466.98,14.0,2.0
O100983,C01239,2025-04-01,processing,electronics,card,1,5.0,202.5,4.0,
O100984,C01127,2026-07-31,delivered,electronics,sbp,5,16.0,1172.59,10.0,
O100985,C00410,2024-03-09,processing,beauty,card,1,1.0,291.64,14.0,
O100986,C00120,2025-04-04,delivered,home,wallet,1,24.0,1030.77,10.0,3.0
O100987,C01800,2025-11-21,completed,clothing,card,5,12.0,1779.53,8.0,3.0
O100988,C01102,2025-11-30,completed,beauty,card,2,25.0,395.4,10.0,3.0
O100989,C01147,2025-05-21,delivered,home,wallet,3,,2505.87,5.0,4.0
O100990,C00116,2026-01-08,delivered,toys,cash,1,27.0,191.35,1.0,
O100991,C00419,2025-02-13,delivered,clothing,card,2,,3754.69,15.0,2.0
O100992,C00146,2026-07-31,delivered,clothing,sbp,2,16.0,350.84,18.0,2.0
O100993,C01959,2026-06-10,completed,electronics,card,2,19.0,783.13,11.0,3.0
O100994,C01540,2026-05-30,completed,clothing,card,4,6.0,9189.53,12.0,4.0
O100995,C01093,2026-07-31,delivered,electronics,card,4,30.0,1520.21,18.0,2.0
O100996,C01362,2024-11-20,delivered,electronics,wallet,1,27.0,691.53,13.0,3.0
O100997,C00331,2025-08-10,cancelled,electronics,wallet,5,14.0,2257.05,,
O100998,C01977,2026-07-31,completed,clothing,sbp,3,29.0,1476.68,9.0,4.0
O100999,C01035,2025-01-08,cancelled,electronics,card,4,8.0,1024.03,,
O101000,C01034,2025-05-20,completed,electronics,cash,1,29.0,708.08,10.0,3.0
O101001,C01919,2026-01-06,completed,clothing,card,2,19.0,2849.83,11.0,3.0
O101002,C00192,2026-05-14,cancelled,electronics,card,5,0.0,521.01,,
O101003,C00849,2026-07-31,processing,electronics,sbp,5,21.0,1176.11,16.0,
O101004,C00177,2025-12-09,processing,toys,card,1,25.0,316.68,20.0,
O101005,C00851,2026-07-31,completed,clothing,card,4,9.0,969.18,11.0,3.0
O101006,C00535,2025-09-06,completed,beauty,cash,4,19.0,3295.9,8.0,
O101007,C00923,2025-05-11,cancelled,electronics,sbp,1,12.0,303.45,,
O101008,C01404,2024-12-13,cancelled,clothing,card,5,30.0,2628.59,,
O101009,C00561,2025-05-29,delivered,electronics,cash,1,29.0,1624.38,13.0,3.0
O101010,C99999,2026-05-20,completed,clothing,wallet,5,17.0,586.15,6.0,3.0
O101011,C00324,2026-07-31,delivered,beauty,card,1,16.0,634.98,11.0,3.0
O101012,C01432,2025-04-29,completed,beauty,sbp,4,2.0,1786.67,15.0,3.0
O101013,C01158,2026-07-31,completed,clothing,card,2,30.0,895.45,13.0,2.0
O101014,C01958,2025-08-22,Processing ,electronics,card,4,20.0,955.51,12.0,
O101015,C01789,2025-07-11,completed,home,card,4,15.0,1453.63,16.0,3.0
O101016,C00323,2026-06-14,delivered,home,card,3,10.0,1468.9,3.0,5.0
O101017,C01472,2025-10-18,delivered,clothing,sbp,4,5.0,1701.09,20.0,1.0
O101018,C00181,2026-05-25,completed,clothing,card,4,,3442.62,11.0,4.0
O101019,C00193,2025-07-30,completed,clothing,card,2,24.0,410.74,5.0,4.0
O101020,C01587,2026-07-31,processing,clothing,card,5,8.0,805.9,1.0,
O101021,C00802,2024-11-04,delivered,clothing,sbp,1,26.0,150.0,13.0,3.0
O101022,C01996,2024-12-11,cancelled,electronics,card,3,30.0,1655.2,,
O101023,C00011,2025-07-01,completed,home,card,4,0.0,3609.97,13.0,3.0
O101024,C01006,2026-07-31,delivered,clothing,wallet,4,25.0,770.94,1.0,5.0
O101025,C00616,2026-07-26,processing,clothing,card,2,7.0,358.92,5.0,
O101026,C01971,2026-03-08,completed,clothing,sbp,5,15.0,11162.15,14.0,2.0
O101027,C01339,2026-03-20,completed,home,card,5,13.0,6845.47,20.0,1.0
O101028,C01544,2026-02-23,processing,clothing,card,1,10.0,1432.25,12.0,
O101029,C00581,2025-01-18,completed,electronics,card,1,28.0,651.56,16.0,2.0
O101030,C01789,2026-02-01,completed,clothing,sbp,3,6.0,2599.12,19.0,2.0
O101031,C01682,2024-01-19,processing,electronics,cash,1,27.0,391.65,5.0,
O101032,C01569,2026-07-31,completed,clothing,card,1,26.0,157.75,9.0,4.0
O101033,C00955,2026-04-13,delivered,clothing,sbp,5,20.0,821.3,20.0,1.0
O101034,C01844,2026-07-31,CANCELED,clothing,sbp,3,22.0,1482.02,,
O101035,C01339,2026-07-31,cancelled,clothing,card,5,23.0,5163.88,,
O101036,C00132,2026-04-13,completed,electronics,card,4,21.0,1723.84,5.0,5.0
O101037,C01768,2025-05-08,completed,clothing,card,4,4.0,3208.32,6.0,3.0
O101038,C00042,2026-05-12,cancelled,electronics,card,2,11.0,917.25,,
O101039,C01366,2024-04-29,cancelled,toys,sbp,4,17.0,2514.42,,
O101040,C00500,2025-09-04,completed,home,cash,1,15.0,912.95,2.0,5.0
O101041,C01795,2026-01-06,completed,home,sbp,2,24.0,2857.86,3.0,5.0
O101042,C01460,2025-08-09,delivered,electronics,sbp,5,29.0,3095.53,20.0,2.0
O101043,C01617,2026-02-07,completed,toys,sbp,4,7.0,9300.25,2.0,4.0
O101044,C01400,2024-10-23,Completed,home,sbp,2,25.0,817.84,17.0,1.0
O101045,C01135,2025-08-01,processing,clothing,wallet,5,,7103.9,19.0,
O101046,C01728,2025-10-14,completed,home,cash,3,29.0,2355.75,7.0,4.0
O101047,C00595,2025-10-06,processing,clothing,sbp,4,18.0,455.69,18.0,
O101048,C01057,2025-05-16,cancelled,toys,sbp,1,29.0,1526.77,,
O101049,,2025-11-06,delivered,electronics,card,1,28.0,999999.99,14.0,2.0
O101050,C00228,2026-02-13,processing,beauty,card,5,0.0,2019.0,19.0,
O101051,C01751,2026-07-31,completed,toys,cash,5,30.0,4954.02,8.0,4.0
O101052,C00995,2025-08-04,processing,clothing,card,2,30.0,543.22,7.0,
O101053,C00108,2025-10-14,completed,beauty,card,5,13.0,2327.57,16.0,2.0
O101054,C01651,2024-08-18,delivered,electronics,card,5,13.0,4168.06,11.0,4.0
O101055,C01883,2024-08-30,delivered,home,card,2,14.0,510.49,10.0,3.0
O101056,C01324,2026-04-19,completed,clothing,card,2,17.0,816.05,17.0,2.0
O101057,C00655,2025-11-02,delivered,clothing,card,3,19.0,1114.17,20.0,2.0
O101058,C01719,2025-09-03,delivered,clothing,sbp,2,2.0,2130.93,4.0,4.0
O101059,C01478,2025-08-28,delivered,home,cash,2,1.0,3455.77,1.0,5.0
O101060,C00570,2026-05-01,delivered,home,card,2,1.0,408.75,15.0,2.0
O101061,C00661,2024-09-25,completed,electronics,card,4,16.0,2097.44,1.0,5.0
O101062,C01976,2024-10-10,completed,clothing,card,3,17.0,971.96,15.0,3.0
O101063,,2025-08-15,completed,electronics,card,5,19.0,2525.66,8.0,4.0
O101064,C01353,2025-04-07,processing,home,sbp,5,7.0,10125.55,2.0,
O101065,C00073,2025-12-08,cancelled,electronics,cash,1,3.0,667.71,,
O101066,C00460,2024-05-08,delivered,clothing,card,4,8.0,1256.22,19.0,1.0
O101067,C00707,2024-07-27,delivered,toys,card,4,25.0,659.64,14.0,3.0
O101068,C01072,2025-05-08,delivered,toys,wallet,1,13.0,1095.84,15.0,2.0
O101069,C01735,2026-07-31,completed,clothing,wallet,4,16.0,1365.05,7.0,4.0
O101070,C01697,2025-09-23,completed,electronics,cash,3,3.0,794.58,10.0,2.0
O101071,C00549,2025-11-27,delivered,home,card,5,26.0,3142.06,2.0,5.0
O101072,C00218,2024-10-24,completed,clothing,card,3,,2349.16,999.0,1.0
O101073,C00552,2025-09-17,cancelled,electronics,card,3,17.0,1100.8,,
O101074,C00471,2026-07-31,completed,toys,card,4,30.0,924.77,7.0,4.0
O101075,C01798,2024-08-06,delivered,clothing,cash,4,9.0,5890.76,12.0,3.0
O101076,C00029,2025-10-10,completed,clothing,card,4,14.0,3405.42,12.0,3.0
O101077,C01662,2026-05-18,delivered,clothing,wallet,3,11.0,3256.52,1.0,5.0
O101078,C01314,2026-07-06,processing,beauty,cash,3,9.0,1111.03,20.0,
O101079,C00212,2026-04-11,completed,beauty,wallet,5,29.0,1268.65,17.0,2.0
O101080,C01371,2026-07-31,completed,electronics,sbp,5,22.0,1608.79,2.0,5.0
O101081,C01161,2026-05-22,delivered,home,card,2,13.0,291.26,16.0,2.0
O101082,C00008,2025-12-27,completed,beauty,cash,4,18.0,1508.21,4.0,4.0
O101083,C00447,2025-09-26,completed,home,sbp,1,15.0,287.07,10.0,2.0
O101084,C00697,2026-07-06,delivered,electronics,card,2,29.0,926.1,10.0,3.0
O101085,C00431,2024-03-28,completed,clothing,card,3,23.0,1537.38,4.0,3.0
O101086,C01158,2026-07-31,completed,beauty,card,2,9.0,1059.67,10.0,2.0
O101087,C01231,2026-06-08,completed,electronics,card,5,25.0,1542.49,11.0,3.0
O101088,C00340,2026-07-31,delivered,clothing,cash,5,12.0,952.26,7.0,4.0
O101089,C00248,2025-07-25,processing,home,card,1,28.0,155.44,13.0,
O101090,C01311,2025-11-19,completed,home,card,2,0.0,1152.21,5.0,4.0
O101091,C00940,2025-10-21,completed,electronics,cash,1,21.0,549.1,19.0,1.0
O101092,C00531,2025-07-19,delivered,electronics,sbp,1,19.0,161.8,18.0,2.0
O101093,C00512,2026-07-31,cancelled,home,card,3,9.0,4627.55,,
O101094,C00079,2025-09-30,completed,electronics,sbp,4,19.0,3843.33,9.0,2.0
O101095,C01708,2026-06-02,delivered,clothing,wallet,4,4.0,870.53,16.0,3.0
O101096,C01684,2026-07-20,delivered,clothing,card,3,4.0,1828.04,10.0,4.0
O101097,C01109,2026-07-31,completed,electronics,card,3,14.0,1324.94,11.0,3.0
O101098,C00699,2024-03-23,completed,clothing,card,2,26.0,1216.84,16.0,2.0
O101099,C00431,2025-02-24,delivered,toys,cash,5,2.0,2827.18,2.0,5.0
O101100,C00615,2026-04-24,completed,clothing,sbp,5,7.0,4216.56,11.0,3.0
O101101,C01853,2026-02-16,completed,electronics,card,2,28.0,3217.94,17.0,2.0
O101102,C00178,2025-01-26,delivered,electronics,sbp,1,13.0,626.0,11.0,3.0
O101103,C01646,2024-09-28,completed,clothing,card,3,30.0,2264.19,12.0,3.0
O101104,C00609,2026-07-31,completed,clothing,sbp,4,6.0,6362.36,15.0,3.0
O101105,C00531,2026-06-18,CANCELED,beauty,card,2,16.0,640.9,,
O101106,C01620,2026-07-31,cancelled,home,card,2,11.0,467.17,,
O101107,C01923,2026-03-07,cancelled,clothing,wallet,1,1.0,843.5,,
O101108,C01984,2025-12-12,completed,clothing,cash,4,27.0,740.98,11.0,3.0
O101109,C00536,2024-12-01,completed,clothing,card,5,9.0,1291.22,12.0,4.0
O101110,C01183,2026-04-26,processing,electronics,sbp,4,2.0,6570.08,17.0,
O101111,C00586,2026-07-21,delivered,clothing,card,5,12.0,623.36,9.0,3.0
O101112,C00387,2024-05-12,delivered,electronics,wallet,1,16.0,627.84,18.0,
O101113,C00772,2026-07-31,completed,clothing,card,5,12.0,777.18,2.0,5.0
O101114,C00125,2026-07-26,completed,clothing,card,5,9.0,3421.58,6.0,3.0
O101115,C00330,2025-06-03,completed,beauty,card,2,21.0,4268.74,18.0,1.0
O101116,C01192,2024-10-01,cancelled,electronics,card,4,21.0,876.65,,
O101117,C01375,2026-06-14,processing,toys,card,1,30.0,150.0,19.0,
O101118,C00541,2026-05-01,completed,clothing,card,5,4.0,3277.12,4.0,4.0
O101119,C01115,2024-10-13,delivered,home,cash,1,0.0,298.25,19.0,2.0
O101120,C01530,2026-04-22,cancelled,home,card,1,26.0,425.27,,
O101121,C01789,2026-02-04,cancelled,beauty,sbp,4,29.0,2638.76,,
O101122,C01137,2026-07-03,delivered,home,card,4,20.0,3092.22,2.0,5.0
O101123,C00482,2026-07-31,completed,electronics,sbp,5,28.0,3895.79,2.0,5.0
O101124,C01426,2026-04-11,processing,clothing,cash,5,18.0,2410.21,8.0,
O101125,C00341,2026-04-16,completed,toys,sbp,1,26.0,698.25,13.0,2.0
O101126,C00279,2025-02-08,completed,clothing,card,4,14.0,1695.8,6.0,3.0
O101127,C00718,2025-11-25,completed,beauty,sbp,2,13.0,757.46,17.0,2.0
O101128,C00658,2025-11-15,delivered,beauty,cash,5,17.0,-2431.86,5.0,4.0
O101129,C00293,2026-07-31,completed,clothing,wallet,2,12.0,1563.92,20.0,2.0
O101130,C00105,2026-07-31,delivered,beauty,card,3,11.0,880.94,16.0,3.0
O101131,C01893,2026-03-17,processing,clothing,sbp,2,14.0,1170.29,12.0,
O101132,C01355,2024-10-07,delivered,electronics,cash,4,19.0,1365.23,8.0,4.0
O101133,C01435,2024-11-26,processing,home,wallet,5,20.0,1367.41,8.0,
O101134,C00133,2024-11-12,processing,beauty,card,3,0.0,3428.04,2.0,
O101135,C01593,2025-05-31,cancelled,clothing,card,2,8.0,1326.16,,
O101136,C00729,2025-05-08,delivered,electronics,sbp,2,7.0,1335.99,4.0,
O101137,C01497,2026-04-25,cancelled,home,card,4,12.0,925.2,,
O101138,C00981,2026-01-08,delivered,home,cash,4,19.0,1618.11,3.0,4.0
O101139,C00486,2024-10-29,completed,home,card,2,29.0,1593.59,17.0,3.0
O101140,C00525,2025-09-27,processing,clothing,wallet,2,22.0,1327.32,1.0,
O101141,C00282,2025-11-28,delivered,clothing,card,5,2.0,19170.37,19.0,3.0
O101142,C01660,2024-10-05,processing,clothing,card,5,21.0,2937.62,20.0,
O101143,C00859,2026-06-30,completed,electronics,sbp,2,6.0,578.92,5.0,4.0
O101144,C01561,2024-10-13,completed,beauty,card,4,22.0,1391.54,17.0,2.0
O101145,C01659,2026-07-31,cancelled,electronics,card,1,,248.34,,
O101146,C00334,2026-06-18,delivered,clothing,sbp,5,10.0,1469.01,10.0,3.0
O101147,C00662,2026-02-16,completed,beauty,card,2,18.0,1067.34,17.0,3.0
O101148,C00249,2026-01-06,cancelled,clothing,card,4,6.0,1360.06,,
O101149,C00020,2026-01-19,delivered,beauty,card,4,16.0,5739.68,10.0,
O101150,C01974,2025-05-30,completed,electronics,card,5,13.0,4985.28,8.0,3.0
O101151,C01321,2024-11-21,delivered,clothing,wallet,5,2.0,4918.17,6.0,4.0
O101152,C00904,2026-07-31,completed,home,sbp,2,11.0,805.64,9.0,3.0
O101153,C00401,2026-07-31,delivered,beauty,sbp,3,14.0,3070.72,3.0,5.0
O101154,C01182,2026-07-31,completed,home,sbp,4,17.0,4468.45,11.0,3.0
O101155,C01086,2026-07-31,completed,electronics,sbp,3,6.0,5299.11,4.0,4.0
O101156,C00446,2026-03-08,processing,electronics,card,2,25.0,639.21,6.0,
O101157,C00030,2025-05-06,completed,beauty,cash,2,20.0,994.69,7.0,4.0
O101158,C00938,2025-03-19,cancelled,home,wallet,3,23.0,810.74,,
O101159,C01018,2026-01-16,delivered,electronics,cash,5,25.0,20350.59,1.0,4.0
O101160,C01597,2025-11-22,completed,clothing,wallet,1,23.0,419.27,1.0,5.0
O101161,C00788,2026-05-12,processing,electronics,sbp,2,3.0,2734.74,20.0,
O101162,C00195,2026-07-31,completed,electronics,card,4,11.0,2234.06,20.0,1.0
O101163,C01761,2025-10-03,delivered,toys,card,3,23.0,2987.38,11.0,3.0
O101164,C00828,2026-06-09,cancelled,clothing,card,3,11.0,1461.21,,
O101165,C01444,2025-12-07,cancelled,electronics,sbp,2,,2062.51,,
O101166,C00087,2024-04-18,Processing ,beauty,wallet,5,12.0,3073.25,17.0,
O101167,C00073,2025-10-09,cancelled,toys,card,5,15.0,9638.99,,
O101168,C00047,2025-08-15,processing,beauty,card,5,0.0,3147.59,3.0,
O101169,C01580,2025-07-14,delivered,home,card,2,13.0,552.9,20.0,1.0
O101170,C00482,2026-07-31,delivered,toys,card,4,,2983.28,19.0,2.0
O101171,C01583,2025-08-01,completed,electronics,card,5,22.0,2482.05,9.0,4.0
O101172,C01890,2025-12-22,completed,beauty,wallet,2,18.0,447.59,9.0,3.0
O101173,C01327,2026-07-28,delivered,clothing,card,2,22.0,1334.8,8.0,3.0
O101174,C01972,2026-07-31,completed,electronics,cash,4,2.0,1203.34,12.0,4.0
O101175,C01859,2025-12-06,delivered,electronics,sbp,1,18.0,408.05,15.0,3.0
O101176,C01446,2024-02-21,completed,electronics,sbp,4,20.0,2036.86,11.0,2.0
O101177,C01607,2025-04-03,completed,beauty,card,5,7.0,486.66,12.0,3.0
O101178,C01207,2025-12-18,completed,beauty,card,3,12.0,1046.85,12.0,2.0
O101179,C00438,2026-07-31,completed,electronics,card,5,11.0,5158.94,7.0,4.0
O101180,C00206,2024-09-30,delivered,beauty,card,3,1.0,1267.48,13.0,3.0
O101181,C00764,2026-07-31,delivered,beauty,card,3,25.0,322.85,1.0,5.0
O101182,C00951,2025-02-17,completed,electronics,card,5,17.0,2307.9,8.0,4.0
O101183,C00700,2025-02-04,completed,home,cash,4,9.0,2900.58,3.0,5.0
O101184,C00205,2025-03-29,completed,electronics,card,1,29.0,388.28,7.0,4.0
O101185,C01010,2026-01-22,delivered,electronics,cash,5,28.0,1992.32,6.0,3.0
O101186,C00998,2024-12-23,completed,clothing,card,3,2.0,1034.39,1.0,5.0
O101187,C01908,2024-10-11,delivered,toys,card,2,8.0,1619.12,3.0,5.0
O101188,C01909,2024-07-15,delivered,electronics,card,5,29.0,1276.38,18.0,2.0
O101189,,2025-11-08,completed,clothing,card,4,17.0,3051.25,11.0,
O101190,C01701,2024-10-19,completed,home,card,2,12.0,795.37,15.0,3.0
O101191,C00626,2025-06-17,completed,home,cash,5,18.0,6713.99,7.0,3.0
O101192,C01939,2026-07-31,completed,toys,card,5,24.0,1671.02,2.0,5.0
O101193,C01884,2026-07-31,completed,clothing,card,1,,202.63,14.0,3.0
O101194,C00251,2025-01-06,processing,beauty,card,3,7.0,2425.23,9.0,
O101195,C01401,2026-07-31,completed,home,card,4,15.0,2923.4,10.0,2.0
O101196,C00916,2025-02-28,completed,electronics,cash,3,5.0,2055.18,3.0,5.0
O101197,C00533,2024-12-07,cancelled,home,cash,3,8.0,2909.68,,
O101198,C00824,2026-05-23,processing,clothing,cash,5,4.0,1105.41,12.0,
O101199,C01814,2025-06-09,delivered,home,cash,3,7.0,786.75,9.0,3.0
O101200,C01849,2025-10-16,delivered,electronics,card,1,18.0,1416.22,13.0,3.0
O101201,C00689,2025-07-10,completed,electronics,card,5,15.0,3490.66,15.0,2.0
O101202,C00924,2025-03-25,cancelled,toys,card,2,18.0,684.45,,
O101203,C01033,2025-12-26,delivered,toys,cash,1,9.0,150.0,11.0,4.0
O101204,C01468,2025-01-23,delivered,clothing,sbp,2,23.0,364.22,10.0,3.0
O101205,C00959,2026-07-31,completed,beauty,cash,5,18.0,1145.37,9.0,3.0
O101206,C00792,2025-04-16,completed,toys,cash,5,,1572.56,14.0,2.0
O101207,C01848,2026-03-13,delivered,electronics,sbp,1,21.0,629.17,8.0,4.0
O101208,C00746,2025-03-03,completed,home,sbp,1,20.0,165.23,9.0,4.0
O101209,C00532,2024-10-09,delivered,electronics,wallet,5,22.0,1615.15,14.0,2.0
O101210,C99999,2026-04-06,completed,beauty,card,1,18.0,179.33,18.0,2.0
O101211,C00667,2026-01-26,cancelled,electronics,card,3,6.0,1055.24,,
O101212,C01111,2026-03-29,completed,beauty,card,2,24.0,6640.04,12.0,3.0
O101213,C01321,2024-10-03,processing,electronics,card,1,10.0,1275.9,13.0,
O101214,C00269,2026-04-29,delivered,clothing,card,4,6.0,3118.58,3.0,5.0
O101215,C01774,2025-01-19,delivered,beauty,cash,1,30.0,324.47,12.0,3.0
O101216,C00507,2026-01-01,completed,electronics,card,2,18.0,416.38,13.0,3.0
O101217,C00230,2024-10-19,delivered,toys,card,4,28.0,1838.95,8.0,3.0
O101218,C01337,2025-12-21,completed,electronics,card,2,11.0,284.4,15.0,
O101219,C00420,2025-06-02,completed,clothing,card,5,28.0,4137.88,15.0,3.0
O101220,C01501,2025-06-02,completed,home,cash,3,30.0,1261.48,19.0,2.0
O101221,C01897,2026-02-15,completed,electronics,card,1,18.0,482.01,18.0,2.0
O101222,C01386,2025-06-08,cancelled,home,card,4,9.0,520.57,,
O101223,C01555,2026-01-19,completed,clothing,card,4,17.0,2051.13,3.0,5.0
O101224,C00990,2026-03-17,cancelled,home,wallet,3,18.0,1220.94,,
O101225,C00693,2026-07-31,cancelled,home,card,5,16.0,1146.09,,
O101226,C01227,2024-05-17,delivered,clothing,card,4,9.0,2358.69,6.0,5.0
O101227,C00716,2026-07-31,completed,electronics,card,4,22.0,1432.95,5.0,4.0
O101228,C01753,2026-02-18,delivered,electronics,card,4,22.0,2495.0,12.0,3.0
O101229,C00940,2026-02-16,cancelled,toys,cash,2,1.0,1616.14,,
O101230,C00998,2024-12-18,completed,clothing,card,5,19.0,1034.4,2.0,4.0
O101231,C01348,2026-07-11,completed,electronics,card,4,4.0,2147.17,14.0,3.0
O101232,C00379,2025-05-31,completed,electronics,wallet,4,29.0,2115.01,3.0,4.0
O101233,C01123,2025-03-28,completed,beauty,card,1,8.0,1332.66,9.0,4.0
O101234,C01508,2025-09-25,completed,clothing,card,4,18.0,3862.57,13.0,3.0
O101235,C01553,2026-01-16,completed,electronics,wallet,1,19.0,372.91,20.0,1.0
O101236,C00450,2025-04-24,delivered,beauty,card,2,24.0,701.04,7.0,3.0
O101237,C00109,2025-08-04,delivered,toys,card,3,8.0,1666.24,9.0,3.0
O101238,C00389,2026-07-31,completed,beauty,card,5,25.0,1002.78,11.0,4.0
O101239,C01639,2024-07-10,processing,home,sbp,1,4.0,226.13,14.0,
O101240,C00531,2026-03-20,completed,clothing,sbp,5,0.0,1694.47,5.0,4.0
O101241,C00117,2024-10-17,completed,electronics,card,3,3.0,219.93,3.0,5.0
O101242,C01195,2025-11-16,CANCELED,clothing,cash,3,1.0,669.74,,
O101243,C01762,2025-09-28,completed,home,card,5,27.0,1888.68,9.0,4.0
O101244,C00449,2025-07-27,delivered,electronics,card,3,2.0,13405.3,10.0,4.0
O101245,C00087,2024-06-18,completed,clothing,wallet,1,20.0,294.33,14.0,2.0
O101246,C00281,2025-08-11,cancelled,home,card,1,16.0,835.62,,
O101247,C00256,2025-04-24,cancelled,home,card,2,13.0,841.08,,
O101248,C00410,2024-11-19,completed,electronics,card,5,5.0,3503.11,8.0,3.0
O101249,C00361,2026-03-01,cancelled,beauty,sbp,2,3.0,414.53,,
O101250,C01275,2026-06-14,delivered,clothing,sbp,1,15.0,150.0,13.0,3.0
O101251,C00447,2025-07-08,cancelled,home,cash,1,19.0,1483.09,,
O101252,C01097,2026-02-13,completed,toys,sbp,3,19.0,510.07,6.0,
O101253,C00804,2026-07-31,delivered,electronics,sbp,2,19.0,3229.39,6.0,4.0
O101254,C01309,2025-10-27,completed,beauty,wallet,2,12.0,732.41,16.0,2.0
O101255,C01311,2025-08-13,completed,beauty,cash,3,0.0,762.77,13.0,2.0
O101256,C01186,2025-04-09,cancelled,toys,card,2,24.0,651.99,,
O101257,C01786,2025-07-09,completed,clothing,wallet,1,9.0,1775.33,13.0,2.0
O101258,C00393,2025-10-07,completed,electronics,card,3,20.0,845.4,18.0,2.0
O101259,C01050,2025-02-14,completed,electronics,card,4,23.0,1451.89,17.0,2.0
O101260,C00789,2026-05-05,cancelled,beauty,sbp,3,30.0,3225.39,,
O101261,C01065,2026-07-31,completed,electronics,wallet,5,26.0,3599.1,4.0,4.0
O101262,C00280,2025-02-20,completed,clothing,card,1,27.0,2596.66,10.0,3.0
O101263,C00639,2026-07-31,delivered,toys,card,1,7.0,1251.68,15.0,2.0
O101264,C01883,2024-06-18,completed,clothing,sbp,1,19.0,282.3,16.0,3.0
O101265,C01602,2026-06-30,completed,electronics,card,1,13.0,1396.96,12.0,4.0
O101266,C00853,2026-07-31,delivered,beauty,card,4,15.0,423.49,4.0,4.0
O101267,C00221,2024-10-23,processing,electronics,card,4,23.0,3649.99,11.0,
O101268,C01297,2024-10-27,cancelled,clothing,card,4,29.0,1167.43,,
O101269,C00603,2026-07-09,completed,electronics,card,2,18.0,1587.06,13.0,2.0
O101270,C00659,2025-01-05,completed,clothing,card,4,3.0,9481.67,16.0,
O101271,C00194,2025-04-24,cancelled,electronics,sbp,1,10.0,150.0,,
O101272,C00579,2026-07-31,completed,beauty,card,5,6.0,5155.25,11.0,4.0
O101273,C00429,2024-05-20,delivered,clothing,card,2,30.0,1929.96,15.0,1.0
O101274,C00068,2025-09-02,delivered,clothing,card,1,29.0,835.64,3.0,4.0
O101275,C01174,2024-07-10,cancelled,toys,card,1,15.0,224.94,,
O101276,C01939,2026-07-31,completed,beauty,wallet,3,6.0,1376.1,3.0,3.0
O101277,C00252,2025-08-10,processing,home,card,4,19.0,912.19,10.0,
O101278,C00105,2026-06-29,completed,toys,sbp,3,,2085.18,19.0,3.0
O101279,C00202,2026-07-31,delivered,electronics,card,2,15.0,347.13,14.0,2.0
O101280,C01092,2025-02-22,completed,home,wallet,1,7.0,347.3,11.0,
O101281,C01652,2024-12-27,delivered,toys,card,1,3.0,815.73,1.0,5.0
O101282,C00620,2024-12-17,completed,home,wallet,5,18.0,1370.92,5.0,5.0
O101283,C00237,2026-07-31,completed,clothing,card,4,16.0,1435.52,7.0,4.0
O101284,C00192,2026-02-14,completed,beauty,cash,1,10.0,238.6,2.0,5.0
O101285,C01217,2025-06-21,completed,electronics,card,1,8.0,605.08,3.0,4.0
O101286,C00714,2026-06-27,processing,electronics,card,3,23.0,1324.1,10.0,
O101287,C00705,2024-11-21,cancelled,home,card,2,0.0,548.42,,
O101288,C00478,2024-12-18,delivered,electronics,sbp,1,22.0,297.51,8.0,5.0
O101289,C01793,2025-06-07,delivered,electronics,card,3,5.0,1677.55,16.0,3.0
O101290,C00750,2024-10-18,completed,clothing,cash,3,30.0,633.99,7.0,4.0
O101291,C01416,2026-02-17,completed,clothing,card,3,28.0,1426.79,16.0,3.0
O101292,C01485,2025-05-11,completed,clothing,card,4,2.0,2024.03,18.0,3.0
O101293,C00119,2025-03-11,delivered,home,cash,2,24.0,1116.6,14.0,2.0
O101294,C00497,2024-08-30,cancelled,home,card,4,18.0,1289.58,,
O101295,C01791,2025-10-26,completed,home,card,4,0.0,3198.26,3.0,
O101296,C01766,2026-05-08,completed,electronics,wallet,4,10.0,4253.85,2.0,4.0
O101297,C00828,2026-07-31,completed,clothing,card,5,18.0,4135.22,15.0,2.0
O101298,C00313,2025-02-17,delivered,toys,cash,2,4.0,1165.62,12.0,1.0
O101299,C00597,2025-09-13,completed,clothing,card,4,18.0,629.65,15.0,2.0
O101300,C01899,2026-01-01,completed,electronics,cash,1,9.0,1882.71,13.0,3.0
O101301,C01346,2026-07-31,completed,toys,card,2,14.0,1032.81,1.0,5.0
O101302,C00151,2026-07-31,completed,clothing,cash,4,4.0,2529.45,11.0,3.0
O101303,C01436,2025-02-23,delivered,clothing,sbp,5,4.0,1401.67,12.0,3.0
O101304,C00294,2025-05-16,processing,electronics,card,1,29.0,414.96,14.0,
O101305,C00607,2025-07-16,completed,home,card,4,29.0,5063.44,11.0,2.0
O101306,C00964,2025-04-09,completed,electronics,card,2,25.0,1843.25,10.0,3.0
O101307,C00704,2024-08-22,completed,home,cash,3,16.0,1152.38,13.0,3.0
O101308,C01397,2026-01-26,cancelled,beauty,card,5,28.0,8363.01,,
O101309,C00313,2024-07-22,delivered,home,card,5,22.0,1098.85,14.0,2.0
O101310,C01755,2026-04-26,delivered,electronics,card,3,16.0,385.27,6.0,3.0
O101311,C01187,2025-04-28,delivered,electronics,card,5,26.0,526.43,2.0,4.0
O101312,C00612,2025-03-25,processing,beauty,card,3,,2792.16,10.0,
O101313,C01914,2026-01-05,completed,toys,wallet,2,29.0,564.7,5.0,4.0
O101314,C00957,2025-04-06,completed,electronics,wallet,5,30.0,2202.05,4.0,5.0
O101315,C00834,2024-06-21,completed,clothing,card,2,3.0,2365.27,17.0,3.0
O101316,C00043,2025-10-03,delivered,home,wallet,5,30.0,3204.88,12.0,3.0
O101317,C01993,2025-09-10,completed,beauty,sbp,5,11.0,953.88,11.0,2.0
O101318,C01693,2026-03-22,cancelled,toys,card,1,20.0,1806.88,,
O101319,C00353,2025-07-09,delivered,home,card,4,16.0,1561.65,17.0,2.0
O101320,C01896,2026-07-31,processing,electronics,card,5,9.0,2342.75,18.0,
O101321,C01593,2025-09-13,processing,beauty,sbp,2,17.0,557.18,6.0,
O101322,C00842,2026-04-28,delivered,beauty,sbp,3,18.0,605.53,10.0,3.0
O101323,C01857,2025-02-03,cancelled,clothing,cash,5,,2962.31,,
O101324,C01119,2025-12-14,delivered,clothing,cash,4,30.0,622.15,12.0,3.0
O101325,C01377,2026-07-31,completed,electronics,cash,2,14.0,922.13,10.0,4.0
O101326,C00367,2025-07-17,delivered,clothing,card,2,1.0,3503.32,15.0,2.0
O101327,C00219,2025-12-14,processing,beauty,card,1,23.0,898.75,10.0,
O101328,C01056,2026-07-31,cancelled,electronics,card,5,27.0,2898.14,,
O101329,C00654,2026-05-03,delivered,beauty,sbp,5,13.0,1023.31,6.0,4.0
O101330,C01964,2026-07-28,completed,electronics,cash,4,9.0,1877.56,18.0,2.0
O101331,C00172,2024-06-01,cancelled,electronics,card,3,11.0,781.93,,
O101332,C01526,2024-12-22,completed,home,card,3,12.0,4686.25,18.0,3.0
O101333,C01204,2025-11-28,delivered,electronics,card,2,8.0,674.52,14.0,3.0
O101334,C01758,2026-05-14,delivered,home,cash,2,10.0,525.51,7.0,
O101335,C01997,2026-01-01,delivered,clothing,card,1,9.0,413.99,18.0,3.0
O101336,C01742,2026-07-31,completed,home,card,2,3.0,527.3,9.0,3.0
O101337,C00750,2024-09-07,delivered,toys,sbp,4,19.0,2379.91,9.0,3.0
O101338,C01392,2026-03-21,completed,clothing,sbp,2,11.0,4230.88,16.0,2.0
O101339,C00326,2025-06-08,completed,electronics,card,1,1.0,495.58,17.0,2.0
O101340,C00972,2025-07-01,completed,beauty,cash,3,19.0,706.55,16.0,1.0
O101341,C00538,2024-07-27,delivered,electronics,card,5,9.0,2171.17,9.0,3.0
O101342,C00501,2024-06-23,completed,electronics,cash,2,4.0,356.54,15.0,2.0
O101343,C01142,2024-12-29,completed,beauty,card,4,20.0,19635.36,7.0,4.0
O101344,C00254,2025-05-27,cancelled,electronics,card,4,21.0,8324.89,,
O101345,C01138,2025-11-15,delivered,home,cash,2,2.0,2672.48,20.0,1.0
O101346,C00802,2025-04-26,cancelled,electronics,card,4,23.0,3595.45,,
O101347,C00460,2025-03-24,delivered,home,sbp,3,16.0,1294.94,6.0,4.0
O101348,C01125,2026-07-31,completed,home,card,1,4.0,439.34,6.0,4.0
O101349,C01502,2025-05-02,cancelled,clothing,card,3,14.0,1239.3,,
O101350,C01221,2026-05-06,Completed,home,wallet,2,30.0,6598.74,8.0,3.0
O101351,C00177,2026-07-31,processing,electronics,card,3,2.0,1267.62,12.0,
O101352,C01125,2026-07-31,completed,electronics,card,1,15.0,313.79,18.0,2.0
O101353,C01247,2026-04-23,cancelled,beauty,card,1,2.0,453.21,,
O101354,C01367,2025-05-03,delivered,beauty,card,2,6.0,1490.29,13.0,3.0
O101355,C00852,2026-06-17,cancelled,beauty,cash,3,18.0,150.0,,
O101356,C00190,2025-08-17,completed,home,card,3,18.0,2024.89,4.0,5.0
O101357,C00255,2025-11-07,delivered,clothing,wallet,1,16.0,150.0,17.0,2.0
O101358,C00664,2025-04-28,completed,home,card,1,18.0,1599.84,16.0,3.0
O101359,C01269,2026-07-31,cancelled,home,card,1,22.0,150.0,,
O101360,C01479,2025-07-04,completed,electronics,card,1,14.0,259.16,6.0,4.0
O101361,C01347,2026-07-31,completed,clothing,card,5,19.0,531.55,11.0,3.0
O101362,C00625,2025-11-07,delivered,electronics,card,2,27.0,4162.21,14.0,
O101363,C00881,2025-01-21,delivered,clothing,card,4,15.0,1951.72,20.0,2.0
O101364,C00094,2025-02-25,cancelled,home,card,3,3.0,8776.9,,
O101365,C01596,2024-05-31,delivered,clothing,sbp,5,13.0,12085.53,3.0,4.0
O101366,C00707,2024-07-10,completed,home,sbp,5,21.0,6693.28,19.0,1.0
O101367,C01019,2024-06-28,cancelled,toys,card,4,9.0,642.22,,
O101368,C00900,2025-08-30,completed,toys,card,5,10.0,2812.48,7.0,4.0
O101369,C00572,2026-01-11,delivered,beauty,cash,3,1.0,4409.78,18.0,2.0
O101370,C00337,2026-06-11,completed,beauty,card,2,28.0,1345.08,6.0,4.0
O101371,C01908,2024-12-28,completed,clothing,card,1,,366.55,10.0,4.0
O101372,C00239,2025-01-11,cancelled,home,wallet,3,26.0,1958.32,,
O101373,C01889,2024-06-13,processing,home,card,4,17.0,2819.89,17.0,
O101374,C00227,2026-03-25,processing,toys,card,3,22.0,453.42,17.0,
O101375,C00192,2025-12-16,delivered,home,card,2,17.0,626.2,14.0,2.0
O101376,C01807,2024-09-07,completed,clothing,card,2,2.0,1661.8,16.0,2.0
O101377,C01893,2026-07-07,completed,beauty,sbp,2,1.0,1983.58,6.0,
O101378,C01791,2026-03-06,completed,home,card,5,8.0,2993.34,5.0,4.0
O101379,C01551,2025-02-22,delivered,electronics,card,1,13.0,355.56,19.0,2.0
O101380,C00986,2026-05-31,completed,home,card,2,29.0,845.2,16.0,
O101381,C00214,2025-07-25,processing,home,sbp,2,29.0,538.99,8.0,
O101382,C01184,2025-06-25,completed,home,card,3,4.0,1360.17,4.0,5.0
O101383,C01039,2025-08-06,completed,toys,card,2,5.0,1945.37,1.0,5.0
O101384,C01472,2026-06-05,cancelled,home,card,5,29.0,17188.39,,
O101385,C00070,2025-08-20,completed,beauty,card,3,23.0,564.09,5.0,5.0
O101386,C00155,2025-12-27,completed,clothing,wallet,2,11.0,2715.03,11.0,3.0
O101387,C01178,2024-12-28,delivered,electronics,card,2,15.0,1338.62,16.0,2.0
O101388,C01711,2025-02-24,processing,clothing,card,3,1.0,410.6,9.0,
O101389,C01867,2024-04-21,completed,clothing,wallet,2,24.0,911.41,15.0,3.0
O101390,C01138,2025-04-22,completed,beauty,wallet,5,25.0,2129.93,18.0,2.0
O101391,C00737,2025-11-16,completed,home,card,1,8.0,492.11,14.0,4.0
O101392,C00945,2024-05-10,delivered,clothing,card,2,2.0,2278.72,18.0,1.0
O101393,C01018,2025-08-08,completed,clothing,wallet,3,30.0,7176.11,2.0,5.0
O101394,C01239,2025-01-11,delivered,toys,card,5,14.0,6943.06,14.0,2.0
O101395,C00456,2026-04-09,delivered,electronics,card,2,11.0,1168.4,16.0,2.0
O101396,C00778,2025-01-09,processing,electronics,card,2,0.0,1277.01,14.0,
O101397,C01082,2026-07-31,delivered,home,sbp,2,19.0,5199.47,13.0,3.0
O101398,C01702,2024-12-27,delivered,home,card,4,30.0,844.99,13.0,3.0
O101399,C01606,2026-05-01,delivered,clothing,card,5,21.0,6654.86,3.0,4.0
O101400,C01508,2026-01-17,completed,electronics,cash,1,29.0,196.8,11.0,4.0
O101401,C00431,2024-09-13,completed,clothing,sbp,4,20.0,581.68,9.0,3.0
O101402,C00814,2025-02-18,delivered,electronics,card,3,,2449.28,18.0,1.0
O101403,C01107,2025-03-18,completed,electronics,card,2,16.0,261.66,7.0,3.0
O101404,C01936,2024-07-27,completed,clothing,cash,1,25.0,359.87,9.0,5.0
O101405,C00710,2025-08-22,completed,electronics,card,4,20.0,5917.72,15.0,2.0
O101406,C01837,2026-07-31,completed,clothing,cash,4,18.0,948.79,3.0,5.0
O101407,C01496,2025-10-09,completed,beauty,card,1,21.0,2074.39,9.0,3.0
O101408,C01268,2025-06-05,delivered,electronics,sbp,4,28.0,323.84,12.0,3.0
O101409,C01405,2025-06-09,cancelled,clothing,card,3,22.0,3408.5,,
O101410,C01587,2026-07-31,completed,clothing,card,3,12.0,488.49,18.0,1.0
O101411,C01398,2025-09-22,cancelled,electronics,card,3,22.0,1265.41,,
O101412,C01346,2026-07-28,completed,home,card,5,27.0,2927.88,1.0,5.0
O101413,C00756,2025-08-10,processing,electronics,card,3,20.0,1179.41,9.0,
O101414,C00856,2026-07-31,delivered,toys,card,5,16.0,2005.46,19.0,2.0
O101415,C01199,2026-07-08,delivered,home,sbp,1,28.0,154.37,18.0,2.0
O101416,C01688,2025-03-27,delivered,electronics,cash,4,11.0,6113.64,13.0,2.0
O101417,C01303,2026-04-23,delivered,toys,card,4,27.0,736.9,8.0,3.0
O101418,C01976,2025-01-24,completed,clothing,sbp,4,16.0,736.37,14.0,3.0
O101419,C01362,2024-05-01,completed,electronics,card,2,1.0,911.74,7.0,4.0
O101420,C00816,2026-07-14,processing,clothing,cash,1,1.0,282.18,13.0,
O101421,C01151,2025-07-24,cancelled,home,card,1,30.0,963.78,,
O101422,C01247,2026-07-16,delivered,home,card,2,8.0,643.09,4.0,4.0
O101423,C01734,2026-03-16,cancelled,home,cash,1,24.0,492.29,,
O101424,C00512,2026-07-13,completed,toys,wallet,2,20.0,1080.03,12.0,2.0
O101425,C00498,2025-09-03,delivered,toys,card,1,18.0,1073.89,15.0,3.0
O101426,C00404,2026-07-31,delivered,electronics,cash,2,15.0,646.13,3.0,4.0
O101427,C00112,2026-07-31,completed,toys,card,5,18.0,646.78,3.0,4.0
O101428,C01351,2024-10-20,processing,electronics,card,1,24.0,257.83,8.0,
O101429,C01926,2024-08-28,cancelled,toys,card,2,12.0,2447.92,,
O101430,C01228,2026-06-22,processing,electronics,card,2,20.0,1301.92,3.0,
O101431,C00122,2026-07-31,delivered,electronics,card,3,13.0,1099.14,8.0,4.0
O101432,C00730,2025-11-04,completed,clothing,sbp,3,20.0,1552.32,15.0,2.0
O101433,C01806,2024-12-09,cancelled,electronics,card,5,11.0,1992.08,,
O101434,C00104,2024-07-22,completed,beauty,card,1,6.0,925.33,11.0,4.0
O101435,C01225,2025-07-30,cancelled,electronics,card,2,29.0,1290.94,,
O101436,C00882,2026-02-22,completed,clothing,card,1,29.0,394.21,17.0,2.0
O101437,C01838,2025-09-30,cancelled,toys,card,1,18.0,1026.72,,
O101438,C01027,2024-09-19,delivered,home,card,4,20.0,5053.01,10.0,3.0
O101439,C01130,2026-06-13,completed,home,card,2,4.0,472.33,18.0,2.0
O101440,,2025-02-14,completed,toys,cash,2,22.0,479.29,13.0,3.0
O101441,C01643,2025-04-02,delivered,electronics,cash,3,23.0,10091.09,16.0,1.0
O101442,C01032,2025-05-17,completed,clothing,card,3,3.0,2439.32,16.0,2.0
O101443,C01443,2026-07-31,cancelled,electronics,card,3,21.0,5619.96,,
O101444,C01611,2026-02-14,completed,electronics,card,5,5.0,5030.79,11.0,3.0
O101445,C01051,2025-11-06,completed,electronics,card,4,19.0,2846.47,9.0,3.0
O101446,C01433,2025-01-15,completed,home,card,2,24.0,178.36,13.0,3.0
O101447,C00727,2026-06-14,completed,electronics,card,1,8.0,185.5,13.0,1.0
O101448,C00711,2026-01-06,completed,home,card,1,26.0,829.03,12.0,3.0
O101449,C00006,2026-07-31,cancelled,home,card,4,19.0,955.61,,
O101450,C01339,2026-03-04,delivered,clothing,card,4,30.0,1750.55,16.0,2.0
O101451,C00502,2026-02-12,processing,clothing,wallet,4,25.0,4082.93,20.0,
O101452,C01628,2026-04-19,completed,electronics,sbp,4,19.0,2196.91,7.0,4.0
O101453,C01904,2024-09-11,completed,beauty,wallet,4,5.0,2711.66,4.0,4.0
O101454,C01752,2026-07-31,completed,clothing,cash,4,29.0,5982.88,16.0,
O101455,C00551,2026-06-25,delivered,beauty,wallet,5,16.0,8095.15,13.0,3.0
O101456,C01304,2026-07-31,completed,clothing,card,3,12.0,1413.13,8.0,4.0
O101457,C01504,2025-08-04,completed,home,card,5,6.0,6826.72,19.0,1.0
O101458,C01013,2025-02-30,delivered,clothing,cash,4,15.0,913.81,18.0,1.0
O101459,C01017,2025-04-25,completed,clothing,card,3,17.0,1772.32,6.0,4.0
O101460,C00876,2025-10-01,delivered,clothing,card,2,1.0,1549.92,18.0,2.0
O101461,C00618,2024-09-09,delivered,home,cash,1,19.0,452.9,11.0,
O101462,C01147,2026-02-23,delivered,clothing,wallet,2,1.0,825.1,2.0,
O101463,C01983,2024-06-08,completed,beauty,card,3,25.0,603.7,15.0,2.0
O101464,C00438,2026-07-31,delivered,electronics,card,4,15.0,1915.7,15.0,3.0
O101465,C00094,2025-08-24,completed,toys,card,5,15.0,680.38,10.0,
O101466,C00113,2026-02-28,completed,toys,card,1,12.0,442.95,11.0,3.0
O101467,C01165,2025-05-17,completed,electronics,sbp,1,28.0,517.1,4.0,4.0
O101468,C00540,2024-10-26,completed,electronics,card,4,23.0,3577.71,8.0,3.0
O101469,C00924,2024-09-26,delivered,home,card,1,28.0,192.28,4.0,
O101470,C01902,2025-09-28,delivered,electronics,sbp,5,25.0,3233.56,2.0,5.0
O101471,C00154,2024-11-11,cancelled,electronics,card,2,25.0,1554.5,,
O101472,C00350,2025-02-15,completed,clothing,sbp,3,25.0,1452.39,2.0,4.0
O101473,C00429,2024-07-14,completed,home,sbp,1,17.0,704.82,20.0,1.0
O101474,C00915,2025-07-30,completed,electronics,cash,1,9.0,611.49,4.0,3.0
O101475,C01389,2026-05-13,processing,toys,wallet,5,5.0,307.63,3.0,
O101476,C00367,2025-11-22,completed,electronics,sbp,4,8.0,942.55,15.0,2.0
O101477,C00217,2024-04-21,completed,electronics,card,5,20.0,13679.34,10.0,3.0
O101478,C00172,2024-09-29,completed,electronics,card,5,13.0,4164.12,19.0,1.0
O101479,C01603,2026-07-31,cancelled,toys,wallet,5,21.0,1522.57,,
O101480,C00060,2026-07-31,completed,beauty,cash,1,17.0,660.7,1.0,
O101481,C01251,2024-10-04,completed,electronics,card,4,15.0,3481.01,16.0,3.0
O101482,C01157,2024-08-04,delivered,home,sbp,4,7.0,6762.8,10.0,5.0
O101483,C00202,2026-06-03,delivered,electronics,cash,2,29.0,721.76,17.0,1.0
O101484,C01106,2025-05-01,delivered,electronics,card,1,16.0,305.88,11.0,2.0
O101485,C00574,2024-09-17,processing,electronics,card,2,3.0,661.79,15.0,
O101486,C01030,2025-10-24,cancelled,beauty,sbp,5,12.0,1559.82,,
O101487,C00275,2025-01-31,delivered,clothing,sbp,3,26.0,911.06,14.0,3.0
O101488,C01336,2026-07-31,processing,home,wallet,2,9.0,1144.88,16.0,
O101489,C01596,2024-06-11,cancelled,electronics,sbp,3,28.0,1055.5,,
O101490,C00007,2024-04-27,completed,toys,card,4,7.0,1875.5,1.0,5.0
O101491,C01066,2025-05-25,cancelled,toys,card,4,19.0,8814.75,,
O101492,C01295,2026-07-31,delivered,electronics,card,3,15.0,686.98,14.0,3.0
O101493,C00006,2026-07-05,delivered,home,card,2,27.0,1290.28,13.0,3.0
O101494,C01449,2025-11-29,delivered,home,sbp,2,8.0,397.29,13.0,2.0
O101495,C01086,2026-07-31,cancelled,toys,card,2,6.0,2068.87,,
O101496,C00613,2026-04-19,processing,clothing,card,5,7.0,6030.74,20.0,
O101497,C00966,2026-06-17,completed,electronics,sbp,3,10.0,738.39,3.0,4.0
O101498,C01365,2026-03-04,delivered,clothing,sbp,5,8.0,1411.97,12.0,3.0
O101499,C01287,2026-07-31,delivered,home,card,2,5.0,1679.95,7.0,3.0
O101500,C01554,2026-04-23,cancelled,clothing,card,2,17.0,791.21,,
O101501,C00070,2025-09-30,completed,electronics,card,2,9.0,3062.15,14.0,3.0
O101502,C01575,2024-11-11,completed,beauty,card,2,4.0,376.79,11.0,3.0
O101503,C00071,2026-07-31,completed,beauty,sbp,2,5.0,2332.71,16.0,3.0
O101504,C01301,2026-06-25,completed,clothing,card,4,3.0,11805.43,8.0,4.0
O101505,C00699,2024-08-09,completed,clothing,card,5,5.0,3371.48,5.0,3.0
O101506,C00128,2026-06-22,completed,clothing,cash,2,,592.08,9.0,3.0
O101507,C01378,2026-07-31,completed,clothing,card,2,0.0,529.25,7.0,3.0
O101508,C01106,2025-03-11,cancelled,electronics,sbp,2,29.0,865.69,,
O101509,C01334,2026-07-25,completed,clothing,card,2,23.0,1692.56,9.0,3.0
O101510,C00752,2024-07-17,completed,clothing,card,1,8.0,150.0,15.0,3.0
O101511,C00557,2026-06-22,cancelled,toys,card,1,9.0,384.59,,
O101512,C01250,2026-07-31,completed,electronics,card,1,2.0,547.46,1.0,5.0
O101513,C00433,2026-07-31,delivered,clothing,card,1,18.0,1708.43,8.0,4.0
O101514,C01625,2026-04-15,cancelled,clothing,card,4,2.0,8739.92,,
O101515,C01367,2024-10-02,completed,beauty,cash,1,21.0,443.51,3.0,4.0
O101516,C02000,2025-09-12,delivered,clothing,card,2,14.0,406.04,15.0,3.0
O101517,C00055,2026-02-20,completed,electronics,card,3,20.0,1653.63,18.0,2.0
O101518,C01172,2026-06-25,completed,clothing,card,1,29.0,567.23,17.0,2.0
O101519,C01114,2025-03-23,delivered,electronics,card,3,28.0,3818.12,8.0,3.0
O101520,C01716,2026-06-18,completed,clothing,card,5,5.0,1727.6,8.0,5.0
O101521,C00849,2026-07-31,delivered,home,card,1,22.0,223.36,18.0,3.0
O101522,C01873,2026-05-22,delivered,clothing,card,2,17.0,976.36,16.0,2.0
O101523,C00479,2026-02-08,completed,home,wallet,1,19.0,375.37,2.0,5.0
O101524,C01709,2025-08-04,completed,electronics,card,2,2.0,734.98,3.0,4.0
O101525,C01041,2026-01-09,delivered,home,sbp,5,4.0,1230.04,19.0,1.0
O101526,C01888,2025-11-19,completed,toys,cash,3,5.0,541.45,15.0,
O101527,C00435,2025-02-23,delivered,clothing,card,2,0.0,1605.89,20.0,1.0
O101528,C00521,2025-09-24,Completed,beauty,card,5,3.0,3043.14,17.0,2.0
O101529,C01129,2026-05-01,cancelled,clothing,card,5,22.0,1295.44,,
O101530,C01104,2025-01-28,completed,home,card,5,10.0,4747.56,14.0,3.0
O101531,C00298,2025-09-19,completed,clothing,card,3,26.0,338.5,1.0,4.0
O101532,C01303,2026-02-27,delivered,toys,card,2,24.0,711.06,9.0,4.0
O101533,C00812,2026-07-31,delivered,electronics,card,3,18.0,1756.18,9.0,3.0
O101534,C00303,2024-02-25,processing,electronics,card,4,11.0,4781.8,1.0,
O101535,C01021,2024-06-06,delivered,electronics,card,3,30.0,947.86,5.0,4.0
O101536,C01396,2025-08-08,completed,clothing,card,3,,3633.1,9.0,4.0
O101537,C00064,2026-07-31,completed,home,card,4,27.0,1170.18,16.0,2.0
O101538,C01841,2025-08-01,processing,home,sbp,3,8.0,2852.01,15.0,
O101539,C01222,2025-09-18,delivered,electronics,card,4,29.0,7570.58,1.0,5.0
O101540,C00521,2025-04-24,cancelled,home,cash,3,8.0,664.25,,
O101541,C01501,2025-07-21,delivered,electronics,sbp,5,22.0,2781.05,3.0,4.0
O101542,C01688,2025-05-15,processing,beauty,card,1,30.0,759.38,8.0,
O101543,C01913,2024-07-02,delivered,electronics,card,4,29.0,728.43,14.0,3.0
O101544,C01581,2024-12-14,processing,clothing,card,5,11.0,3482.23,8.0,
O101545,C00407,2026-01-06,cancelled,clothing,card,3,18.0,939.62,,
O101546,C00328,2024-12-27,cancelled,clothing,card,3,22.0,753.16,,
O101547,C00418,2025-03-06,Processing ,home,card,4,14.0,1404.79,1.0,
O101548,C01752,2026-03-20,delivered,toys,cash,3,15.0,994.0,4.0,4.0
O101549,C00610,2026-07-31,delivered,clothing,card,3,1.0,2805.01,6.0,3.0
O101550,C00661,2025-03-27,delivered,clothing,wallet,4,2.0,1969.56,17.0,1.0
O101551,C01782,2025-03-12,cancelled,electronics,wallet,4,28.0,12517.41,,
O101552,C00409,2026-07-25,cancelled,home,card,3,2.0,962.7,,
O101553,C00814,2025-04-26,cancelled,clothing,cash,5,12.0,3599.48,,
O101554,C00593,2024-08-06,completed,beauty,card,5,23.0,2183.98,5.0,4.0
O101555,C00604,2024-12-11,cancelled,home,sbp,4,3.0,710.06,,
O101556,C01192,2025-02-21,cancelled,clothing,cash,1,26.0,1758.74,,
O101557,C01483,2025-05-28,delivered,toys,card,2,22.0,1084.42,13.0,3.0
O101558,C00531,2026-03-05,delivered,electronics,card,1,13.0,263.81,17.0,
O101559,C00076,2025-09-20,cancelled,home,card,5,10.0,3392.49,,
O101560,C01279,2024-08-08,cancelled,clothing,card,3,2.0,3379.02,,
O101561,C01098,2025-11-28,delivered,electronics,card,2,16.0,499.72,16.0,2.0
O101562,C01319,2026-02-06,delivered,electronics,sbp,2,23.0,1026.0,12.0,3.0
O101563,C00901,2024-01-31,delivered,home,card,4,30.0,4530.4,2.0,4.0
O101564,C01554,2026-07-09,delivered,electronics,card,1,8.0,562.31,15.0,3.0
O101565,C01250,2026-07-31,completed,beauty,card,2,20.0,1535.31,3.0,5.0
O101566,C01516,2026-07-31,completed,clothing,cash,1,0.0,398.92,19.0,2.0
O101567,C01463,2024-11-11,cancelled,clothing,card,4,0.0,560.03,,
O101568,C00994,2025-02-07,processing,home,card,4,5.0,1611.41,14.0,
O101569,C00650,2026-07-31,completed,electronics,cash,4,1.0,1258.64,20.0,2.0
O101570,C01165,2025-10-25,processing,electronics,card,5,9.0,2257.99,18.0,
O101571,C01273,2026-07-31,delivered,clothing,card,3,17.0,952.29,6.0,4.0
O101572,C01144,2026-07-31,Processing ,clothing,card,4,5.0,2258.66,3.0,
O101573,C01049,2026-03-15,delivered,clothing,sbp,5,1.0,1866.96,8.0,3.0
O101574,C00686,2026-05-11,completed,clothing,sbp,4,11.0,3764.52,12.0,2.0
O101575,C00268,2025-03-09,completed,home,sbp,3,0.0,2419.09,6.0,
O101576,C00856,2026-03-28,processing,beauty,sbp,5,19.0,1176.02,16.0,
O101577,C01764,2026-05-29,delivered,clothing,card,4,9.0,5385.92,15.0,2.0
O101578,C01434,2026-01-25,completed,beauty,cash,5,24.0,1381.36,2.0,5.0
O101579,C01510,2025-12-29,delivered,electronics,cash,3,1.0,601.34,6.0,5.0
O101580,C01474,2025-03-27,delivered,clothing,sbp,2,10.0,2292.58,7.0,2.0
O101581,C99999,2026-07-31,delivered,clothing,sbp,4,26.0,1227.15,12.0,4.0
O101582,C00453,2025-05-21,completed,clothing,card,1,11.0,532.86,20.0,1.0
O101583,C01441,2026-02-12,completed,electronics,card,5,11.0,879.35,3.0,5.0
O101584,C00140,2025-04-27,delivered,electronics,sbp,4,0.0,1470.66,2.0,5.0
O101585,C00490,2025-08-13,delivered,electronics,card,5,14.0,2246.53,17.0,3.0
O101586,C00059,2026-07-31,processing,electronics,card,5,21.0,1799.75,12.0,
O101587,C00862,2026-06-21,completed,clothing,wallet,4,23.0,1306.68,20.0,1.0
O101588,C00282,2026-01-09,cancelled,clothing,wallet,5,4.0,2545.84,,
O101589,C00774,2026-04-27,processing,electronics,card,4,10.0,4351.69,8.0,
O101590,C00270,2025-08-03,completed,home,card,1,2.0,231.99,6.0,4.0
O101591,C00072,2025-04-25,completed,clothing,card,2,10.0,150.0,2.0,5.0
O101592,C00956,2025-09-12,delivered,electronics,card,5,28.0,6641.24,15.0,2.0
O101593,C00822,2026-07-31,processing,electronics,card,2,8.0,582.01,7.0,
O101594,C00835,2026-02-23,completed,home,card,1,15.0,311.53,1.0,4.0
O101595,C00692,2026-07-31,completed,home,sbp,3,30.0,955.58,4.0,5.0
O101596,C00819,2025-12-22,delivered,beauty,card,3,29.0,510.78,20.0,3.0
O101597,C00008,2026-04-09,cancelled,electronics,card,3,6.0,1077.81,,
O101598,C00957,2025-11-02,completed,home,cash,5,13.0,1969.61,16.0,3.0
O101599,,2025-03-08,completed,clothing,card,1,21.0,697.99,20.0,1.0
O101600,C00280,2024-06-26,completed,beauty,sbp,3,,953.82,12.0,3.0
O101601,C00288,2025-06-28,processing,home,card,3,19.0,209.67,6.0,
O101602,C01561,2025-01-03,delivered,electronics,card,4,23.0,676.15,14.0,3.0
O101603,C01002,2026-07-31,delivered,toys,card,5,14.0,6013.89,16.0,1.0
O101604,C00515,2026-07-31,cancelled,clothing,card,2,4.0,503.22,,
O101605,C01570,2026-07-31,delivered,toys,card,5,23.0,3812.69,16.0,2.0
O101606,C00650,2026-07-31,processing,electronics,wallet,5,12.0,1392.25,13.0,
O101607,C01209,2025-03-28,completed,clothing,sbp,5,5.0,4720.66,16.0,2.0
O101608,C01113,2024-07-17,completed,home,wallet,1,15.0,533.4,15.0,1.0
O101609,C00339,2024-07-11,completed,electronics,cash,2,2.0,308.61,2.0,5.0
O101610,C01511,2025-07-14,completed,home,card,4,21.0,772.43,18.0,2.0
O101611,C01237,2024-03-18,cancelled,electronics,wallet,2,19.0,299.26,,
O101612,C00417,2026-07-31,delivered,electronics,cash,1,,1022.47,3.0,5.0
O101613,C01516,2026-07-31,completed,electronics,card,2,8.0,360.01,9.0,3.0
O101614,C01242,2026-07-28,cancelled,toys,cash,1,14.0,366.72,,
O101615,C01710,2025-06-20,delivered,toys,card,4,27.0,1848.42,17.0,2.0
O101616,C01641,2026-07-23,delivered,clothing,cash,2,8.0,1177.03,14.0,2.0
O101617,C00638,2025-05-18,completed,clothing,sbp,4,17.0,1363.03,7.0,4.0
O101618,C01874,2026-07-31,processing,electronics,wallet,1,17.0,150.0,15.0,
O101619,C00068,2025-06-07,delivered,clothing,sbp,4,5.0,750.59,19.0,1.0
O101620,C00669,2026-06-10,cancelled,toys,sbp,2,16.0,424.78,,
O101621,C01216,2024-10-09,cancelled,beauty,card,2,8.0,150.0,,
O101622,C01070,2024-12-31,delivered,home,card,1,26.0,695.94,10.0,3.0
O101623,C00452,2026-07-31,completed,electronics,cash,1,18.0,738.3,4.0,4.0
O101624,C00400,2025-02-14,delivered,beauty,card,5,17.0,1045.23,11.0,
O101625,,2024-12-15,completed,toys,card,5,28.0,6995.79,1.0,5.0
O101626,C01753,2026-06-27,processing,toys,card,1,11.0,452.54,2.0,
O101627,C01360,2025-01-02,completed,home,card,2,11.0,1941.35,6.0,3.0
O101628,C01061,2026-07-31,completed,electronics,card,4,7.0,3666.58,5.0,4.0
O101629,C01547,2026-05-23,delivered,toys,cash,3,1.0,1327.81,9.0,3.0
O101630,C00481,2025-07-10,delivered,clothing,sbp,4,25.0,388.71,16.0,3.0
O101631,C01936,2024-09-26,delivered,electronics,card,5,21.0,2889.01,16.0,2.0
O101632,C00250,2024-09-30,cancelled,electronics,sbp,5,,3753.95,,
O101633,C01170,2026-07-31,cancelled,home,card,2,17.0,584.7,,
O101634,C00683,2026-05-31,processing,beauty,card,2,20.0,1120.81,1.0,
O101635,C01809,2024-09-03,delivered,toys,sbp,2,23.0,963.15,5.0,4.0
O101636,C00490,2026-06-28,delivered,toys,wallet,1,2.0,229.84,17.0,2.0
O101637,C01284,2026-03-29,cancelled,home,card,3,15.0,1364.72,,
O101638,C00313,2024-06-16,completed,toys,sbp,1,26.0,327.88,2.0,5.0
O101639,C00364,2026-07-31,completed,electronics,sbp,1,12.0,665.18,16.0,2.0
O101640,C00833,2026-01-15,completed,electronics,card,1,17.0,307.35,8.0,2.0
O101641,C01599,2026-07-31,delivered,electronics,card,4,13.0,1115.39,14.0,1.0
O101642,C00557,2026-07-31,delivered,beauty,sbp,3,26.0,398.78,14.0,2.0
O101643,C01388,2025-10-19,completed,toys,card,2,25.0,5757.77,16.0,2.0
O101644,C01143,2026-07-31,completed,beauty,cash,3,,1029.22,20.0,2.0
O101645,C01956,2025-12-18,completed,toys,card,4,12.0,797.82,16.0,2.0
O101646,C00602,2026-07-31,delivered,clothing,card,4,29.0,3194.24,8.0,4.0
O101647,C00487,2025-02-22,completed,beauty,card,3,14.0,1716.69,4.0,5.0
O101648,C01806,2024-07-27,cancelled,clothing,card,5,22.0,3819.97,,
O101649,C99999,2025-08-20,processing,beauty,card,2,7.0,1663.07,6.0,
O101650,C00430,2026-04-17,cancelled,beauty,sbp,5,5.0,5925.91,,
O101651,C01643,2025-10-23,cancelled,clothing,cash,1,0.0,210.23,,
O101652,C01626,2026-07-31,processing,electronics,card,1,8.0,554.05,10.0,
O101653,C00126,2025-06-04,delivered,electronics,cash,4,6.0,557.28,15.0,3.0
O101654,C01713,2026-07-31,delivered,beauty,card,4,29.0,1542.13,1.0,5.0
O101655,C01267,2025-02-16,cancelled,home,card,5,25.0,4213.13,,
O101656,C00558,2026-07-31,delivered,clothing,card,1,30.0,240.77,15.0,3.0
O101657,C01071,2025-09-10,completed,toys,card,5,28.0,14678.43,20.0,1.0
O101658,C00478,2024-08-22,completed,clothing,card,5,17.0,2499.54,12.0,3.0
O101659,C00338,2025-04-27,delivered,clothing,cash,3,22.0,347.36,1.0,5.0
O101660,C00265,2026-07-31,cancelled,beauty,wallet,3,6.0,2598.79,,
O101661,C00331,2026-01-12,delivered,clothing,card,1,13.0,2910.72,12.0,3.0
O101662,C01166,2024-09-07,completed,clothing,card,4,25.0,329.36,16.0,1.0
O101663,C01621,2025-07-28,delivered,home,cash,4,21.0,3490.66,16.0,2.0
O101664,C00973,2026-02-05,cancelled,clothing,sbp,4,29.0,893.21,,
O101665,C00031,2025-10-07,cancelled,clothing,card,2,3.0,943.81,,
O101666,C00858,2024-08-07,delivered,electronics,sbp,3,14.0,518.67,19.0,1.0
O101667,C01494,2025-06-04,completed,beauty,wallet,1,2.0,975.35,2.0,5.0
O101668,C01671,2026-07-31,completed,clothing,card,3,4.0,1145.82,5.0,4.0
O101669,C01466,2024-07-29,processing,beauty,card,5,5.0,6233.84,14.0,
O101670,C00739,2026-07-31,completed,home,cash,5,22.0,1081.11,12.0,3.0
O101671,C01300,2024-08-30,cancelled,electronics,card,4,18.0,1670.75,,
O101672,C00137,2025-07-26,completed,clothing,card,2,14.0,154.8,16.0,2.0
O101673,C00820,2026-07-31,processing,clothing,sbp,2,13.0,7873.94,12.0,
O101674,C01074,2025-07-05,completed,home,cash,4,25.0,9154.68,1.0,5.0
O101675,C00057,2025-11-17,delivered,clothing,cash,1,5.0,2816.96,16.0,3.0
O101676,C00029,2026-04-23,delivered,home,cash,2,11.0,3359.78,9.0,3.0
O101677,C01604,2025-07-27,cancelled,beauty,card,3,16.0,921.4,,
O101678,C00441,2026-07-31,cancelled,electronics,sbp,1,12.0,475.65,,
O101679,C00252,2025-04-20,completed,beauty,sbp,5,28.0,3110.66,8.0,3.0
O101680,C01185,2025-11-27,completed,clothing,sbp,2,12.0,1329.7,10.0,3.0
O101681,C00562,2024-06-10,completed,home,card,5,17.0,1025.6,2.0,4.0
O101682,C01959,2025-09-12,delivered,electronics,sbp,1,18.0,197.03,4.0,3.0
O101683,C01894,2026-07-31,delivered,electronics,sbp,1,16.0,169.07,12.0,4.0
O101684,C01648,2025-11-05,completed,home,card,3,6.0,1050.89,7.0,3.0
O101685,C00604,2024-08-28,cancelled,clothing,card,5,11.0,1907.37,,
O101686,C01751,2026-06-19,completed,beauty,card,1,30.0,343.04,6.0,4.0
O101687,C00511,2026-07-31,Completed,home,card,1,0.0,602.43,6.0,4.0
O101688,C00480,2025-02-19,completed,home,card,4,,651.96,18.0,2.0
O101689,C01947,2024-11-28,delivered,clothing,card,1,7.0,248.76,16.0,2.0
O101690,C01349,2026-07-31,completed,toys,card,3,19.0,804.61,15.0,3.0
O101691,C00172,2025-02-27,processing,toys,card,1,10.0,948.77,3.0,
O101692,C01774,2025-11-08,delivered,electronics,card,1,4.0,577.09,6.0,4.0
O101693,C00322,2024-06-06,delivered,clothing,cash,2,14.0,1291.69,7.0,4.0
O101694,C01363,2025-01-29,completed,toys,cash,4,13.0,933.69,11.0,3.0
O101695,C00877,2025-08-24,cancelled,electronics,cash,3,28.0,1526.92,,
O101696,C00035,2026-07-31,cancelled,electronics,card,5,5.0,1325.98,,
O101697,C01576,2025-08-27,delivered,toys,sbp,1,9.0,272.56,16.0,2.0
O101698,C01374,2025-05-12,completed,clothing,cash,1,26.0,662.26,18.0,3.0
O101699,C01769,2024-10-31,completed,toys,cash,4,9.0,1174.71,15.0,2.0
O101700,C01224,2025-10-26,completed,clothing,sbp,2,0.0,905.73,6.0,
O101701,C01512,2025-02-10,completed,clothing,card,2,9.0,794.12,12.0,3.0
O101702,C01813,2026-06-17,delivered,clothing,card,5,14.0,963.0,9.0,3.0
O101703,C01953,2024-07-28,completed,clothing,sbp,2,6.0,620.88,14.0,3.0
O101704,C01122,2024-05-15,cancelled,toys,card,1,5.0,314.44,,
O101705,C00034,2025-10-17,delivered,home,card,1,13.0,363.09,14.0,3.0
O101706,C00692,2026-07-31,delivered,toys,card,5,1.0,582.37,7.0,4.0
O101707,C01240,2025-01-13,processing,clothing,card,1,23.0,274.95,11.0,
O101708,C00220,2026-07-31,completed,toys,wallet,5,12.0,5109.83,5.0,4.0
O101709,C00233,2024-09-18,completed,home,sbp,1,22.0,699.18,8.0,5.0
O101710,C00790,2024-06-13,delivered,electronics,card,2,15.0,715.93,20.0,1.0
O101711,C01821,2025-09-16,delivered,clothing,card,1,0.0,191.75,3.0,4.0
O101712,C00644,2026-01-25,cancelled,electronics,sbp,3,30.0,1601.88,,
O101713,C01871,2025-01-28,cancelled,electronics,cash,5,23.0,5343.21,,
O101714,C01606,2026-07-31,delivered,toys,card,5,2.0,8292.21,12.0,2.0
O101715,C00607,2025-05-08,processing,toys,card,2,12.0,648.04,10.0,
O101716,C00463,2026-07-31,completed,electronics,wallet,1,20.0,211.02,19.0,1.0
O101717,C01656,2025-03-08,completed,electronics,card,4,0.0,2897.79,16.0,1.0
O101718,C01513,2026-06-16,completed,electronics,card,2,6.0,1313.48,19.0,2.0
O101719,C01261,2025-04-26,delivered,beauty,card,5,30.0,2484.4,10.0,3.0
O101720,C01957,2025-07-03,completed,home,sbp,1,22.0,296.44,15.0,2.0
O101721,C00201,2025-10-02,completed,home,cash,1,27.0,172.94,13.0,3.0
O101722,C00772,2026-07-31,processing,home,card,4,27.0,3381.15,16.0,
O101723,C01206,2026-07-31,completed,toys,card,4,11.0,4038.08,20.0,1.0
O101724,C00144,2025-11-11,completed,electronics,wallet,4,25.0,1477.81,11.0,3.0
O101725,C01953,2024-04-16,completed,electronics,card,3,21.0,5808.31,2.0,5.0
O101726,C01144,2026-05-29,completed,home,card,5,19.0,2976.24,11.0,2.0
O101727,C00617,2025-07-24,completed,toys,card,4,19.0,1713.56,6.0,4.0
O101728,C00479,2026-01-06,completed,home,card,1,6.0,191.27,5.0,4.0
O101729,C00003,2026-04-17,completed,beauty,wallet,5,30.0,632.11,6.0,5.0
O101730,C01186,2025-04-29,cancelled,beauty,card,3,4.0,981.46,,
O101731,C01954,2026-01-11,completed,electronics,card,1,5.0,661.83,18.0,3.0
O101732,C00073,2025-08-31,Completed,home,card,4,27.0,12748.4,7.0,3.0
O101733,C00828,2026-07-31,delivered,beauty,card,4,6.0,2080.46,3.0,4.0
O101734,C01325,2026-03-06,cancelled,electronics,card,2,2.0,1582.8,,
O101735,C00862,2026-07-31,processing,home,wallet,1,20.0,254.22,17.0,
O101736,C01302,2025-08-02,delivered,electronics,card,5,,2911.32,20.0,2.0
O101737,C01426,2026-07-31,completed,beauty,card,5,2.0,2622.34,3.0,5.0
O101738,C01932,2025-12-24,completed,electronics,card,1,5.0,231.28,14.0,3.0
O101739,C01209,2025-06-26,completed,clothing,wallet,4,25.0,5749.34,20.0,2.0
O101740,C01420,2025-08-24,cancelled,home,wallet,1,4.0,442.64,,
O101741,C00604,2024-05-30,delivered,home,wallet,5,6.0,5965.37,3.0,4.0
O101742,C00302,2026-04-25,completed,electronics,card,2,20.0,993.13,2.0,3.0
O101743,C00200,2026-07-31,completed,electronics,cash,1,23.0,378.0,1.0,5.0
O101744,C00219,2026-02-03,cancelled,beauty,cash,4,17.0,1054.97,,
O101745,C01655,2025-02-26,delivered,toys,card,5,4.0,1861.52,19.0,2.0
O101746,C00082,2025-12-25,completed,home,cash,4,,6361.71,14.0,2.0
O101747,C00967,2026-06-29,cancelled,electronics,cash,5,22.0,1200.51,,
O101748,C01227,2024-05-25,delivered,home,cash,5,14.0,4198.56,4.0,4.0
O101749,C01345,2024-06-23,delivered,home,card,2,2.0,768.32,10.0,
O101750,C00133,2024-10-18,delivered,clothing,card,4,27.0,3158.62,1.0,4.0
O101751,C01722,2026-02-11,delivered,electronics,card,4,3.0,2325.74,13.0,2.0
O101752,C99999,2026-07-31,completed,electronics,card,5,21.0,847.94,19.0,1.0
O101753,C00036,2024-08-15,processing,electronics,card,3,1.0,1687.77,4.0,
O101754,C00266,2025-06-16,cancelled,home,cash,3,12.0,8359.89,,
O101755,C01719,2025-04-02,delivered,clothing,card,5,20.0,3150.83,20.0,2.0
O101756,C01887,2025-12-18,delivered,clothing,card,5,5.0,5172.38,16.0,3.0
O101757,C01504,2024-10-30,processing,clothing,card,1,5.0,625.02,17.0,
O101758,C00667,2025-07-28,completed,home,card,5,20.0,4628.65,2.0,4.0
O101759,C01894,2026-04-23,completed,home,card,2,11.0,554.86,18.0,1.0
O101760,C00552,2025-11-15,cancelled,clothing,sbp,3,8.0,1341.4,,
O101761,C00468,2026-02-19,completed,electronics,sbp,3,27.0,2988.94,17.0,2.0
O101762,C01530,2026-05-21,delivered,electronics,card,1,9.0,372.36,15.0,2.0
O101763,C00645,2026-05-03,delivered,home,card,3,9.0,3485.42,12.0,4.0
O101764,,2026-07-31,completed,clothing,card,5,,1103.9,18.0,2.0
O101765,C01323,2025-09-28,completed,clothing,card,4,5.0,2065.94,7.0,5.0
O101766,C00333,2025-05-02,cancelled,clothing,sbp,3,13.0,1201.73,,
O101767,C01852,2025-08-12,completed,electronics,wallet,1,20.0,4066.84,20.0,1.0
O101768,C00333,2024-11-28,completed,electronics,card,4,2.0,1442.98,19.0,1.0
O101769,C01986,2026-06-16,completed,home,sbp,4,4.0,2758.58,8.0,3.0
O101770,C00555,2026-07-31,completed,clothing,card,3,28.0,300.51,16.0,3.0
O101771,C00834,2025-02-25,delivered,home,sbp,2,22.0,387.18,20.0,1.0
O101772,C00507,2026-02-28,processing,electronics,card,2,10.0,1258.6,5.0,
O101773,C01079,2025-04-29,delivered,beauty,card,2,13.0,797.94,5.0,4.0
O101774,C00002,2026-05-25,delivered,clothing,sbp,2,11.0,810.32,18.0,2.0
O101775,C00342,2025-07-22,completed,home,cash,1,28.0,379.94,12.0,3.0
O101776,C01039,2025-12-05,processing,clothing,wallet,2,23.0,849.91,1.0,
O101777,C01388,2025-08-19,cancelled,clothing,card,5,7.0,626.56,,
O101778,C01926,2024-12-29,cancelled,beauty,wallet,3,2.0,1379.11,,
O101779,C01675,2026-01-21,completed,electronics,sbp,3,15.0,1240.37,6.0,4.0
O101780,C01844,2026-06-24,completed,electronics,card,5,24.0,5782.67,20.0,2.0
O101781,C01598,2026-06-19,completed,electronics,card,5,26.0,4805.69,6.0,4.0
O101782,C01554,2025-10-18,completed,toys,wallet,3,3.0,153.8,7.0,3.0
O101783,C00692,2026-07-31,completed,toys,card,2,20.0,547.54,16.0,3.0
O101784,C01811,2025-02-14,cancelled,home,card,3,14.0,6249.73,,
O101785,C01927,2025-05-04,completed,clothing,card,5,6.0,5085.62,7.0,4.0
O101786,C01028,2025-01-19,completed,electronics,card,2,16.0,1459.48,19.0,1.0
O101787,C00241,2025-02-13,cancelled,beauty,card,5,2.0,1647.89,,
O101788,C00086,2026-03-18,processing,electronics,card,3,1.0,2672.29,9.0,
O101789,C00988,2025-02-04,completed,electronics,cash,4,17.0,586.43,11.0,2.0
O101790,C01270,2024-07-03,completed,beauty,card,1,5.0,313.33,2.0,4.0
O101791,C01110,2024-08-04,cancelled,electronics,card,5,17.0,3246.42,,
O101792,C01793,2025-06-22,processing,beauty,card,4,30.0,3204.73,19.0,
O101793,C01074,2026-04-19,delivered,beauty,card,5,6.0,2929.4,6.0,5.0
O101794,,2025-09-17,completed,beauty,card,4,22.0,2700.4,16.0,
O101795,C01516,2026-07-02,delivered,home,card,3,24.0,1685.74,7.0,2.0
O101796,C01790,2026-07-31,cancelled,clothing,wallet,2,3.0,765.82,,
O101797,C01220,2025-03-30,completed,home,cash,5,7.0,7201.14,6.0,4.0
O101798,C01115,2025-05-21,completed,beauty,sbp,3,6.0,6500.88,2.0,5.0
O101799,C00155,2025-03-23,cancelled,home,card,2,30.0,946.26,,
O101800,C01285,2025-04-25,delivered,beauty,sbp,2,18.0,384.88,1.0,5.0
O101801,C00360,2026-07-31,completed,toys,cash,1,22.0,408.32,1.0,5.0
O101802,C00738,2024-12-30,cancelled,home,wallet,5,3.0,2641.0,,
O101803,C01065,2026-01-14,delivered,toys,cash,4,18.0,336.4,16.0,2.0
O101804,C00166,2026-07-31,completed,electronics,wallet,2,17.0,2875.34,7.0,3.0
O101805,C01390,2026-06-17,completed,toys,sbp,2,20.0,591.41,6.0,4.0
O101806,C00562,2024-02-17,completed,toys,wallet,5,13.0,1271.58,8.0,3.0
O101807,C01029,2026-02-07,processing,electronics,card,4,0.0,1502.14,18.0,
O101808,C00701,2026-04-04,completed,home,card,4,20.0,1350.32,16.0,2.0
O101809,,2026-01-23,cancelled,clothing,card,1,11.0,515.61,,
O101810,C00788,2026-07-31,delivered,beauty,wallet,5,8.0,4633.94,16.0,1.0
O101811,,2026-07-15,cancelled,electronics,wallet,3,26.0,4101.27,,
O101812,C00391,2026-06-24,processing,clothing,wallet,4,5.0,3709.76,9.0,
O101813,C01572,2025-11-18,processing,clothing,card,1,28.0,231.78,6.0,
O101814,C00244,2026-02-14,cancelled,clothing,sbp,4,15.0,1806.35,,
O101815,C00995,2025-05-12,completed,toys,card,1,5.0,535.79,14.0,3.0
O101816,C00281,2024-12-04,completed,clothing,cash,3,26.0,1890.09,13.0,3.0
O101817,C01078,2025-01-12,completed,clothing,card,2,27.0,1457.63,14.0,2.0
O101818,C01288,2025-06-09,delivered,beauty,card,3,29.0,1573.17,2.0,4.0
O101819,C00938,2024-12-22,completed,electronics,card,5,11.0,2299.15,5.0,3.0
O101820,C01544,2025-10-29,completed,electronics,card,1,28.0,1021.05,15.0,2.0
O101821,C00531,2025-10-24,completed,electronics,card,3,21.0,1329.26,5.0,4.0
O101822,C01116,2025-11-27,cancelled,toys,cash,5,12.0,5297.5,,
O101823,C00553,2026-07-31,completed,beauty,card,5,27.0,4722.98,18.0,2.0
O101824,C01018,2025-07-05,completed,home,cash,3,15.0,4725.85,15.0,3.0
O101825,C00128,2026-06-17,delivered,clothing,card,4,6.0,2346.07,5.0,4.0
O101826,C00539,2025-10-10,delivered,clothing,card,3,23.0,4691.77,19.0,2.0
O101827,C01416,2026-03-14,cancelled,home,card,3,4.0,1159.58,,
O101828,C01557,2026-07-31,delivered,clothing,card,1,9.0,649.69,13.0,2.0
O101829,C00544,2024-07-10,cancelled,electronics,sbp,5,14.0,4543.48,,
O101830,C00517,2026-07-31,completed,electronics,sbp,3,18.0,658.57,9.0,4.0
O101831,C00598,2026-01-19,Completed,toys,cash,5,19.0,1799.42,5.0,5.0
O101832,C00559,2026-06-14,delivered,home,cash,2,25.0,577.58,1.0,5.0
O101833,C01988,2025-06-04,completed,electronics,cash,1,17.0,470.56,15.0,2.0
O101834,C01303,2025-11-22,cancelled,toys,sbp,2,15.0,643.54,,
O101835,C00772,2026-07-31,processing,clothing,card,4,21.0,2146.36,10.0,
O101836,C00924,2025-01-30,completed,home,card,3,15.0,1388.89,7.0,3.0
O101837,C01022,2025-01-31,cancelled,electronics,sbp,4,28.0,1576.16,,
O101838,C01106,2025-05-28,completed,toys,card,2,12.0,1111.86,16.0,3.0
O101839,C00773,2024-02-17,completed,electronics,wallet,2,3.0,570.91,2.0,5.0
O101840,C01949,2024-03-29,completed,toys,sbp,4,19.0,988.85,20.0,
O101841,C00581,2025-03-20,delivered,home,card,3,29.0,569.08,6.0,4.0
O101842,C00855,2025-03-22,processing,electronics,wallet,2,6.0,235.75,20.0,
O101843,C00012,2026-07-31,completed,electronics,card,2,4.0,572.14,6.0,
O101844,C00984,2025-08-18,delivered,beauty,cash,2,13.0,1516.56,9.0,4.0
O101845,C01710,2024-08-23,completed,electronics,cash,2,28.0,841.33,15.0,2.0
O101846,C01995,2026-01-31,completed,electronics,sbp,4,8.0,1990.3,5.0,4.0
O101847,C00947,2026-07-07,delivered,home,card,1,23.0,356.47,11.0,3.0
O101848,C00279,2025-01-19,cancelled,electronics,card,4,8.0,9247.14,,
O101849,C01440,2026-07-31,delivered,clothing,card,1,25.0,562.53,19.0,1.0
O101850,C01282,2026-03-27,processing,home,card,3,7.0,937.92,6.0,
O101851,C01918,2025-04-20,completed,electronics,card,3,27.0,634.69,2.0,5.0
O101852,C01011,2024-10-10,delivered,clothing,card,5,15.0,9701.09,17.0,2.0
O101853,C00006,2026-05-28,completed,electronics,cash,4,3.0,642.12,11.0,4.0
O101854,C01802,2025-11-23,cancelled,toys,card,2,29.0,521.83,,
O101855,C01351,2024-12-12,completed,electronics,card,2,20.0,522.08,5.0,4.0
O101856,C01601,2025-04-15,completed,home,card,4,0.0,1917.03,3.0,4.0
O101857,C00238,2025-12-26,cancelled,home,sbp,5,10.0,3273.06,,
O101858,C00915,2026-05-27,completed,beauty,cash,4,27.0,2081.92,4.0,4.0
O101859,C00916,2025-11-29,delivered,clothing,card,5,11.0,1840.37,4.0,5.0
O101860,C00536,2024-06-17,processing,electronics,card,2,29.0,322.27,4.0,
O101861,C01694,2025-11-15,delivered,clothing,card,3,16.0,6528.35,7.0,4.0
O101862,C00377,2026-07-31,delivered,home,card,3,3.0,1827.2,10.0,
O101863,C00143,2025-04-01,processing,beauty,sbp,3,18.0,2327.85,14.0,
O101864,C00469,2025-01-18,delivered,electronics,card,1,1.0,286.92,16.0,2.0
O101865,C01980,2026-07-31,completed,beauty,card,2,21.0,777.02,17.0,1.0
O101866,C00227,2026-07-31,cancelled,electronics,card,2,2.0,2518.53,,
O101867,C01162,2025-08-02,delivered,clothing,sbp,3,18.0,253.27,12.0,3.0
O101868,C00367,2025-11-13,cancelled,home,card,2,4.0,1815.19,,
O101869,C00790,2024-10-24,delivered,electronics,cash,2,7.0,808.78,7.0,3.0
O101870,C01104,2024-07-07,completed,toys,wallet,4,6.0,2749.25,5.0,4.0
O101871,C00040,2026-04-04,cancelled,home,sbp,2,11.0,3733.38,,
O101872,C00483,2024-10-18,completed,electronics,card,2,18.0,672.43,8.0,3.0
O101873,C01174,2025-01-05,cancelled,electronics,card,3,26.0,170.2,,
O101874,C00030,2025-03-19,cancelled,beauty,card,1,20.0,205.8,,
O101875,C00990,2026-07-31,processing,beauty,wallet,2,22.0,995.74,12.0,
O101876,C01208,2026-06-19,completed,electronics,cash,1,26.0,1843.24,18.0,2.0
O101877,C00431,2024-09-04,completed,electronics,wallet,1,14.0,361.21,17.0,2.0
O101878,C00325,2026-07-31,completed,home,card,4,3.0,6800.34,3.0,5.0
O101879,C00981,2026-02-02,completed,clothing,card,1,7.0,150.0,20.0,2.0
O101880,C01438,2025-10-02,completed,clothing,card,1,30.0,329.36,6.0,4.0
O101881,C00026,2026-02-12,delivered,clothing,wallet,1,25.0,1130.39,5.0,3.0
O101882,C00676,2026-07-11,completed,clothing,card,4,30.0,4193.91,2.0,4.0
O101883,C01999,2024-12-16,processing,electronics,cash,2,7.0,206.39,19.0,
O101884,C00672,2026-01-04,completed,clothing,card,2,4.0,503.26,4.0,4.0
O101885,C00665,2025-10-26,completed,electronics,card,4,28.0,1764.42,12.0,3.0
O101886,C01476,2024-11-29,delivered,electronics,card,2,30.0,579.33,7.0,3.0
O101887,C00961,2025-05-11,completed,toys,card,5,13.0,6278.39,8.0,4.0
O101888,C00783,2024-11-23,delivered,electronics,wallet,5,30.0,2489.25,12.0,3.0
O101889,C01570,2026-07-31,delivered,electronics,card,5,20.0,775.84,4.0,5.0
O101890,C00062,2026-03-13,delivered,beauty,sbp,4,26.0,2849.35,9.0,4.0
O101891,C01426,2026-07-31,delivered,toys,card,2,6.0,1486.37,14.0,3.0
O101892,C00762,2025-06-27,cancelled,beauty,card,4,17.0,785.95,,
O101893,C01778,2024-12-20,processing,electronics,card,4,4.0,966.32,14.0,
O101894,C01450,2024-06-26,completed,home,card,5,23.0,1394.22,20.0,1.0
O101895,C01883,2025-05-01,delivered,home,card,1,7.0,1470.37,18.0,2.0
O101896,C00258,2025-01-15,cancelled,beauty,card,5,26.0,2295.75,,
O101897,C00379,2025-09-14,completed,electronics,card,5,17.0,420.72,7.0,3.0
O101898,C01807,2024-03-01,delivered,clothing,sbp,5,21.0,940.78,2.0,4.0
O101899,C00781,2026-04-09,delivered,electronics,cash,2,,1747.33,11.0,4.0
O101900,C01632,2026-07-31,completed,home,wallet,1,27.0,355.47,13.0,2.0
O101901,,2025-05-27,completed,clothing,sbp,4,14.0,738.32,13.0,2.0
O101902,C01000,2026-01-01,cancelled,clothing,card,1,12.0,364.03,,
O101903,C00091,2025-10-17,completed,home,card,1,24.0,1080.36,16.0,2.0
O101904,C00148,2024-12-23,completed,beauty,wallet,5,12.0,14049.38,5.0,4.0
O101905,C01434,2025-07-24,cancelled,toys,card,5,4.0,2352.1,,
O101906,C00195,2026-07-31,cancelled,home,card,3,19.0,2187.0,,
O101907,C00010,2024-09-25,delivered,electronics,card,4,29.0,1819.18,15.0,2.0
O101908,C00440,2025-03-30,completed,beauty,card,3,19.0,1761.23,3.0,5.0
O101909,C01829,2025-11-05,completed,electronics,sbp,4,18.0,940.39,6.0,4.0
O101910,C01254,2026-03-21,cancelled,electronics,card,3,8.0,4696.75,,
O101911,C01437,2025-02-16,completed,clothing,card,4,10.0,1365.91,11.0,
O101912,C01305,2026-02-14,processing,home,cash,4,18.0,817.89,11.0,
O101913,C01131,2026-01-04,cancelled,electronics,sbp,4,16.0,1065.27,,
O101914,C00513,2026-07-31,completed,electronics,wallet,3,29.0,2516.41,15.0,1.0
O101915,C00858,2025-01-26,delivered,electronics,cash,4,13.0,1126.85,20.0,2.0
O101916,C01090,2025-01-04,processing,home,card,1,20.0,1657.97,1.0,
O101917,C01977,2026-07-31,cancelled,home,card,1,25.0,821.92,,
O101918,C01799,2025-04-04,delivered,clothing,card,1,20.0,981.63,20.0,1.0
O101919,C01474,2024-09-18,completed,clothing,card,4,8.0,1409.97,1.0,4.0
O101920,C01627,2026-02-22,delivered,beauty,sbp,2,25.0,599.44,17.0,3.0
O101921,C01615,2025-02-18,delivered,clothing,sbp,4,19.0,2023.6,15.0,2.0
O101922,C01336,2026-07-31,delivered,clothing,card,5,14.0,953.1,17.0,2.0
O101923,C01651,2025-02-07,completed,home,card,4,22.0,2876.19,8.0,3.0
O101924,C00147,2024-03-11,processing,home,wallet,3,25.0,3079.19,13.0,
O101925,C00044,2025-11-06,delivered,beauty,card,1,30.0,283.26,11.0,3.0
O101926,C00889,2024-05-10,completed,electronics,card,5,22.0,4278.04,9.0,3.0
O101927,C00110,2025-10-20,completed,beauty,card,2,2.0,1208.18,15.0,2.0
O101928,C00679,2026-01-27,completed,clothing,card,3,18.0,3610.53,12.0,2.0
O101929,C00397,2024-04-13,delivered,toys,card,4,19.0,7340.63,20.0,1.0
O101930,C01916,2025-08-05,completed,clothing,cash,5,2.0,4604.71,17.0,1.0
O101931,C01311,2025-12-26,delivered,clothing,card,3,11.0,1413.16,17.0,2.0
O101932,C00084,2026-07-31,completed,electronics,card,5,2.0,6464.32,12.0,3.0
O101933,C01248,2026-01-25,completed,clothing,card,4,12.0,2047.02,6.0,3.0
O101934,C01465,2026-04-16,completed,clothing,card,2,13.0,796.88,13.0,3.0
O101935,C00651,2025-05-25,completed,beauty,card,2,13.0,605.06,5.0,4.0
O101936,C01766,2026-07-31,completed,beauty,card,3,23.0,1598.5,4.0,3.0
O101937,,2024-08-11,completed,clothing,card,4,10.0,4404.66,20.0,2.0
O101938,C01962,2026-07-18,delivered,beauty,card,4,11.0,863.6,6.0,3.0
O101939,C00187,2024-12-31,delivered,beauty,wallet,4,16.0,730.82,5.0,3.0
O101940,C00899,2024-10-30,delivered,toys,card,1,4.0,185.63,11.0,3.0
O101941,C01554,2026-07-17,completed,clothing,sbp,3,7.0,3348.0,3.0,5.0
O101942,C00886,2026-04-26,completed,electronics,wallet,1,19.0,677.62,18.0,2.0
O101943,C00962,2025-10-25,completed,toys,card,1,26.0,1602.92,18.0,2.0
O101944,C00657,2026-06-12,delivered,home,card,4,20.0,1301.27,12.0,2.0
O101945,C00838,2025-06-01,delivered,clothing,card,5,25.0,926.37,9.0,4.0
O101946,C01390,2026-07-31,cancelled,clothing,sbp,5,5.0,8561.46,,
O101947,C00052,2025-02-27,delivered,electronics,card,5,2.0,1367.96,1.0,4.0
O101948,C01599,2026-07-31,completed,electronics,card,2,25.0,1692.29,8.0,4.0
O101949,C01456,2025-01-14,completed,electronics,card,1,2.0,169.46,12.0,3.0
O101950,C00278,2026-05-09,processing,home,card,2,27.0,1138.84,13.0,
O101951,C01544,2025-12-05,completed,clothing,card,3,12.0,1297.38,8.0,4.0
O101952,C01043,2025-08-17,completed,clothing,cash,5,0.0,788.61,15.0,2.0
O101953,C00638,2024-11-11,completed,electronics,card,2,20.0,4476.97,9.0,
O101954,C00911,2026-02-26,processing,electronics,card,2,30.0,484.19,10.0,
O101955,C01034,2025-06-28,processing,clothing,sbp,5,18.0,1165.94,12.0,
O101956,C00422,2025-10-21,completed,electronics,sbp,5,24.0,1459.65,20.0,1.0
O101957,C01213,2025-10-01,completed,beauty,card,4,6.0,344.81,20.0,2.0
O101958,C01259,2025-10-30,cancelled,clothing,cash,1,28.0,379.28,,
O101959,C00736,2026-02-28,completed,clothing,sbp,3,17.0,875.98,3.0,5.0
O101960,C00922,2026-04-10,completed,clothing,card,2,23.0,2179.82,6.0,4.0
O101961,C01232,2026-02-08,delivered,home,card,1,0.0,634.44,5.0,5.0
O101962,C01008,2026-01-17,completed,electronics,card,1,10.0,178.71,18.0,2.0
O101963,C00869,2025-11-24,completed,home,card,2,5.0,584.32,17.0,2.0
O101964,C01913,2024-12-30,delivered,electronics,card,1,28.0,2764.4,6.0,4.0
O101965,C01757,2025-09-08,delivered,clothing,sbp,1,,237.58,3.0,5.0
O101966,C00760,2026-04-30,delivered,clothing,sbp,2,17.0,1904.51,9.0,3.0
O101967,C01438,2025-12-28,completed,home,cash,3,22.0,857.94,20.0,3.0
O101968,C01621,2025-06-10,completed,home,sbp,4,8.0,883.47,1.0,5.0
O101969,C00221,2025-03-30,cancelled,beauty,wallet,5,23.0,1597.1,,
O101970,C01184,2025-05-25,completed,clothing,cash,2,20.0,3195.39,3.0,5.0
O101971,C01600,2026-02-18,completed,electronics,wallet,4,3.0,609.36,13.0,3.0
O101972,C00115,2025-10-04,completed,home,wallet,5,7.0,4165.95,18.0,1.0
O101973,C00676,2025-12-01,completed,clothing,card,4,5.0,5228.32,4.0,5.0
O101974,C01596,2024-09-21,delivered,home,wallet,2,6.0,633.69,8.0,2.0
O101975,C01872,2024-09-05,completed,clothing,wallet,2,6.0,2188.05,7.0,5.0
O101976,C01985,2026-05-12,delivered,clothing,card,3,18.0,2897.86,3.0,
O101977,C01207,2025-10-11,completed,home,cash,5,17.0,1292.3,12.0,3.0
O101978,C00086,2026-05-08,cancelled,clothing,card,4,15.0,921.91,,
O101979,C00056,2024-03-09,delivered,beauty,card,3,2.0,1306.94,20.0,2.0
O101980,C01623,2026-07-31,completed,home,cash,1,22.0,537.29,7.0,3.0
O101981,C01469,2026-07-31,cancelled,clothing,card,4,24.0,1466.3,,
O101982,C00388,2026-07-31,processing,electronics,cash,4,23.0,3097.44,14.0,
O101983,C99999,2025-03-21,completed,electronics,card,3,20.0,795.99,19.0,2.0
O101984,C00292,2024-10-11,delivered,electronics,card,1,18.0,237.63,3.0,3.0
O101985,C01755,2026-02-10,delivered,electronics,cash,3,22.0,1482.92,5.0,4.0
O101986,C01530,2026-07-31,delivered,electronics,wallet,5,11.0,2957.87,20.0,2.0
O101987,C01897,2026-04-29,completed,home,card,5,9.0,7037.29,1.0,5.0
O101988,C00228,2026-02-19,completed,clothing,card,3,17.0,2126.16,5.0,4.0
O101989,C01391,2025-09-19,completed,electronics,card,5,17.0,4345.83,17.0,2.0
O101990,C01848,2025-05-18,completed,clothing,card,1,4.0,373.9,19.0,2.0
O101991,C01066,2025-05-31,completed,beauty,card,1,9.0,375.93,15.0,1.0
O101992,C01549,2025-12-07,cancelled,clothing,card,4,5.0,1185.42,,
O101993,C01205,2025-09-17,completed,toys,cash,5,13.0,2851.73,3.0,4.0
O101994,C00015,2026-06-10,completed,beauty,card,1,24.0,553.61,3.0,5.0
O101995,C00858,2024-05-16,completed,beauty,sbp,1,2.0,532.44,1.0,5.0
O101996,,2024-07-21,completed,home,card,5,19.0,2095.09,5.0,4.0
O101997,C00168,2025-01-27,cancelled,beauty,wallet,5,6.0,2381.12,,
O101998,C01192,2025-02-12,Completed,clothing,card,3,17.0,5564.14,7.0,4.0
O101999,C01858,2025-11-11,completed,home,card,1,2.0,613.67,4.0,4.0
O102000,C00108,2025-12-25,completed,electronics,card,2,5.0,1571.65,5.0,4.0
O102001,C00659,2024-11-12,completed,electronics,card,4,19.0,2868.06,10.0,4.0
O102002,C01340,2025-08-20,processing,toys,wallet,2,29.0,857.28,9.0,
O102003,C00626,2025-03-31,completed,clothing,card,2,24.0,1514.21,18.0,1.0
O102004,C00234,2026-07-31,completed,electronics,card,3,30.0,1503.06,17.0,2.0
O102005,C00383,2026-07-31,completed,electronics,sbp,3,30.0,543.69,12.0,3.0
O102006,C00050,2026-01-06,completed,clothing,card,4,17.0,1238.66,20.0,2.0
O102007,C01985,2025-09-30,completed,beauty,cash,3,21.0,7283.81,19.0,1.0
O102008,C00983,2026-05-09,processing,beauty,card,3,13.0,3759.62,2.0,
O102009,C01886,2024-09-24,completed,electronics,sbp,3,26.0,1163.89,1.0,5.0
O102010,C01372,2025-04-14,completed,electronics,sbp,4,5.0,3382.05,3.0,5.0
O102011,C00699,2024-07-01,completed,electronics,card,4,10.0,2347.83,9.0,
O102012,C01885,2026-07-13,completed,home,card,1,29.0,1986.68,10.0,3.0
O102013,C00521,2025-09-18,processing,clothing,cash,1,24.0,444.22,4.0,
O102014,C00362,2026-07-31,delivered,home,cash,5,2.0,2948.4,14.0,3.0
O102015,C01611,2026-07-31,processing,home,cash,1,7.0,260.43,9.0,
O102016,C01107,2025-02-27,cancelled,electronics,card,3,25.0,1327.56,,
O102017,C00846,2024-08-27,delivered,electronics,card,5,17.0,274.93,16.0,2.0
O102018,C01177,2025-09-28,delivered,clothing,cash,3,24.0,1819.61,15.0,
O102019,C01936,2025-01-29,delivered,home,card,1,11.0,1099.73,18.0,1.0
O102020,C00561,2025-06-14,delivered,home,card,2,24.0,3815.91,20.0,1.0
O102021,C01803,2025-08-20,delivered,toys,card,1,21.0,723.99,3.0,5.0
O102022,C01822,2026-07-31,delivered,electronics,card,1,17.0,367.85,5.0,4.0
O102023,C01519,2025-04-10,completed,toys,sbp,2,18.0,510.81,7.0,4.0
O102024,C00315,2024-12-18,delivered,electronics,card,2,1.0,673.78,19.0,2.0
O102025,C00180,2025-06-13,completed,clothing,card,4,24.0,548.67,9.0,4.0
O102026,C00241,2025-01-25,delivered,electronics,sbp,5,18.0,2014.19,19.0,1.0
O102027,C01405,2024-07-31,delivered,electronics,card,3,7.0,554.52,5.0,5.0
O102028,C00800,2025-09-22,delivered,electronics,sbp,3,3.0,916.75,7.0,4.0
O102029,C01975,2025-06-16,delivered,electronics,sbp,5,27.0,2092.19,4.0,3.0
O102030,C00013,2026-07-31,cancelled,home,cash,2,13.0,1282.6,,
O102031,C00747,2025-08-24,cancelled,beauty,card,3,9.0,394.54,,
O102032,C00529,2026-07-31,completed,home,card,3,27.0,1123.41,7.0,4.0
O102033,C01764,2026-04-15,completed,beauty,card,5,2.0,4265.25,18.0,1.0
O102034,C00243,2024-08-12,CANCELED,home,card,2,27.0,3019.8,,
O102035,C00817,2024-03-22,completed,toys,card,3,12.0,1392.9,1.0,5.0
O102036,C01734,2026-07-31,completed,electronics,card,2,24.0,5715.3,12.0,3.0
O102037,C01943,2026-04-17,cancelled,toys,card,2,1.0,1725.69,,
O102038,C01833,2025-12-18,cancelled,clothing,card,4,23.0,2070.68,,
O102039,C01308,2024-09-18,completed,clothing,card,5,20.0,6662.02,16.0,2.0
O102040,C00326,2025-04-08,cancelled,home,card,1,27.0,328.43,,
O102041,C00194,2025-03-03,completed,electronics,cash,5,5.0,1065.44,6.0,5.0
O102042,C00823,2025-04-09,cancelled,electronics,wallet,3,3.0,3107.92,,
O102043,C00959,2026-07-31,delivered,clothing,cash,5,,3766.77,13.0,2.0
O102044,C01029,2026-01-29,delivered,beauty,wallet,4,20.0,4544.54,15.0,2.0
O102045,C00100,2024-05-12,completed,beauty,card,1,28.0,1115.34,10.0,3.0
O102046,C01351,2024-04-05,completed,electronics,sbp,1,24.0,2460.81,13.0,2.0
O102047,C00791,2024-07-06,completed,electronics,card,5,18.0,771.46,5.0,5.0
O102048,C00218,2025-02-13,delivered,home,card,4,25.0,1484.3,7.0,3.0
O102049,C01831,2025-11-17,processing,clothing,cash,5,20.0,1956.94,3.0,
O102050,C00714,2026-07-08,delivered,electronics,sbp,1,4.0,1253.09,11.0,3.0
O102051,C00465,2024-05-07,cancelled,clothing,card,1,13.0,663.94,,
O102052,C00985,2025-10-10,completed,home,card,5,6.0,6284.93,17.0,3.0
O102053,C01902,2025-07-15,cancelled,electronics,sbp,5,2.0,3090.07,,
O102054,C01650,2026-06-05,cancelled,electronics,card,2,5.0,971.04,,
O102055,C00200,2026-07-31,completed,electronics,card,5,13.0,4247.18,17.0,2.0
O102056,C01374,2025-09-25,delivered,clothing,card,1,17.0,607.3,16.0,3.0
O102057,C01330,2025-01-29,completed,electronics,card,2,12.0,1346.08,14.0,3.0
O102058,C01772,2024-12-23,completed,home,card,1,30.0,830.07,15.0,
O102059,C01932,2025-10-05,completed,beauty,card,3,11.0,2091.44,13.0,3.0
O102060,C01492,2025-06-18,delivered,electronics,card,3,15.0,3244.79,5.0,5.0
O102061,C01309,2025-06-08,cancelled,electronics,sbp,4,19.0,2054.4,,
O102062,C00708,2026-02-20,completed,electronics,cash,2,7.0,1128.71,6.0,3.0
O102063,C01799,2026-02-02,processing,toys,card,3,15.0,663.74,13.0,
O102064,C01887,2026-02-27,cancelled,clothing,card,3,6.0,3245.65,,
O102065,C01983,2025-01-22,delivered,beauty,sbp,2,28.0,3874.58,19.0,2.0
O102066,C01910,2026-07-31,processing,beauty,wallet,5,14.0,582.74,14.0,
O102067,C01284,2026-07-31,cancelled,toys,wallet,5,23.0,4114.25,,
O102068,C01913,2024-12-25,completed,beauty,cash,1,13.0,438.44,5.0,4.0
O102069,C01565,2025-08-08,processing,electronics,wallet,2,22.0,850.37,6.0,
O102070,C00481,2025-06-15,completed,home,card,2,3.0,1628.27,4.0,4.0
O102071,C00064,2026-07-31,completed,toys,card,2,28.0,962.35,15.0,2.0
O102072,C01962,2026-07-31,completed,home,card,1,9.0,674.54,10.0,3.0
O102073,C00855,2025-01-08,delivered,beauty,card,2,14.0,739.08,7.0,3.0
O102074,C01747,2026-07-31,processing,toys,card,4,23.0,6569.0,12.0,
O102075,C00577,2026-07-31,completed,home,card,2,28.0,817.91,18.0,1.0
O102076,C00722,2026-07-31,delivered,home,card,4,16.0,1072.03,8.0,3.0
O102077,C01649,2026-06-19,completed,home,card,1,12.0,650.39,9.0,3.0
O102078,C01051,2025-05-08,cancelled,clothing,sbp,5,14.0,1263.31,,
O102079,C01356,2025-11-25,completed,electronics,cash,3,8.0,1783.75,6.0,4.0
O102080,C00641,2026-02-24,delivered,home,card,4,12.0,7361.11,10.0,4.0
O102081,C01229,2024-09-14,delivered,toys,card,3,24.0,1426.19,2.0,5.0
O102082,C00974,2026-01-09,completed,toys,card,4,21.0,667.02,2.0,4.0
O102083,C01864,2025-05-28,processing,electronics,card,3,24.0,1060.53,7.0,
O102084,C00985,2025-12-03,processing,beauty,card,1,9.0,943.84,16.0,
O102085,C00178,2024-09-21,delivered,electronics,sbp,2,12.0,1073.48,11.0,3.0
O102086,C01474,2025-06-30,delivered,home,wallet,5,2.0,4317.65,10.0,3.0
O102087,C01908,2024-10-07,cancelled,toys,card,2,19.0,594.08,,
O102088,C01766,2026-07-31,completed,toys,card,1,21.0,354.4,2.0,
O102089,C00202,2026-07-31,completed,home,card,3,26.0,2454.13,20.0,2.0
O102090,C01998,2026-07-06,delivered,home,sbp,4,27.0,7151.04,11.0,2.0
O102091,C00695,2024-10-26,delivered,clothing,card,5,0.0,1807.35,13.0,
O102092,C01668,2026-04-03,delivered,home,cash,5,5.0,2538.57,7.0,3.0
O102093,C01261,2024-11-27,delivered,electronics,card,5,23.0,5939.39,16.0,
O102094,C01947,2025-02-27,delivered,electronics,card,2,14.0,1094.43,16.0,2.0
O102095,C00683,2026-06-09,completed,beauty,cash,4,10.0,3283.0,2.0,
O102096,C01216,2025-04-07,completed,electronics,card,2,14.0,545.13,11.0,3.0
O102097,C01366,2024-11-24,completed,home,sbp,5,28.0,2470.76,9.0,4.0
O102098,C00309,2024-12-17,completed,clothing,card,2,29.0,599.47,17.0,2.0
O102099,C01551,2025-03-10,cancelled,electronics,cash,4,4.0,511.75,,
O102100,C00287,2024-08-05,cancelled,electronics,wallet,5,20.0,1214.23,,
O102101,C01658,2026-07-31,completed,electronics,card,3,19.0,2115.78,14.0,2.0
O102102,C00253,2024-10-26,delivered,electronics,card,3,13.0,2298.64,7.0,3.0
O102103,C00359,2024-09-17,completed,home,cash,3,23.0,2733.9,10.0,3.0
O102104,C00990,2026-07-31,delivered,home,card,2,5.0,1480.77,5.0,4.0
O102105,C00365,2024-11-26,processing,clothing,card,1,4.0,412.57,6.0,
O102106,C00154,2025-08-06,completed,beauty,card,3,10.0,341.08,19.0,2.0
O102107,C00105,2026-07-31,Completed,beauty,sbp,4,27.0,789.19,15.0,2.0
O102108,C00573,2025-03-06,completed,home,card,4,1.0,4769.95,7.0,2.0
O102109,C00982,2025-10-07,completed,home,card,1,12.0,251.21,14.0,4.0
O102110,C00089,2026-01-02,delivered,home,cash,4,19.0,1856.96,11.0,3.0
O102111,C00276,2025-09-25,cancelled,electronics,cash,2,0.0,1036.23,,
O102112,C01224,2026-02-18,delivered,electronics,card,4,8.0,650.76,4.0,3.0
O102113,C00638,2025-03-29,cancelled,electronics,card,3,20.0,1928.27,,
O102114,C01516,2026-07-31,cancelled,home,card,5,23.0,8363.75,,
O102115,C01681,2026-06-12,delivered,clothing,sbp,1,0.0,485.41,3.0,5.0
O102116,C00061,2026-07-31,completed,toys,card,2,21.0,794.5,10.0,3.0
O102117,C01898,2026-07-31,completed,electronics,card,4,29.0,780.22,11.0,3.0
O102118,C01368,2025-10-10,delivered,clothing,card,2,15.0,791.59,12.0,2.0
O102119,C01645,2024-07-25,delivered,electronics,card,2,15.0,1519.53,17.0,2.0
O102120,C00957,2025-05-28,completed,beauty,card,4,24.0,1960.98,20.0,1.0
O102121,C00002,2025-12-25,completed,clothing,card,3,27.0,1039.86,15.0,3.0
O102122,C01771,2025-01-07,completed,home,card,1,9.0,1101.82,20.0,2.0
O102123,C01137,2026-07-31,completed,home,card,2,20.0,799.42,11.0,3.0
O102124,C00075,2026-05-01,delivered,electronics,sbp,4,22.0,1399.71,18.0,2.0
O102125,C00334,2026-07-31,cancelled,beauty,cash,1,29.0,551.68,,
O102126,C00413,2025-05-21,cancelled,beauty,cash,5,13.0,7009.58,,
O102127,C00752,2024-08-09,processing,home,card,2,16.0,870.89,1.0,
O102128,C00885,2026-07-31,delivered,electronics,wallet,3,11.0,727.91,16.0,2.0
O102129,C00856,2026-07-31,completed,home,card,4,10.0,999999.99,14.0,2.0
O102130,C01737,2025-06-11,delivered,home,cash,2,10.0,755.77,9.0,3.0
O102131,C01886,2024-06-13,cancelled,toys,cash,3,2.0,2304.19,,
O102132,C01358,2025-02-04,delivered,electronics,card,5,22.0,478.41,20.0,1.0
O102133,C01268,2025-08-25,delivered,toys,card,5,,2537.4,9.0,4.0
O102134,C01729,2025-03-13,delivered,beauty,cash,2,18.0,807.75,20.0,2.0
O102135,C00536,2024-11-05,completed,electronics,card,5,28.0,1143.41,8.0,4.0
O102136,C01117,2026-07-31,completed,home,wallet,1,13.0,186.73,19.0,2.0
O102137,C01286,2024-11-29,completed,electronics,cash,5,30.0,1969.22,4.0,4.0
O102138,C00572,2025-11-08,completed,electronics,wallet,3,1.0,628.33,3.0,4.0
O102139,C01904,2025-01-04,cancelled,home,cash,2,1.0,150.0,,
O102140,C00472,2026-02-16,completed,electronics,card,1,10.0,192.44,19.0,2.0
O102141,C00119,2024-12-17,completed,electronics,wallet,4,7.0,743.54,8.0,4.0
O102142,C00647,2025-10-31,cancelled,home,sbp,1,23.0,504.42,,
O102143,C01632,2026-07-31,cancelled,toys,card,4,6.0,761.46,,
O102144,C00750,2025-01-13,delivered,electronics,card,1,25.0,492.49,12.0,3.0
O102145,C00434,2024-05-13,completed,electronics,card,3,15.0,689.59,19.0,1.0
O102146,,2025-02-10,completed,electronics,wallet,3,7.0,2764.5,7.0,4.0
O102147,C00307,2024-12-09,delivered,electronics,cash,5,14.0,3324.78,10.0,4.0
O102148,C00318,2026-06-04,cancelled,toys,card,3,19.0,1162.72,,
O102149,C01798,2024-11-15,completed,clothing,wallet,2,30.0,1105.76,5.0,4.0
O102150,C00643,2026-07-31,processing,home,card,4,1.0,3121.59,4.0,
O102151,C00004,2025-09-09,delivered,clothing,card,5,10.0,2587.26,15.0,3.0
O102152,C00868,2026-07-31,delivered,toys,card,3,14.0,1654.99,11.0,2.0
O102153,C01483,2024-09-22,completed,clothing,card,4,18.0,365.2,17.0,3.0
O102154,C01515,2025-07-31,processing,toys,card,5,,1627.42,5.0,
O102155,C00175,2026-04-24,delivered,home,card,3,24.0,792.94,6.0,4.0
O102156,C00563,2025-09-26,completed,toys,card,5,15.0,5710.76,14.0,3.0
O102157,C01236,2025-03-30,completed,clothing,wallet,5,0.0,1802.82,19.0,2.0
O102158,C01321,2024-05-22,completed,beauty,card,1,7.0,287.21,3.0,4.0
O102159,C01242,2026-07-26,completed,clothing,card,3,,2352.75,12.0,3.0
O102160,C00676,2026-03-04,completed,home,card,1,14.0,150.0,3.0,5.0
O102161,C01726,2026-07-31,completed,home,card,4,21.0,1839.69,6.0,3.0
O102162,C00157,2024-12-21,delivered,clothing,cash,4,21.0,405.53,1.0,5.0
O102163,C01646,2025-03-04,delivered,clothing,wallet,1,28.0,276.93,15.0,3.0
O102164,C01880,2024-04-12,delivered,electronics,card,1,8.0,340.24,14.0,3.0
O102165,C01371,2026-07-31,delivered,toys,card,4,29.0,6322.99,13.0,3.0
O102166,C00860,2026-07-31,completed,clothing,card,2,22.0,874.82,19.0,2.0
O102167,C00762,2025-11-03,completed,electronics,card,1,17.0,241.68,19.0,2.0
O102168,C00872,2025-02-25,delivered,home,card,1,4.0,442.84,11.0,4.0
O102169,C00333,2024-11-21,delivered,home,card,5,22.0,7800.51,18.0,1.0
O102170,C00445,2025-09-03,completed,electronics,cash,3,,285.71,2.0,5.0
O102171,C01272,2025-01-23,processing,clothing,sbp,4,30.0,3656.85,13.0,
O102172,C01101,2025-08-14,cancelled,home,card,3,7.0,2002.33,,
O102173,C00994,2025-12-17,cancelled,beauty,card,5,26.0,2244.21,,
O102174,C99999,2025-02-06,delivered,clothing,cash,5,29.0,1921.69,8.0,4.0
O102175,C00156,2026-06-18,completed,electronics,card,5,18.0,7778.56,5.0,5.0
O102176,C01736,2026-07-31,processing,home,cash,4,2.0,3501.73,1.0,
O102177,C01912,2026-07-31,processing,electronics,card,1,4.0,214.84,15.0,
O102178,C00491,2026-07-31,cancelled,beauty,card,3,,1504.9,,
O102179,C00629,2025-09-22,cancelled,beauty,card,1,11.0,1334.33,,
O102180,C01261,2025-01-06,processing,beauty,cash,3,15.0,2273.15,19.0,
O102181,,2025-09-24,delivered,clothing,card,3,27.0,1823.47,20.0,1.0
O102182,C00205,2026-02-13,completed,electronics,sbp,3,18.0,521.2,6.0,3.0
O102183,C01804,2024-10-24,delivered,home,card,5,2.0,15679.69,5.0,4.0
O102184,C00346,2025-07-28,delivered,electronics,card,2,13.0,1755.12,15.0,2.0
O102185,C01155,2025-09-26,cancelled,electronics,wallet,5,27.0,10262.06,,
O102186,C01765,2026-03-16,delivered,clothing,card,4,25.0,2508.2,5.0,5.0
O102187,C01467,2026-03-01,delivered,clothing,card,3,19.0,1456.84,20.0,
O102188,C00544,2025-04-18,processing,clothing,cash,3,14.0,882.81,10.0,
O102189,C00306,2024-08-10,delivered,electronics,wallet,2,25.0,2150.22,15.0,2.0
O102190,C01436,2024-11-19,completed,electronics,cash,4,16.0,6531.33,6.0,4.0
O102191,C00810,2026-07-31,delivered,home,cash,4,12.0,4533.98,7.0,3.0
O102192,C01936,2025-03-18,completed,clothing,sbp,1,4.0,2994.51,20.0,1.0
O102193,C01291,2025-03-03,completed,home,wallet,5,9.0,2736.09,1.0,4.0
O102194,C00023,2024-11-02,delivered,home,sbp,1,24.0,299.85,9.0,4.0
O102195,C00502,2026-07-29,processing,home,card,1,30.0,605.36,20.0,
O102196,C01489,2024-12-12,completed,toys,cash,3,18.0,2812.63,20.0,2.0
O102197,C01403,2025-07-08,completed,toys,card,1,18.0,399.33,13.0,2.0
O102198,C01484,2024-11-25,delivered,electronics,card,4,20.0,1903.69,2.0,5.0
O102199,C00468,2026-05-13,delivered,clothing,cash,2,21.0,1169.36,17.0,2.0
O102200,C00499,2026-07-31,completed,beauty,card,2,18.0,1462.65,5.0,4.0
O102201,C00419,2025-04-14,completed,beauty,cash,3,28.0,1646.57,2.0,4.0
O102202,C01392,2026-02-14,delivered,electronics,card,5,27.0,2916.59,13.0,3.0
O102203,C00024,2026-07-31,processing,toys,sbp,1,14.0,819.53,12.0,
O102204,C01629,2025-03-19,completed,beauty,card,5,8.0,4556.72,6.0,4.0
O102205,C00564,2025-03-17,delivered,beauty,card,4,2.0,1326.49,19.0,1.0
O102206,C00977,2024-08-11,cancelled,electronics,card,3,18.0,340.21,,
O102207,C00494,2025-08-11,completed,clothing,cash,5,7.0,1073.69,13.0,3.0
O102208,C00851,2026-07-31,cancelled,clothing,cash,4,6.0,2850.15,,
O102209,C01529,2024-02-07,completed,clothing,sbp,5,19.0,1373.04,8.0,3.0
O102210,C00397,2024-12-26,completed,electronics,sbp,3,23.0,1828.14,12.0,2.0
O102211,C01140,2026-05-01,completed,electronics,card,3,23.0,1412.08,6.0,3.0
O102212,C00115,2025-07-12,completed,beauty,card,2,11.0,1039.72,12.0,2.0
O102213,C00356,2026-07-31,cancelled,clothing,card,2,15.0,1460.06,,
O102214,C01369,2026-07-31,delivered,home,card,1,14.0,1276.65,14.0,3.0
O102215,C01137,2026-07-31,cancelled,electronics,card,2,19.0,972.46,,
O102216,C01223,2026-07-24,cancelled,toys,card,5,11.0,1070.36,,
O102217,C00451,2026-06-16,completed,toys,card,2,21.0,1263.86,7.0,3.0
O102218,C00413,2025-08-12,processing,home,card,3,6.0,2614.88,19.0,
O102219,C00852,2026-04-08,cancelled,clothing,cash,2,1.0,162.43,,
O102220,,2025-01-11,completed,electronics,wallet,5,13.0,1382.4,8.0,3.0
O102221,C01777,2025-09-24,cancelled,home,cash,3,14.0,1513.23,,
O102222,C00536,2024-09-22,cancelled,beauty,card,2,17.0,671.09,,
O102223,C01439,2024-11-18,CANCELED,toys,card,5,27.0,2743.54,,
O102224,C00314,2025-06-28,completed,electronics,card,1,9.0,299.09,3.0,4.0
O102225,C01303,2026-03-13,completed,clothing,card,1,1.0,1042.8,2.0,5.0
O102226,C00408,2024-05-19,processing,clothing,card,1,8.0,513.43,20.0,
O102227,C00563,2025-07-27,delivered,clothing,wallet,1,20.0,150.0,6.0,4.0
O102228,C00825,2026-01-31,cancelled,home,card,1,29.0,884.58,,
O102229,C00250,2024-12-24,processing,clothing,card,4,17.0,3722.74,1.0,
O102230,C00250,2024-04-29,completed,beauty,card,4,8.0,1913.0,3.0,5.0
O102231,C01506,2025-02-14,processing,electronics,card,1,22.0,150.0,7.0,
O102232,C00692,2026-03-02,delivered,clothing,wallet,1,8.0,1013.91,17.0,2.0
O102233,C01136,2024-06-06,delivered,clothing,card,5,27.0,1087.7,14.0,2.0
O102234,C01294,2024-04-10,completed,beauty,card,5,4.0,1845.3,2.0,4.0
O102235,C01246,2026-07-31,completed,beauty,card,4,27.0,1245.09,9.0,4.0
O102236,C01255,2026-04-14,completed,beauty,card,4,18.0,623.08,7.0,4.0
O102237,C01951,2026-05-25,completed,clothing,card,3,25.0,1485.52,17.0,1.0
O102238,C01262,2026-05-20,completed,electronics,card,2,19.0,1159.04,2.0,4.0
O102239,C00697,2026-07-13,completed,home,cash,2,13.0,1079.08,2.0,5.0
O102240,C00570,2025-09-19,delivered,toys,card,3,21.0,1250.31,7.0,4.0
O102241,C01602,2026-06-17,processing,electronics,card,1,5.0,271.52,13.0,
O102242,C00844,2024-03-01,completed,electronics,card,5,9.0,7980.18,16.0,3.0
O102243,C01118,2026-01-23,completed,electronics,card,5,22.0,2857.52,20.0,2.0
O102244,C01630,2025-03-22,delivered,home,cash,1,0.0,233.13,17.0,1.0
O102245,C00471,2026-04-12,delivered,clothing,card,3,23.0,2102.7,4.0,5.0
O102246,C00445,2025-11-04,delivered,electronics,cash,2,3.0,1319.08,8.0,4.0
O102247,C00106,2026-04-04,processing,electronics,card,2,4.0,1612.3,20.0,
O102248,C00145,2026-07-31,completed,home,card,2,,960.42,12.0,2.0
O102249,C01233,2026-06-26,delivered,clothing,card,3,22.0,898.31,16.0,2.0
O102250,C01008,2025-09-25,processing,electronics,cash,5,0.0,823.77,15.0,
O102251,C00596,2026-07-31,delivered,home,card,4,22.0,1289.56,7.0,4.0
O102252,C00424,2025-07-25,delivered,electronics,cash,5,25.0,654.83,10.0,4.0
O102253,C01391,2025-03-07,processing,electronics,card,2,16.0,1253.62,9.0,
O102254,C00171,2025-02-05,completed,electronics,sbp,5,3.0,681.65,19.0,2.0
O102255,C01402,2025-02-05,completed,electronics,card,3,26.0,1112.37,3.0,5.0
O102256,C01810,2026-07-31,completed,electronics,sbp,2,7.0,1765.73,4.0,4.0
O102257,C00911,2026-04-19,cancelled,electronics,card,1,27.0,405.99,,
O102258,C00990,2026-07-26,cancelled,electronics,wallet,5,19.0,2349.98,,
O102259,C01073,2026-07-31,completed,home,sbp,1,5.0,702.6,12.0,3.0
O102260,C00191,2026-04-21,delivered,beauty,card,3,2.0,2228.89,11.0,2.0
O102261,C01254,2026-07-31,delivered,electronics,cash,5,5.0,5651.99,4.0,4.0
O102262,C00731,2026-07-06,completed,home,card,4,17.0,3093.21,5.0,5.0
O102263,C00938,2024-06-18,cancelled,electronics,wallet,1,2.0,656.06,,
O102264,C00046,2026-07-31,completed,beauty,card,5,14.0,513.0,2.0,4.0
O102265,,2026-03-03,cancelled,electronics,card,3,28.0,1793.53,,
O102266,C00667,2025-08-09,cancelled,electronics,card,2,30.0,3714.51,,
O102267,C00152,2025-03-08,completed,clothing,sbp,2,5.0,1654.2,20.0,1.0
O102268,C01565,2025-11-14,delivered,electronics,wallet,5,19.0,5351.61,14.0,3.0
O102269,C01960,2025-04-04,delivered,electronics,card,3,16.0,861.94,16.0,2.0
O102270,C01040,2026-07-31,completed,clothing,card,2,14.0,932.68,5.0,3.0
O102271,C00067,2026-07-31,completed,home,cash,2,2.0,1548.13,3.0,
O102272,C01984,2025-12-14,cancelled,electronics,card,5,11.0,3511.71,,
O102273,C00417,2026-07-31,delivered,electronics,wallet,2,,1854.24,8.0,3.0
O102274,C00481,2025-06-10,delivered,beauty,card,3,20.0,596.54,19.0,1.0
O102275,C01417,2026-06-13,completed,electronics,card,1,13.0,261.26,13.0,3.0
O102276,C00664,2024-12-05,delivered,electronics,card,2,28.0,350.06,5.0,4.0
O102277,C00170,2024-07-22,delivered,clothing,wallet,4,7.0,2424.1,4.0,5.0
O102278,C01366,2024-06-29,completed,electronics,card,4,16.0,1696.74,5.0,4.0
O102279,C00525,2025-03-02,completed,beauty,wallet,5,21.0,2108.6,18.0,1.0
O102280,C01724,2026-01-26,completed,electronics,card,1,6.0,285.85,18.0,2.0
O102281,C00308,2026-01-09,delivered,electronics,card,3,14.0,752.84,14.0,2.0
O102282,C01813,2025-09-12,completed,beauty,card,1,3.0,493.48,13.0,4.0
O102283,C01448,2026-07-31,cancelled,beauty,sbp,4,15.0,4779.93,,
O102284,C00479,2026-07-01,completed,home,card,1,20.0,1726.62,6.0,4.0
O102285,C01158,2026-05-08,cancelled,electronics,card,1,29.0,1731.49,,
O102286,C01877,2024-10-16,Completed,clothing,cash,5,0.0,1693.75,10.0,3.0
O102287,C00129,2025-12-08,delivered,toys,card,1,9.0,191.25,14.0,2.0
O102288,C01640,2025-07-11,delivered,clothing,sbp,5,9.0,4996.03,20.0,1.0
O102289,C00921,2026-04-16,delivered,toys,sbp,4,30.0,5464.28,17.0,
O102290,C01899,2026-04-18,processing,home,card,3,26.0,2064.61,14.0,
O102291,C00418,2024-07-08,completed,beauty,cash,1,25.0,483.78,13.0,3.0
O102292,C01439,2025-08-23,completed,electronics,card,2,26.0,596.84,15.0,3.0
O102293,C01936,2025-04-15,Processing ,toys,card,2,4.0,1599.73,20.0,
O102294,C00688,2025-07-25,delivered,beauty,sbp,2,6.0,1561.99,14.0,3.0
O102295,C00216,2024-10-27,cancelled,beauty,card,2,10.0,1235.88,,
O102296,C00785,2025-02-30,completed,toys,wallet,1,20.0,203.33,19.0,1.0
O102297,C01197,2026-07-31,cancelled,beauty,card,2,9.0,445.09,,
O102298,C01261,2025-07-24,completed,home,card,1,25.0,457.09,14.0,3.0
O102299,C00964,2024-11-29,processing,home,card,5,22.0,5669.98,19.0,
O102300,C01866,2025-03-02,completed,beauty,card,5,21.0,5100.94,10.0,3.0
O102301,C01157,2024-12-17,processing,home,wallet,2,8.0,716.14,13.0,
O102302,C01282,2026-07-31,delivered,home,cash,1,16.0,150.0,15.0,1.0
O102303,C01913,2024-11-30,processing,home,card,5,8.0,7169.86,18.0,
O102304,C01879,2026-04-04,delivered,beauty,wallet,1,19.0,1329.72,4.0,4.0
O102305,C00683,2026-07-31,completed,electronics,card,4,22.0,2176.41,8.0,4.0
O102306,C00573,2025-08-28,cancelled,home,card,1,13.0,349.33,,
O102307,C01498,2026-07-31,delivered,home,sbp,1,24.0,385.39,2.0,3.0
O102308,C01051,2025-09-28,completed,beauty,card,5,,5189.25,9.0,2.0
O102309,C00895,2026-02-17,delivered,electronics,card,3,22.0,2271.35,10.0,4.0
O102310,C01397,2025-12-01,cancelled,clothing,sbp,2,6.0,699.76,,
O102311,C01322,2025-01-17,delivered,electronics,card,1,15.0,2867.78,3.0,5.0
O102312,C01828,2026-07-31,completed,home,card,4,27.0,579.58,13.0,2.0
O102313,C00732,2025-10-10,cancelled,beauty,sbp,3,23.0,913.55,,
O102314,C01509,2026-07-31,completed,home,card,1,14.0,310.01,3.0,4.0
O102315,C00455,2026-04-07,completed,home,sbp,4,18.0,2145.53,12.0,1.0
O102316,C01875,2025-06-29,completed,clothing,sbp,3,19.0,3657.41,2.0,4.0
O102317,C00168,2025-03-16,completed,home,card,5,26.0,4780.85,6.0,3.0
O102318,C01501,2025-12-17,delivered,beauty,card,4,9.0,2181.24,18.0,1.0
O102319,C00204,2026-06-27,completed,home,sbp,3,21.0,511.28,1.0,4.0
O102320,C01761,2025-04-04,completed,electronics,card,1,29.0,1057.99,2.0,4.0
O102321,C01919,2025-05-10,completed,clothing,card,2,19.0,397.41,6.0,4.0
O102322,C01636,2025-07-08,cancelled,home,card,2,22.0,714.58,,
O102323,C01577,2025-08-27,delivered,clothing,card,5,19.0,2319.25,12.0,1.0
O102324,C00957,2025-12-23,delivered,home,card,2,28.0,516.55,5.0,4.0
O102325,C00490,2026-06-14,delivered,toys,sbp,3,9.0,762.84,10.0,3.0
O102326,C01972,2026-06-11,completed,beauty,card,5,29.0,5008.42,2.0,4.0
O102327,,2025-08-12,cancelled,electronics,card,1,18.0,1577.13,,
O102328,C01634,2026-07-31,completed,clothing,wallet,4,18.0,1857.73,6.0,3.0
O102329,C01429,2025-06-02,completed,home,card,5,30.0,593.61,15.0,3.0
O102330,C01403,2025-05-11,completed,beauty,card,5,1.0,3083.65,3.0,4.0
O102331,C00706,2026-01-03,completed,electronics,wallet,3,29.0,847.0,6.0,5.0
O102332,C00854,2024-12-02,completed,electronics,card,2,29.0,1315.03,16.0,2.0
O102333,C00880,2026-06-30,delivered,home,card,1,3.0,624.15,15.0,2.0
O102334,C01205,2025-09-15,completed,clothing,sbp,3,19.0,328.1,7.0,4.0
O102335,C01437,2025-12-07,Processing ,electronics,card,5,12.0,1802.87,5.0,
O102336,C00398,2025-05-11,delivered,toys,card,3,6.0,2420.42,19.0,2.0
O102337,C00455,2025-10-01,delivered,clothing,sbp,4,7.0,1829.4,2.0,4.0
O102338,C00097,2025-02-08,processing,electronics,card,2,0.0,409.96,18.0,
O102339,C01053,2026-02-18,completed,electronics,sbp,4,23.0,3332.02,8.0,3.0
O102340,,2025-03-19,cancelled,electronics,card,3,8.0,390.03,,
O102341,C00421,2026-07-31,delivered,electronics,sbp,2,17.0,1188.42,18.0,2.0
O102342,C01424,2025-10-02,delivered,clothing,card,2,12.0,640.28,19.0,2.0
O102343,C00007,2024-08-26,completed,electronics,card,4,27.0,2789.28,15.0,2.0
O102344,C01733,2026-01-08,delivered,home,card,1,4.0,410.55,2.0,
O102345,C01381,2026-07-31,completed,clothing,card,5,3.0,3635.05,15.0,2.0
O102346,C01367,2025-08-12,delivered,home,card,5,22.0,7319.76,18.0,2.0
O102347,C01415,2025-10-13,delivered,toys,cash,5,19.0,4293.3,2.0,5.0
O102348,C00718,2025-06-08,completed,toys,sbp,5,17.0,4231.48,19.0,1.0
O102349,C01992,2025-05-20,completed,clothing,card,5,15.0,3927.55,4.0,3.0
O102350,C01494,2025-03-25,processing,clothing,sbp,5,16.0,623.92,11.0,
O102351,C00363,2025-03-23,delivered,home,card,3,18.0,1576.61,14.0,2.0
O102352,C01845,2026-01-02,delivered,clothing,card,1,,611.41,7.0,4.0
O102353,C01480,2026-01-13,processing,beauty,card,1,25.0,766.86,14.0,
O102354,C00622,2025-11-21,completed,home,cash,1,28.0,460.53,8.0,4.0
O102355,C01896,2026-04-03,delivered,electronics,card,4,26.0,3493.8,9.0,3.0
O102356,C00497,2024-08-10,cancelled,clothing,card,1,,228.83,,
O102357,C01290,2026-04-02,completed,beauty,card,1,0.0,2426.59,19.0,2.0
O102358,C01341,2025-11-01,completed,home,card,5,17.0,3850.76,5.0,4.0
O102359,C01927,2025-06-04,cancelled,home,card,1,26.0,235.98,,
O102360,C01141,2026-03-29,completed,home,card,1,12.0,1457.35,6.0,5.0
O102361,C01989,2024-12-07,completed,clothing,card,3,30.0,605.36,4.0,4.0
O102362,C00569,2026-03-21,completed,electronics,card,2,7.0,992.98,8.0,3.0
O102363,C01604,2025-07-16,cancelled,home,card,1,23.0,540.38,,
O102364,C00491,2026-07-31,delivered,electronics,card,4,3.0,1419.93,16.0,
O102365,C01999,2025-04-02,completed,home,wallet,3,6.0,1340.69,20.0,2.0
O102366,C01528,2024-07-26,completed,electronics,card,3,28.0,1554.98,13.0,3.0
O102367,C01252,2025-10-28,completed,toys,card,2,9.0,417.59,17.0,2.0
O102368,C00133,2024-12-02,delivered,home,card,4,29.0,2452.81,18.0,1.0
O102369,C00995,2026-01-24,cancelled,electronics,cash,3,3.0,1481.79,,
O102370,C00289,2026-01-07,completed,beauty,cash,3,27.0,7000.63,20.0,2.0
O102371,C01836,2025-04-29,delivered,home,card,5,30.0,8075.25,18.0,1.0
O102372,C00759,2025-03-13,delivered,home,card,3,30.0,822.27,19.0,1.0
O102373,C01662,2026-05-02,cancelled,clothing,wallet,5,,2200.89,,
O102374,C01813,2026-01-06,delivered,clothing,card,5,,1414.49,19.0,1.0
O102375,C00221,2024-05-20,completed,home,sbp,1,27.0,401.81,12.0,3.0
O102376,C01519,2025-03-27,delivered,clothing,card,2,4.0,1960.08,15.0,1.0
O102377,C00606,2026-02-11,delivered,home,sbp,4,23.0,1815.68,15.0,2.0
O102378,C00218,2025-02-19,delivered,electronics,sbp,1,2.0,330.57,18.0,1.0
O102379,C00522,2025-01-05,completed,beauty,card,4,10.0,3199.1,5.0,
O102380,C01100,2025-10-20,completed,toys,card,3,24.0,313.96,1.0,4.0
O102381,C01711,2024-12-10,completed,clothing,card,2,8.0,723.46,9.0,4.0
O102382,C01384,2026-07-31,completed,clothing,sbp,3,2.0,4423.12,17.0,2.0
O102383,C00467,2025-01-07,completed,electronics,card,2,14.0,3063.2,9.0,4.0
O102384,C00592,2026-05-30,completed,beauty,card,3,20.0,4200.19,8.0,4.0
O102385,C00609,2026-07-31,completed,electronics,card,4,,736.04,8.0,3.0
O102386,C01473,2025-06-15,completed,beauty,cash,3,20.0,548.73,13.0,3.0
O102387,C01038,2024-03-25,processing,beauty,card,5,17.0,1659.82,2.0,
O102388,C00048,2026-07-31,delivered,clothing,card,3,21.0,1493.15,17.0,2.0
O102389,C00153,2026-07-31,completed,beauty,card,5,0.0,1370.59,9.0,3.0
O102390,C00152,2025-03-27,delivered,clothing,card,3,5.0,385.34,14.0,2.0
O102391,C01923,2026-07-31,delivered,clothing,card,5,19.0,5175.58,3.0,4.0
O102392,C01010,2025-12-02,completed,beauty,sbp,5,12.0,4529.54,19.0,1.0
O102393,C00983,2025-10-10,delivered,clothing,wallet,5,27.0,1535.87,13.0,2.0
O102394,C01523,2025-04-16,completed,electronics,sbp,1,8.0,870.95,4.0,
O102395,C00381,2024-11-19,delivered,home,card,1,6.0,1048.15,19.0,2.0
O102396,C00064,2026-07-31,completed,home,card,5,1.0,367.06,12.0,3.0
O102397,C00542,2024-04-21,delivered,home,card,4,10.0,3297.96,15.0,2.0
O102398,C00417,2026-07-31,completed,clothing,card,3,2.0,1407.98,16.0,1.0
O102399,C01597,2026-06-01,completed,home,wallet,4,28.0,263.94,9.0,4.0
O102400,C01637,2024-08-31,delivered,electronics,sbp,1,15.0,1112.69,7.0,5.0
O102401,C01269,2026-07-31,completed,clothing,wallet,3,21.0,1575.23,10.0,4.0
O102402,C01820,2025-05-24,completed,electronics,sbp,1,18.0,150.0,17.0,2.0
O102403,C00930,2025-11-21,completed,home,card,4,0.0,2708.89,13.0,3.0
O102404,C00481,2024-11-04,delivered,beauty,card,3,17.0,1708.58,2.0,5.0
O102405,C00664,2025-01-15,delivered,electronics,sbp,4,12.0,3038.04,19.0,2.0
O102406,C00284,2025-11-30,cancelled,electronics,card,4,25.0,419.47,,
O102407,C01802,2025-04-28,delivered,beauty,sbp,5,3.0,1937.3,20.0,2.0
O102408,C01209,2025-07-14,processing,clothing,card,3,13.0,674.52,1.0,
O102409,C01546,2025-09-01,completed,clothing,card,5,7.0,2162.6,15.0,
O102410,C00564,2024-11-11,delivered,home,card,3,11.0,379.95,1.0,5.0
O102411,C01437,2025-08-06,completed,clothing,card,4,23.0,806.4,9.0,4.0
O102412,C00662,2026-07-28,completed,electronics,card,2,2.0,3377.02,16.0,3.0
O102413,C00893,2025-07-12,delivered,beauty,card,3,2.0,3743.69,5.0,3.0
O102414,C01304,2026-07-27,processing,electronics,card,4,24.0,4288.07,2.0,
O102415,C01963,2025-02-28,cancelled,beauty,card,5,10.0,7990.55,,
O102416,C01117,2026-07-31,completed,beauty,card,5,1.0,552.13,5.0,5.0
O102417,C01421,2026-07-31,delivered,electronics,sbp,2,4.0,941.85,1.0,5.0
O102418,C01190,2024-05-31,completed,beauty,card,3,2.0,999999.99,20.0,1.0
O102419,C00848,2024-03-08,delivered,home,cash,1,23.0,361.43,8.0,4.0
O102420,C01866,2025-07-10,completed,toys,card,4,24.0,444.8,13.0,4.0
O102421,C01922,2025-09-11,completed,home,cash,1,12.0,999.15,2.0,4.0
O102422,C00621,2025-05-06,completed,clothing,card,1,15.0,807.76,18.0,1.0
O102423,C01792,2026-07-31,processing,home,sbp,4,14.0,1199.62,14.0,
O102424,C00903,2025-04-26,completed,home,card,3,12.0,2907.6,11.0,2.0
O102425,C01480,2025-04-25,completed,home,card,1,4.0,544.28,3.0,4.0
O102426,C01035,2024-09-08,completed,clothing,cash,4,4.0,3272.63,9.0,3.0
O102427,C01534,2025-03-09,delivered,beauty,card,4,28.0,948.4,17.0,2.0
O102428,C01744,2024-02-10,completed,electronics,card,5,7.0,2982.06,13.0,2.0
O102429,C00848,2024-03-22,delivered,toys,card,5,26.0,3007.4,7.0,3.0
O102430,C01402,2025-02-21,CANCELED,clothing,cash,3,23.0,1228.31,,
O102431,C01015,2026-03-23,completed,electronics,cash,5,24.0,290.12,18.0,2.0
O102432,C01599,2026-07-31,completed,electronics,wallet,3,7.0,1695.99,19.0,2.0
O102433,C00384,2025-01-18,completed,toys,card,4,25.0,2387.87,1.0,5.0
O102434,C01459,2025-05-11,delivered,beauty,card,1,16.0,231.25,4.0,5.0
O102435,,2025-07-11,completed,clothing,card,3,30.0,2336.53,3.0,4.0
O102436,C00903,2025-06-13,delivered,toys,cash,2,28.0,1198.56,19.0,2.0
O102437,C00740,2026-07-31,completed,electronics,card,5,16.0,3418.79,16.0,3.0
O102438,C01404,2025-09-11,completed,electronics,card,4,16.0,1457.28,11.0,3.0
O102439,,2024-08-02,completed,electronics,wallet,4,26.0,502.35,13.0,3.0
O102440,C00066,2025-09-28,delivered,clothing,card,4,17.0,511.33,8.0,
O102441,C01897,2026-02-26,completed,clothing,card,4,27.0,3416.22,3.0,5.0
O102442,C00896,2026-04-17,delivered,electronics,card,1,26.0,205.39,18.0,2.0
O102443,C00330,2025-05-26,cancelled,electronics,card,2,14.0,520.47,,
O102444,C00452,2026-07-31,completed,clothing,card,5,30.0,4822.93,5.0,5.0
O102445,C01660,2024-10-17,completed,electronics,card,4,5.0,356.79,14.0,2.0
O102446,C00664,2025-06-09,completed,home,card,5,12.0,681.44,19.0,1.0
O102447,C00563,2025-06-01,Processing ,clothing,card,1,17.0,926.39,11.0,
O102448,C00975,2025-03-11,completed,electronics,card,1,25.0,527.12,1.0,4.0
O102449,C00058,2025-01-06,delivered,electronics,card,4,24.0,400.01,15.0,2.0
O102450,C01121,2024-06-04,delivered,home,wallet,1,2.0,346.65,9.0,3.0
O102451,C00081,2026-07-31,delivered,beauty,card,1,20.0,567.24,13.0,2.0
O102452,C01672,2025-10-20,completed,clothing,card,2,7.0,408.14,15.0,2.0
O102453,C00859,2025-09-25,delivered,home,sbp,4,22.0,619.87,1.0,5.0
O102454,C00437,2025-06-28,cancelled,toys,sbp,5,25.0,638.13,,
O102455,C00909,2025-10-11,delivered,beauty,card,5,5.0,4849.0,18.0,2.0
O102456,C00352,2024-06-29,delivered,clothing,card,3,10.0,3405.85,5.0,4.0
O102457,C00641,2026-06-29,delivered,beauty,sbp,4,3.0,3604.91,17.0,1.0
O102458,C00262,2024-06-11,delivered,clothing,cash,2,4.0,2641.21,13.0,3.0
O102459,C01338,2024-10-24,completed,clothing,card,4,9.0,5489.72,12.0,2.0
O102460,C01953,2025-03-01,delivered,home,card,5,,732.61,13.0,3.0
O102461,C00971,2024-11-20,delivered,clothing,card,4,,4391.08,11.0,3.0
O102462,C00198,2024-12-23,completed,beauty,card,1,7.0,539.03,20.0,3.0
O102463,C00149,2026-05-26,completed,electronics,card,2,6.0,4504.31,17.0,1.0
O102464,C01665,2025-10-23,completed,clothing,card,5,29.0,36981.52,11.0,3.0
O102465,C00697,2025-11-30,delivered,electronics,wallet,4,5.0,1685.46,3.0,5.0
O102466,C00593,2024-11-11,completed,home,sbp,5,20.0,1930.34,17.0,1.0
O102467,C00204,2026-07-03,cancelled,electronics,card,1,30.0,362.5,,
O102468,C01328,2024-09-29,processing,clothing,card,2,,1043.86,16.0,
O102469,C00126,2025-11-29,processing,beauty,card,3,23.0,1779.67,19.0,
O102470,C01809,2025-03-01,completed,electronics,card,4,26.0,16264.78,13.0,3.0
O102471,C00417,2026-07-31,delivered,electronics,sbp,1,11.0,552.54,9.0,4.0
O102472,C00139,2025-09-01,cancelled,home,wallet,4,28.0,1397.71,,
O102473,C01402,2025-04-29,Processing ,clothing,card,4,3.0,1991.75,12.0,
O102474,C00709,2025-08-25,completed,electronics,card,3,12.0,764.06,1.0,5.0
O102475,C01393,2026-07-31,cancelled,electronics,sbp,5,4.0,643.52,,
O102476,C00080,2026-01-09,delivered,electronics,card,4,18.0,1750.92,2.0,4.0
O102477,C01723,2026-07-02,delivered,electronics,card,4,12.0,12746.67,16.0,3.0
O102478,C00620,2024-08-26,processing,beauty,cash,3,25.0,3008.84,16.0,
O102479,C01513,2026-07-05,processing,clothing,card,5,6.0,1678.55,17.0,
O102480,C01872,2024-08-21,delivered,clothing,card,5,8.0,3262.23,7.0,4.0
O102481,C01071,2026-01-11,completed,electronics,cash,2,0.0,7364.91,15.0,2.0
O102482,C00669,2026-07-31,delivered,toys,card,4,6.0,2310.98,6.0,3.0
O102483,C00626,2025-02-13,delivered,beauty,card,3,25.0,725.24,17.0,2.0
O102484,C01373,2025-12-11,delivered,clothing,card,5,7.0,2602.55,8.0,3.0
O102485,C00012,2026-07-31,completed,home,card,2,8.0,1646.92,6.0,5.0
O102486,C00294,2025-08-02,Processing ,clothing,sbp,4,3.0,2750.69,2.0,
O102487,C01295,2026-07-31,delivered,electronics,wallet,2,26.0,3150.6,10.0,3.0
O102488,C00052,2025-05-29,processing,clothing,wallet,5,14.0,2668.53,3.0,
O102489,C00580,2024-09-07,cancelled,home,card,1,29.0,150.0,,
O102490,C01296,2025-12-18,completed,clothing,wallet,1,5.0,718.68,13.0,3.0
O102491,C00501,2025-03-06,delivered,clothing,card,5,14.0,3403.24,14.0,2.0
O102492,C01862,2025-07-19,delivered,home,card,2,21.0,1292.22,20.0,1.0
O102493,C01950,2025-10-11,delivered,beauty,card,3,7.0,749.77,16.0,2.0
O102494,C00068,2024-12-14,completed,beauty,sbp,3,23.0,7282.69,6.0,3.0
O102495,C00349,2024-12-25,delivered,home,card,4,19.0,825.77,10.0,4.0
O102496,C01815,2026-07-31,delivered,home,cash,2,24.0,449.51,2.0,5.0
O102497,C00065,2025-10-02,delivered,clothing,sbp,2,29.0,820.63,11.0,3.0
O102498,C00974,2025-05-03,processing,clothing,card,5,24.0,7119.18,13.0,
O102499,C01899,2026-06-08,processing,home,sbp,5,23.0,7370.38,3.0,
O102500,C01178,2024-08-22,cancelled,electronics,card,1,14.0,822.34,,
O102501,C00613,2026-01-18,processing,beauty,card,3,4.0,3020.85,14.0,
O102502,C00013,2025-12-12,delivered,electronics,card,3,,521.45,8.0,4.0
O102503,C00787,2025-01-11,processing,electronics,cash,3,25.0,379.47,12.0,
O102504,C01084,2025-08-29,processing,electronics,card,3,3.0,1097.75,6.0,
O102505,C00162,2026-02-10,delivered,beauty,sbp,1,17.0,1000.75,20.0,1.0
O102506,C01057,2025-05-18,completed,electronics,card,5,24.0,5109.04,12.0,3.0
O102507,C00809,2025-11-13,completed,home,cash,2,14.0,491.7,11.0,2.0
O102508,C00652,2026-07-08,delivered,clothing,card,2,18.0,450.97,8.0,3.0
O102509,C01945,2025-08-08,delivered,home,card,5,5.0,6275.11,10.0,3.0
O102510,C01788,2025-01-27,delivered,home,card,5,25.0,2868.69,12.0,4.0
O102511,C01389,2026-04-30,cancelled,toys,card,5,16.0,469.69,,
O102512,C01182,2026-07-31,cancelled,clothing,card,2,7.0,400.94,,
O102513,C00948,2024-10-01,completed,clothing,card,4,22.0,2905.63,18.0,1.0
O102514,C00141,2026-07-31,completed,electronics,card,1,25.0,190.75,10.0,5.0
O102515,C00615,2025-11-27,delivered,clothing,card,3,11.0,672.6,12.0,3.0
O102516,C00021,2026-02-15,completed,beauty,card,2,22.0,461.64,20.0,2.0
O102517,C00733,2026-06-20,processing,electronics,sbp,2,29.0,1984.43,10.0,
O102518,C00948,2025-03-11,cancelled,toys,card,5,24.0,2445.04,,
O102519,C01223,2026-07-31,delivered,electronics,card,5,5.0,-9419.41,6.0,3.0
O102520,C00710,2025-12-06,delivered,beauty,card,1,11.0,349.62,13.0,2.0
O102521,C00509,2024-09-12,cancelled,home,cash,2,,832.48,,
O102522,C01421,2026-07-31,cancelled,toys,card,1,25.0,643.97,,
O102523,C00304,2026-07-31,delivered,clothing,card,5,15.0,1494.73,14.0,3.0
O102524,C00251,2024-11-02,processing,home,wallet,2,5.0,274.34,20.0,
O102525,C01393,2026-07-31,delivered,electronics,wallet,3,5.0,1114.95,3.0,4.0
O102526,C01172,2025-09-07,completed,clothing,card,3,0.0,812.16,7.0,4.0
O102527,C01739,2024-06-29,delivered,beauty,cash,1,19.0,445.22,3.0,
O102528,C01478,2025-08-27,cancelled,electronics,sbp,2,,610.7,,
O102529,C01804,2024-12-11,processing,beauty,wallet,1,13.0,706.68,12.0,
O102530,C01329,2026-06-04,completed,clothing,card,1,7.0,371.84,15.0,2.0
O102531,C01683,2024-03-04,completed,clothing,sbp,5,12.0,676.32,14.0,3.0
O102532,C00339,2025-03-06,delivered,home,card,2,12.0,598.87,17.0,2.0
O102533,C01062,2026-04-21,cancelled,electronics,cash,3,14.0,564.99,,
O102534,,2025-05-08,delivered,home,card,4,12.0,9169.14,6.0,4.0
O102535,C01578,2026-05-03,completed,toys,cash,5,3.0,2556.21,1.0,5.0
O102536,C00807,2025-08-06,Processing ,electronics,wallet,3,,2520.84,20.0,
O102537,C01853,2025-10-03,delivered,electronics,card,5,8.0,2281.84,13.0,3.0
O102538,C00626,2025-03-20,cancelled,electronics,card,3,0.0,6410.65,,
O102539,C00047,2025-08-31,cancelled,clothing,card,1,13.0,179.69,,
O102540,C01594,2024-03-28,completed,home,card,5,9.0,1307.88,13.0,4.0
O102541,C00825,2025-10-09,processing,toys,card,2,23.0,2400.54,11.0,
O102542,C00069,2024-12-30,delivered,clothing,sbp,4,11.0,1302.66,20.0,1.0
O102543,C00409,2026-07-31,processing,electronics,cash,5,27.0,1354.04,19.0,
O102544,C00144,2025-06-14,completed,electronics,sbp,5,9.0,1572.27,1.0,5.0
O102545,C01994,2025-11-25,cancelled,clothing,card,4,8.0,9244.22,,
O102546,C01696,2026-07-31,completed,clothing,card,2,2.0,5058.35,14.0,2.0
O102547,C01860,2026-01-27,completed,toys,sbp,4,4.0,2735.52,4.0,4.0
O102548,C00365,2025-01-20,processing,electronics,card,3,9.0,1730.16,18.0,
O102549,C01605,2025-01-28,completed,beauty,cash,4,11.0,3688.79,11.0,2.0
O102550,C01128,2025-10-31,completed,clothing,card,2,8.0,1349.03,20.0,1.0
O102551,C00592,2026-04-07,cancelled,beauty,cash,4,11.0,2268.49,,
O102552,C01338,2024-12-27,completed,beauty,card,3,1.0,1030.84,8.0,4.0
O102553,C01905,2025-02-05,delivered,beauty,sbp,5,14.0,1505.53,17.0,3.0
O102554,C00922,2026-03-04,processing,clothing,card,1,2.0,732.83,8.0,
O102555,C00059,2026-05-20,delivered,clothing,card,4,18.0,2203.04,11.0,3.0
O102556,C01685,2025-04-28,completed,electronics,card,3,7.0,4785.82,999.0,1.0
O102557,C00377,2026-04-24,delivered,electronics,card,3,13.0,1201.6,8.0,3.0
O102558,C00366,2026-03-31,delivered,home,wallet,3,15.0,705.19,3.0,3.0
O102559,C01234,2026-07-31,completed,toys,card,1,7.0,153.1,11.0,4.0
O102560,C01598,2025-11-01,delivered,home,card,3,5.0,799.58,17.0,3.0
O102561,C01587,2026-07-31,completed,clothing,card,3,2.0,467.87,4.0,5.0
O102562,C01736,2026-05-08,completed,electronics,card,2,28.0,2468.14,1.0,
O102563,C01768,2025-12-01,completed,home,card,5,24.0,1753.45,7.0,4.0
O102564,C00257,2026-07-31,processing,electronics,cash,2,1.0,533.2,18.0,
O102565,C00602,2026-06-16,completed,electronics,wallet,3,22.0,2169.87,7.0,4.0
O102566,C01441,2026-07-26,completed,electronics,card,2,13.0,4686.3,7.0,4.0
O102567,C00782,2026-01-07,processing,beauty,sbp,3,26.0,1050.66,13.0,
O102568,C01432,2024-07-14,completed,clothing,wallet,3,11.0,596.68,17.0,2.0
O102569,C00910,2024-04-06,processing,toys,wallet,4,5.0,1436.27,12.0,
O102570,C00903,2024-11-26,cancelled,clothing,cash,2,23.0,222.77,,
O102571,C00054,2025-12-25,delivered,home,sbp,2,26.0,1487.55,3.0,4.0
O102572,C01217,2025-08-09,completed,beauty,card,4,0.0,3127.02,12.0,4.0
O102573,C01728,2025-11-07,completed,beauty,card,4,28.0,1386.81,18.0,1.0
O102574,C01638,2026-01-30,completed,electronics,cash,3,11.0,603.21,16.0,2.0
O102575,C00676,2026-02-17,completed,electronics,card,3,26.0,10085.51,6.0,4.0
O102576,C01354,2026-07-31,delivered,electronics,card,1,18.0,184.29,4.0,4.0
O102577,C00399,2025-04-21,completed,clothing,card,3,1.0,811.16,18.0,2.0
O102578,C01268,2025-10-11,cancelled,electronics,card,2,29.0,1012.77,,
O102579,C00819,2026-06-01,completed,home,card,1,10.0,981.07,7.0,4.0
O102580,C01854,2025-03-20,completed,clothing,sbp,4,4.0,1747.17,13.0,2.0
O102581,C01422,2026-07-31,completed,toys,cash,3,29.0,1520.67,11.0,3.0
O102582,C00147,2024-10-13,completed,beauty,cash,3,10.0,2411.98,3.0,5.0
O102583,C01742,2026-01-02,cancelled,home,cash,4,16.0,25612.87,,
O102584,C01449,2025-12-28,delivered,home,card,2,15.0,620.05,9.0,3.0
O102585,C00431,2025-02-16,completed,electronics,card,2,23.0,655.38,14.0,4.0
O102586,C00566,2025-03-11,delivered,electronics,card,1,9.0,452.1,8.0,4.0
O102587,C00346,2024-10-01,delivered,clothing,wallet,1,9.0,848.27,6.0,4.0
O102588,C00621,2025-06-27,cancelled,toys,sbp,5,29.0,18575.3,,
O102589,C01888,2025-12-31,completed,electronics,card,2,13.0,901.97,14.0,2.0
O102590,C01805,2024-05-03,delivered,clothing,card,3,5.0,2303.89,5.0,4.0
O102591,C01102,2025-08-12,completed,beauty,wallet,5,,437.97,9.0,3.0
O102592,C00725,2026-07-31,completed,clothing,card,2,12.0,1037.78,20.0,2.0
O102593,C00732,2025-12-27,delivered,toys,card,1,24.0,487.22,15.0,3.0
O102594,C01914,2026-04-22,completed,toys,cash,4,3.0,4454.14,10.0,4.0
O102595,C00399,2025-08-11,delivered,electronics,card,2,4.0,651.51,12.0,2.0
O102596,C01516,2026-07-31,delivered,home,wallet,2,18.0,370.64,20.0,1.0
O102597,C01991,2025-09-24,completed,electronics,sbp,4,14.0,2368.57,16.0,1.0
O102598,C01711,2025-08-19,processing,clothing,wallet,2,,283.12,15.0,
O102599,C01439,2025-08-05,completed,beauty,cash,1,27.0,259.05,18.0,1.0
O102600,C01800,2025-07-30,cancelled,electronics,wallet,5,0.0,2574.57,,
O102601,C00436,2024-05-24,delivered,toys,cash,5,26.0,362.15,9.0,4.0
O102602,C01968,2025-12-13,completed,toys,card,5,19.0,2007.96,17.0,2.0
O102603,C00183,2025-04-28,completed,home,card,1,25.0,1744.79,4.0,4.0
O102604,C00028,2026-07-31,delivered,clothing,wallet,3,27.0,407.42,5.0,4.0
O102605,C00399,2025-01-19,cancelled,electronics,card,5,3.0,1426.12,,
O102606,C01218,2026-07-12,delivered,clothing,card,4,18.0,3156.01,19.0,2.0
O102607,C00496,2025-08-21,completed,electronics,card,2,17.0,1892.19,7.0,4.0
O102608,C01268,2024-12-19,completed,electronics,cash,2,13.0,1032.26,3.0,4.0
O102609,C00223,2025-10-07,cancelled,electronics,cash,2,9.0,849.05,,
O102610,C01395,2025-03-01,cancelled,home,card,4,19.0,7398.66,,
O102611,C00460,2024-10-11,completed,electronics,cash,4,30.0,2336.68,15.0,4.0
O102612,C01047,2024-08-21,cancelled,clothing,card,4,30.0,845.69,,
O102613,C00234,2026-07-31,delivered,home,card,2,17.0,1084.93,13.0,3.0
O102614,C01941,2024-08-24,delivered,electronics,cash,4,14.0,1769.36,8.0,
O102615,C00756,2025-12-13,delivered,clothing,card,3,27.0,1040.75,4.0,5.0
O102616,C01210,2026-07-09,completed,electronics,sbp,1,5.0,150.0,19.0,1.0
O102617,C00973,2025-06-03,completed,electronics,wallet,4,5.0,1959.85,10.0,4.0
O102618,C01191,2025-07-25,delivered,electronics,card,1,,785.26,18.0,2.0
O102619,C00911,2026-06-13,processing,electronics,card,1,25.0,898.18,16.0,
O102620,C00147,2024-09-08,delivered,clothing,card,4,6.0,1988.62,8.0,3.0
O102621,C01659,2026-04-07,completed,electronics,sbp,1,12.0,506.97,16.0,2.0
O102622,C01285,2025-03-20,completed,clothing,card,3,5.0,944.5,7.0,3.0
O102623,C00508,2024-11-18,delivered,home,card,2,15.0,2137.78,12.0,3.0
O102624,C00169,2025-04-09,delivered,home,card,5,13.0,951.62,14.0,2.0
O102625,C01775,2026-07-31,completed,clothing,sbp,2,25.0,649.58,3.0,5.0
O102626,C00666,2026-03-12,completed,toys,cash,1,2.0,258.61,18.0,2.0
O102627,C01817,2025-07-31,delivered,beauty,card,1,6.0,450.62,9.0,4.0
O102628,C01532,2024-04-09,completed,home,card,5,22.0,7042.09,19.0,2.0
O102629,C01920,2025-07-25,completed,clothing,sbp,5,5.0,952.67,1.0,4.0
O102630,C01320,2025-02-02,delivered,electronics,card,1,12.0,616.1,18.0,3.0
O102631,C00362,2026-06-08,completed,clothing,card,2,1.0,1254.36,14.0,3.0
O102632,C00071,2026-04-18,completed,clothing,card,1,19.0,227.86,19.0,1.0
O102633,C00492,2026-07-20,completed,toys,card,5,16.0,2111.95,8.0,4.0
O102634,C00879,2026-01-30,completed,toys,card,5,16.0,1202.35,3.0,
O102635,C01248,2025-08-09,processing,electronics,card,4,21.0,2136.35,4.0,
O102636,C01792,2026-07-31,delivered,toys,cash,3,10.0,1344.83,16.0,2.0
O102637,C00282,2025-04-20,completed,beauty,wallet,2,28.0,3284.59,5.0,4.0
O102638,C01270,2025-01-24,CANCELED,home,card,2,29.0,534.27,,
O102639,C00172,2024-05-15,completed,toys,card,4,23.0,1717.67,1.0,5.0
O102640,C00963,2026-02-17,cancelled,clothing,sbp,3,28.0,1096.32,,
O102641,C00148,2025-01-03,delivered,clothing,card,3,19.0,4376.43,17.0,
O102642,C00748,2025-06-07,delivered,beauty,card,2,28.0,664.66,9.0,4.0
O102643,C01213,2025-05-20,completed,electronics,card,4,15.0,966.19,1.0,5.0
O102644,C01478,2025-02-22,processing,home,card,5,24.0,1324.34,20.0,
O102645,C01610,2025-02-26,cancelled,beauty,card,1,14.0,261.39,,
O102646,C01050,2025-02-13,completed,beauty,card,4,22.0,1238.07,17.0,2.0
O102647,C00518,2024-11-30,completed,electronics,card,3,13.0,745.46,13.0,3.0
O102648,C01827,2024-06-24,completed,home,wallet,4,10.0,1995.56,8.0,3.0
O102649,C01868,2026-06-07,CANCELED,electronics,card,4,24.0,697.43,,
O102650,C01936,2025-02-04,completed,beauty,card,2,4.0,1563.1,7.0,4.0
O102651,C01584,2025-06-18,completed,clothing,cash,2,11.0,1018.51,20.0,1.0
O102652,C01556,2024-08-01,delivered,home,wallet,1,28.0,1803.38,2.0,5.0
O102653,C00155,2025-11-30,delivered,beauty,card,5,9.0,3579.35,6.0,3.0
O102654,C01146,2026-02-21,completed,clothing,cash,4,17.0,2641.26,19.0,2.0
O102655,C00815,2026-02-08,delivered,clothing,card,4,27.0,9837.35,1.0,
O102656,C00518,2024-11-12,completed,clothing,card,1,28.0,697.53,2.0,4.0
O102657,,2026-05-22,delivered,home,wallet,5,27.0,2074.81,15.0,2.0
O102658,C00427,2026-07-31,cancelled,home,cash,1,6.0,245.83,,
O102659,C01831,2024-12-06,delivered,beauty,card,2,22.0,3150.95,11.0,4.0
O102660,C01818,2025-04-27,processing,electronics,card,3,23.0,659.79,8.0,
O102661,C01486,2026-07-31,delivered,clothing,card,1,20.0,198.02,9.0,4.0
O102662,C00204,2026-01-03,cancelled,clothing,card,4,24.0,794.92,,
O102663,C01374,2025-03-09,delivered,electronics,card,5,11.0,1349.48,15.0,3.0
O102664,C00254,2025-01-27,completed,beauty,cash,3,23.0,1530.51,6.0,3.0
O102665,C01366,2024-11-08,processing,clothing,card,1,23.0,399.54,20.0,
O102666,C00068,2025-06-24,delivered,electronics,cash,3,26.0,2250.51,6.0,5.0
O102667,C00571,2026-05-21,processing,home,card,4,24.0,824.08,5.0,
O102668,C00246,2024-10-18,delivered,clothing,sbp,5,17.0,1226.61,15.0,2.0
O102669,C01868,2026-07-31,delivered,home,wallet,2,15.0,1114.3,13.0,2.0
O102670,C01138,2025-02-05,completed,electronics,wallet,2,18.0,455.69,2.0,5.0
O102671,C01846,2026-02-14,completed,electronics,card,1,12.0,165.71,12.0,3.0
O102672,C00041,2024-08-21,delivered,electronics,card,1,30.0,150.0,12.0,3.0
O102673,C01479,2026-13-01,processing,clothing,card,4,3.0,1895.95,13.0,
O102674,C00960,2025-06-05,cancelled,home,card,2,28.0,932.7,,
O102675,C00938,2025-02-21,delivered,home,sbp,2,17.0,898.19,11.0,3.0
O102676,C01747,2026-07-31,completed,electronics,card,3,8.0,3913.45,2.0,4.0
O102677,C00095,2026-05-06,completed,home,card,1,16.0,627.51,20.0,2.0
O102678,C01889,2024-05-03,completed,clothing,card,4,3.0,1971.54,20.0,2.0
O102679,C00057,2025-11-26,processing,beauty,wallet,3,19.0,4346.06,6.0,
O102680,C00726,2024-08-11,delivered,electronics,card,3,30.0,3224.79,7.0,4.0
O102681,C00277,2025-07-01,delivered,home,wallet,2,0.0,549.61,18.0,1.0
O102682,C01047,2025-01-12,cancelled,home,sbp,3,15.0,2882.03,,
O102683,C01192,2025-06-14,completed,home,card,4,19.0,8140.9,14.0,3.0
O102684,C01285,2025-07-12,processing,clothing,sbp,3,18.0,6123.79,19.0,
O102685,C01597,2026-07-01,delivered,electronics,card,4,25.0,4305.64,19.0,2.0
O102686,C01502,2024-10-01,completed,electronics,card,3,,2016.26,13.0,3.0
O102687,C01897,2025-11-23,delivered,beauty,card,1,18.0,621.53,16.0,2.0
O102688,C00900,2026-02-01,completed,home,wallet,1,29.0,1580.91,17.0,3.0
O102689,C00351,2026-02-01,delivered,home,card,4,14.0,675.97,14.0,2.0
O102690,C00312,2026-03-12,completed,clothing,card,1,7.0,1358.45,8.0,3.0
O102691,C00552,2025-11-23,completed,electronics,card,3,30.0,1640.8,1.0,5.0
O102692,C01206,2026-07-31,delivered,clothing,card,2,23.0,471.06,19.0,2.0
O102693,C00109,2025-11-12,completed,home,card,4,19.0,765.63,13.0,2.0
O102694,C01910,2026-07-31,completed,electronics,card,2,10.0,251.8,2.0,4.0
O102695,C01979,2024-06-18,cancelled,toys,card,4,24.0,3096.07,,
O102696,C00330,2025-12-01,completed,electronics,card,1,2.0,2293.8,1.0,5.0
O102697,C01562,2025-02-04,delivered,home,cash,4,6.0,1322.06,7.0,5.0
O102698,C01193,2024-06-14,delivered,clothing,cash,1,27.0,248.84,5.0,3.0
O102699,C00962,2025-03-31,completed,beauty,card,3,6.0,3886.97,8.0,4.0
O102700,C01470,2024-12-25,processing,beauty,sbp,4,0.0,2158.34,19.0,
O102701,C01152,2025-09-19,completed,clothing,card,1,28.0,1344.12,18.0,2.0
O102702,C00648,2026-04-14,completed,clothing,card,3,10.0,677.18,17.0,1.0
O102703,C01125,2026-05-05,completed,toys,wallet,4,28.0,3322.13,19.0,1.0
O102704,C99999,2025-01-08,delivered,home,cash,2,0.0,4210.3,2.0,5.0
O102705,C99999,2025-06-23,completed,electronics,card,1,3.0,212.74,16.0,3.0
O102706,C01946,2024-08-26,completed,beauty,card,2,16.0,762.45,17.0,2.0
O102707,C00371,2025-06-12,delivered,clothing,card,2,29.0,737.95,4.0,4.0
O102708,C01197,2026-07-31,delivered,electronics,card,1,14.0,897.51,8.0,3.0
O102709,C00594,2026-07-31,completed,beauty,sbp,5,22.0,6754.45,8.0,3.0
O102710,C00930,2026-05-17,completed,toys,cash,4,0.0,1142.39,12.0,2.0
O102711,C00495,2024-10-31,completed,electronics,card,3,9.0,10905.86,1.0,
O102712,C01138,2025-01-28,completed,clothing,cash,3,15.0,1546.57,2.0,4.0
O102713,C01116,2025-03-23,delivered,electronics,card,4,6.0,1251.6,18.0,3.0
O102714,C01236,2025-03-10,completed,beauty,card,4,5.0,6176.03,9.0,4.0
O102715,C00617,2025-05-30,completed,beauty,sbp,4,20.0,2204.7,3.0,5.0
O102716,C01158,2026-07-31,completed,toys,card,2,7.0,729.36,6.0,3.0
O102717,C01458,2025-09-04,delivered,electronics,cash,1,3.0,319.3,13.0,3.0
O102718,C01440,2026-07-31,delivered,electronics,card,1,6.0,2648.55,3.0,3.0
O102719,C01136,2025-01-27,completed,home,card,4,22.0,889.97,11.0,3.0
O102720,C00599,2026-02-25,delivered,electronics,card,5,18.0,6063.85,16.0,1.0
O102721,C01065,2026-06-01,delivered,electronics,card,1,25.0,257.42,6.0,4.0
O102722,C01074,2025-05-23,completed,electronics,card,1,1.0,299.41,7.0,4.0
O102723,C01903,2026-01-04,completed,home,cash,2,15.0,922.97,12.0,3.0
O102724,C00755,2026-01-30,completed,home,cash,2,29.0,1430.08,15.0,2.0
O102725,C00645,2026-07-31,cancelled,beauty,cash,1,25.0,150.0,,
O102726,C01500,2026-07-31,completed,electronics,card,3,18.0,956.29,19.0,2.0
O102727,C01271,2025-08-14,completed,beauty,card,5,20.0,5612.27,7.0,3.0
O102728,C00855,2025-05-29,delivered,clothing,card,4,2.0,4473.56,11.0,3.0
O102729,C00001,2024-04-14,delivered,clothing,card,2,17.0,781.24,3.0,4.0
O102730,C01410,2025-07-16,cancelled,home,card,3,3.0,577.31,,
O102731,C01474,2025-03-17,completed,beauty,wallet,5,13.0,2927.38,11.0,3.0
O102732,C01861,2026-01-24,completed,electronics,card,4,9.0,3839.59,13.0,4.0
O102733,C01006,2026-07-06,delivered,beauty,wallet,1,20.0,569.78,18.0,2.0
O102734,C01031,2026-03-04,delivered,home,sbp,3,24.0,4550.16,6.0,5.0
O102735,C00417,2026-07-31,processing,home,card,1,30.0,397.1,7.0,
O102736,C00920,2025-08-14,delivered,beauty,card,5,30.0,858.39,7.0,4.0
O102737,C00004,2025-02-15,delivered,home,card,4,3.0,1224.71,12.0,1.0
O102738,C01002,2026-01-24,completed,home,card,2,1.0,986.71,6.0,4.0
O102739,C01414,2026-07-31,processing,clothing,wallet,4,,1122.75,8.0,
O102740,C01572,2025-05-10,delivered,clothing,card,3,24.0,975.48,6.0,4.0
O102741,C01326,2025-03-14,completed,beauty,card,4,20.0,4254.22,6.0,4.0
O102742,C01611,2026-03-03,delivered,toys,cash,1,18.0,257.27,2.0,4.0
O102743,C01331,2025-05-09,delivered,beauty,card,3,30.0,508.83,10.0,4.0
O102744,C01560,2026-07-16,completed,beauty,card,3,14.0,2825.91,16.0,2.0
O102745,C00875,2026-07-14,delivered,home,cash,1,15.0,825.77,6.0,4.0
O102746,C01205,2026-02-15,delivered,beauty,card,3,21.0,644.75,16.0,3.0
O102747,C01279,2024-10-12,completed,electronics,card,4,12.0,3471.15,14.0,1.0
O102748,C01146,2025-04-19,processing,clothing,card,4,5.0,797.76,2.0,
O102749,C01143,2026-07-31,processing,home,card,1,29.0,276.21,19.0,
O102750,C01564,2026-07-31,completed,clothing,card,4,30.0,814.65,5.0,4.0
O102751,C00478,2024-02-10,completed,home,card,4,8.0,1365.91,9.0,3.0
O102752,,2025-04-05,cancelled,toys,card,3,4.0,2321.24,,
O102753,C01038,2024-04-25,completed,beauty,card,5,10.0,3057.42,14.0,2.0
O102754,C01291,2025-01-14,processing,beauty,card,4,12.0,1027.94,9.0,
O102755,C01030,2024-12-30,completed,beauty,card,5,13.0,2866.93,5.0,4.0
O102756,C00399,2024-12-19,delivered,beauty,card,4,30.0,2675.72,11.0,3.0
O102757,C01648,2026-07-31,delivered,home,card,5,16.0,5291.19,11.0,4.0
O102758,C01092,2025-04-05,completed,electronics,card,5,24.0,3284.13,6.0,3.0
O102759,C00867,2026-07-31,delivered,beauty,cash,2,1.0,1778.11,12.0,3.0
O102760,C01757,2025-05-30,completed,electronics,card,1,5.0,518.97,14.0,2.0
O102761,C00873,2024-05-11,completed,home,card,4,12.0,1027.01,17.0,1.0
O102762,C00324,2026-07-31,completed,electronics,sbp,3,2.0,1682.55,18.0,1.0
O102763,C01969,2026-07-31,completed,clothing,wallet,5,18.0,6515.41,14.0,2.0
O102764,C00766,2026-03-23,completed,clothing,wallet,5,7.0,6793.36,17.0,2.0
O102765,C01789,2025-06-12,completed,home,card,1,,150.0,6.0,
O102766,C01034,2025-06-29,completed,beauty,card,2,,1629.93,16.0,1.0
O102767,C00485,2025-03-09,completed,electronics,sbp,3,14.0,995.49,16.0,2.0
O102768,C00754,2026-07-31,completed,electronics,cash,4,10.0,2715.65,14.0,2.0
O102769,C01821,2025-02-06,cancelled,toys,wallet,2,9.0,330.44,,
O102770,C01890,2025-07-03,completed,electronics,card,2,9.0,698.56,15.0,3.0
O102771,C00276,2025-04-30,delivered,home,card,3,3.0,409.65,11.0,2.0
O102772,C01975,2026-04-10,completed,beauty,card,5,3.0,1742.93,12.0,3.0
O102773,C01707,2026-07-31,completed,home,card,5,28.0,4005.81,12.0,3.0
O102774,C01296,2026-02-01,completed,electronics,cash,4,3.0,2813.91,7.0,4.0
O102775,C00367,2025-07-01,completed,home,wallet,1,11.0,2742.79,14.0,3.0
O102776,C01174,2024-06-21,delivered,toys,card,5,6.0,1631.75,17.0,2.0
O102777,C00852,2026-05-29,delivered,clothing,card,3,15.0,732.14,10.0,2.0
O102778,C00249,2026-06-26,completed,home,card,4,23.0,5973.16,16.0,2.0
O102779,C01968,2025-08-20,completed,electronics,card,4,16.0,499.32,12.0,3.0
O102780,C01207,2026-04-09,cancelled,toys,wallet,3,23.0,1725.32,,
O102781,C00195,2026-07-31,completed,electronics,card,3,5.0,2210.36,14.0,2.0
O102782,C00684,2026-07-31,cancelled,clothing,card,3,19.0,232.86,,
O102783,C01680,2025-08-27,delivered,electronics,card,1,17.0,205.98,6.0,4.0
O102784,C00885,2026-03-04,completed,toys,card,4,0.0,661.22,15.0,3.0
O102785,C00990,2026-06-18,completed,home,cash,2,7.0,1919.24,2.0,4.0
O102786,C00285,2025-08-29,completed,electronics,card,4,16.0,1178.88,5.0,3.0
O102787,C00222,2025-07-21,delivered,electronics,sbp,1,18.0,400.1,7.0,3.0
O102788,C01956,2025-10-06,processing,beauty,card,1,6.0,150.0,17.0,
O102789,C01905,2025-10-17,completed,electronics,card,2,3.0,515.56,8.0,4.0
O102790,C00191,2025-10-14,processing,home,card,2,4.0,523.77,18.0,
O102791,C01099,2024-03-02,completed,home,card,1,24.0,413.84,18.0,1.0
O102792,C01363,2025-02-22,completed,beauty,card,4,2.0,1543.12,14.0,2.0
O102793,C01762,2025-08-09,delivered,home,card,1,26.0,1597.44,19.0,1.0
O102794,C01120,2025-04-09,processing,beauty,card,1,4.0,856.92,1.0,
O102795,C01739,2024-03-13,delivered,electronics,card,4,30.0,475.88,13.0,3.0
O102796,C00242,2025-11-12,cancelled,clothing,card,4,19.0,4448.49,,
O102797,C00030,2025-06-25,delivered,electronics,cash,4,27.0,3985.24,2.0,5.0
O102798,C00930,2026-04-15,cancelled,clothing,cash,5,14.0,2601.75,,
O102799,C00530,2026-07-31,cancelled,home,card,4,20.0,4336.77,,
O102800,C01511,2025-09-14,delivered,home,card,2,10.0,2579.09,2.0,5.0
O102801,C00674,2024-12-29,delivered,toys,wallet,4,,1336.29,1.0,4.0
O102802,C00815,2026-05-10,delivered,toys,card,2,22.0,371.42,16.0,3.0
O102803,C01070,2024-12-31,processing,clothing,card,5,2.0,3871.18,9.0,
O102804,C01923,2026-07-31,delivered,home,card,5,13.0,1283.1,8.0,4.0
O102805,C00144,2025-07-06,completed,home,card,3,2.0,1826.33,14.0,2.0
O102806,C01106,2025-04-20,cancelled,toys,card,3,16.0,644.32,,
O102807,C00778,2024-07-20,delivered,electronics,wallet,4,26.0,4296.36,19.0,2.0
O102808,C00073,2025-05-12,delivered,home,sbp,5,5.0,1341.97,1.0,4.0
O102809,C01630,2025-02-07,delivered,clothing,cash,5,,2081.15,5.0,4.0
O102810,C01828,2026-07-31,completed,clothing,wallet,1,9.0,395.38,15.0,2.0
O102811,C00347,2026-07-31,completed,home,card,4,6.0,634.78,3.0,5.0
O102812,C01520,2025-11-26,completed,electronics,sbp,2,27.0,2337.32,6.0,
O102813,C01403,2025-04-03,cancelled,electronics,wallet,1,7.0,1377.59,,
O102814,C01411,2024-09-15,delivered,beauty,card,1,17.0,439.33,1.0,5.0
O102815,C00921,2026-07-31,cancelled,electronics,wallet,1,2.0,268.37,,
O102816,C00641,2025-10-31,completed,clothing,sbp,3,4.0,1225.87,16.0,3.0
O102817,C00142,2024-12-08,processing,home,card,5,30.0,1643.56,1.0,
O102818,C00070,2025-06-17,completed,home,card,5,13.0,2419.34,7.0,4.0
O102819,C00355,2026-07-31,completed,home,cash,4,7.0,1535.98,17.0,2.0
O102820,C01056,2026-07-31,processing,toys,card,4,27.0,953.88,14.0,
O102821,C00283,2025-10-17,delivered,clothing,card,4,26.0,4872.77,13.0,3.0
O102822,C01374,2025-09-29,processing,electronics,card,1,7.0,415.19,1.0,
O102823,C01240,2024-02-27,delivered,electronics,card,5,23.0,11553.67,16.0,
O102824,C00690,2026-05-15,completed,clothing,card,1,8.0,535.61,13.0,2.0
O102825,C00175,2026-07-31,completed,clothing,card,4,24.0,1425.75,20.0,1.0
O102826,C01035,2025-02-28,cancelled,toys,card,4,9.0,1572.76,,
O102827,C01647,2025-01-13,delivered,clothing,card,2,19.0,734.61,15.0,2.0
O102828,C00788,2026-07-31,delivered,clothing,wallet,1,30.0,452.64,11.0,3.0
O102829,C01614,2026-01-24,completed,beauty,card,5,6.0,2947.26,17.0,1.0
O102830,C00573,2024-11-25,completed,beauty,wallet,2,,401.65,11.0,3.0
O102831,C00161,2026-07-31,cancelled,home,card,3,6.0,652.97,,
O102832,C01300,2024-07-24,processing,clothing,card,4,14.0,3679.14,9.0,
O102833,C01777,2025-03-15,completed,electronics,cash,3,28.0,2227.75,6.0,4.0
O102834,C01768,2025-08-04,completed,home,wallet,2,26.0,279.53,4.0,4.0
O102835,C01919,2025-03-22,completed,electronics,cash,3,17.0,2245.48,5.0,3.0
O102836,C00216,2024-12-10,completed,clothing,wallet,3,14.0,2895.52,12.0,3.0
O102837,C00087,2024-06-08,cancelled,beauty,card,3,20.0,1809.06,,
O102838,C01139,2026-07-31,delivered,clothing,card,2,25.0,262.4,6.0,3.0
O102839,C01901,2025-10-29,completed,electronics,sbp,1,16.0,169.07,9.0,3.0
O102840,C01996,2024-07-20,cancelled,electronics,card,2,16.0,949.13,,
O102841,C00559,2026-06-01,cancelled,beauty,card,2,10.0,4442.74,,
O102842,C00751,2026-07-31,completed,electronics,card,2,28.0,640.62,17.0,2.0
O102843,C01330,2025-08-25,processing,clothing,sbp,1,21.0,799.81,5.0,
O102844,C01828,2026-07-31,delivered,beauty,card,3,19.0,883.09,5.0,4.0
O102845,C00350,2024-09-20,completed,electronics,card,5,26.0,9598.78,3.0,5.0
O102846,C01952,2025-10-28,cancelled,home,card,1,19.0,509.37,,
O102847,C01635,2025-12-22,completed,electronics,card,4,7.0,747.08,9.0,3.0
O102848,C00137,2026-06-07,processing,home,card,5,21.0,1283.06,4.0,
O102849,C01684,2026-04-08,delivered,electronics,card,5,5.0,1202.8,13.0,4.0
O102850,C01284,2026-05-02,processing,electronics,cash,2,5.0,1081.62,4.0,
O102851,C01957,2025-08-25,completed,electronics,card,1,2.0,282.29,18.0,2.0
O102852,C00419,2025-07-10,completed,beauty,sbp,4,,1326.28,5.0,4.0
O102853,C01986,2026-07-31,cancelled,clothing,card,2,27.0,4675.95,,
O102854,C00096,2025-08-08,cancelled,beauty,card,2,1.0,616.49,,
O102855,C00152,2025-07-16,cancelled,home,cash,4,21.0,2269.83,,
O102856,C00896,2025-11-15,completed,beauty,card,2,27.0,792.17,16.0,3.0
O102857,C01316,2025-01-22,delivered,home,card,3,22.0,1421.2,18.0,3.0
O102858,C00334,2026-07-31,completed,clothing,card,3,7.0,2520.19,11.0,2.0
O102859,C00547,2025-06-19,completed,home,card,5,1.0,424.48,15.0,3.0
O102860,C00780,2026-05-03,delivered,electronics,card,4,,2222.85,2.0,4.0
O102861,C00252,2026-01-27,delivered,toys,cash,2,12.0,729.4,6.0,4.0
O102862,C00352,2024-08-03,delivered,toys,card,1,23.0,567.03,3.0,4.0
O102863,C00298,2025-03-07,completed,electronics,card,2,1.0,837.51,19.0,2.0
O102864,C01909,2024-12-26,cancelled,toys,card,1,24.0,421.78,,
O102865,C01873,2025-10-19,Completed,electronics,card,4,21.0,2496.73,1.0,5.0
O102866,C01258,2025-09-10,completed,home,card,4,9.0,1269.2,11.0,2.0
O102867,C01368,2025-08-30,cancelled,beauty,card,1,10.0,2377.19,,
O102868,C00275,2025-04-24,cancelled,electronics,card,2,21.0,456.45,,
O102869,C00101,2026-07-31,completed,electronics,card,1,30.0,1558.25,20.0,2.0
O102870,C00754,2026-07-31,delivered,beauty,card,5,10.0,912.73,1.0,5.0
O102871,C01969,2026-07-31,processing,clothing,wallet,4,22.0,1596.28,2.0,
O102872,C00956,2025-09-22,delivered,clothing,card,1,18.0,631.82,20.0,1.0
O102873,,2024-12-01,completed,beauty,sbp,4,4.0,934.55,12.0,3.0
O102874,C00740,2026-07-07,delivered,electronics,card,5,25.0,1105.46,12.0,2.0
O102875,C00619,2025-02-10,cancelled,electronics,card,1,5.0,393.59,,
O102876,C01625,2026-03-04,delivered,toys,card,4,2.0,4035.62,5.0,4.0
O102877,C00942,2025-02-14,completed,home,card,3,3.0,1578.43,9.0,4.0
O102878,C01464,2024-08-26,completed,home,cash,1,12.0,2243.51,13.0,3.0
O102879,C01454,2025-05-23,cancelled,clothing,wallet,5,7.0,3870.64,,
O102880,C01455,2025-12-13,delivered,toys,card,1,13.0,341.77,3.0,5.0
O102881,C01353,2025-05-13,processing,electronics,card,3,30.0,171.29,19.0,
O102882,C01619,2024-06-10,completed,electronics,cash,5,2.0,712.49,15.0,3.0
O102883,C00927,2026-01-30,cancelled,clothing,card,2,30.0,797.0,,
O102884,C00607,2025-04-30,completed,home,sbp,2,9.0,281.8,3.0,4.0
O102885,C01025,2026-07-31,cancelled,electronics,cash,4,8.0,1689.52,,
O102886,C00650,2026-05-21,cancelled,clothing,sbp,2,2.0,1178.27,,
O102887,C00087,2024-07-03,completed,clothing,card,3,7.0,1169.7,3.0,4.0
O102888,C00724,2024-09-14,completed,home,card,1,30.0,396.61,1.0,3.0
O102889,C01002,2026-05-19,processing,electronics,card,1,7.0,2359.27,1.0,
O102890,C01041,2026-03-26,cancelled,home,card,2,24.0,1038.72,,
O102891,C00681,2026-07-31,delivered,clothing,sbp,1,15.0,441.33,12.0,2.0
O102892,C01451,2024-12-01,completed,clothing,card,3,1.0,667.26,7.0,4.0
O102893,C00571,2026-07-31,processing,electronics,card,3,14.0,1474.41,6.0,
O102894,C01296,2025-07-08,delivered,toys,card,3,2.0,1008.07,19.0,2.0
O102895,C00540,2024-01-22,completed,home,card,5,13.0,10413.01,19.0,2.0
O102896,C01974,2025-04-07,Completed,electronics,card,5,14.0,3885.21,5.0,4.0
O102897,C01298,2025-09-29,completed,clothing,card,3,,4605.14,16.0,1.0
O102898,C01114,2025-02-05,cancelled,electronics,card,1,18.0,582.18,,
O102899,C00859,2026-04-20,cancelled,clothing,cash,2,8.0,2670.02,,
O102900,C01512,2024-12-11,completed,home,sbp,4,24.0,885.12,17.0,2.0
O102901,C00852,2026-07-31,completed,electronics,card,5,14.0,3008.28,6.0,4.0
O102902,C01607,2024-08-29,completed,toys,card,5,26.0,1229.12,19.0,2.0
O102903,C00319,2026-07-31,completed,clothing,cash,5,6.0,1733.22,20.0,2.0
O102904,C01641,2026-07-31,processing,electronics,cash,1,20.0,509.44,14.0,
O102905,C01924,2025-04-29,cancelled,electronics,card,5,19.0,1145.61,,
O102906,C00486,2025-01-29,completed,electronics,card,4,0.0,611.9,9.0,3.0
O102907,C00448,2026-07-31,completed,beauty,cash,1,4.0,1082.41,19.0,1.0
O102908,C01910,2026-07-31,completed,clothing,card,2,8.0,256.89,16.0,2.0
O102909,C00813,2026-01-05,delivered,beauty,card,5,11.0,9523.38,7.0,4.0
O102910,C01391,2025-06-17,completed,electronics,card,3,27.0,769.76,18.0,2.0
O102911,C00381,2024-02-01,completed,clothing,cash,4,23.0,3101.07,15.0,2.0
O102912,C00856,2026-05-20,processing,clothing,card,1,6.0,812.45,17.0,
O102913,C01407,2025-04-10,delivered,clothing,card,4,18.0,813.86,15.0,2.0
O102914,C01790,2026-02-05,cancelled,electronics,cash,2,1.0,1424.01,,
O102915,C00873,2024-10-26,completed,electronics,card,4,28.0,2261.11,11.0,2.0
O102916,C00151,2026-07-31,completed,toys,card,1,21.0,816.49,1.0,4.0
O102917,C00828,2026-07-31,cancelled,home,card,5,8.0,6484.04,,
O102918,C01286,,cancelled,electronics,cash,2,20.0,1889.55,,
O102919,C01751,2026-07-31,delivered,beauty,sbp,3,0.0,737.98,6.0,3.0
O102920,C01668,2026-05-31,delivered,clothing,wallet,1,8.0,441.94,11.0,3.0
O102921,C01519,2025-06-11,completed,beauty,sbp,1,15.0,254.88,9.0,4.0
O102922,C00331,2025-10-31,delivered,toys,cash,5,,1554.29,4.0,3.0
O102923,C01040,2026-07-31,completed,electronics,sbp,4,6.0,2912.18,19.0,1.0
O102924,C01153,2025-04-01,completed,toys,card,5,17.0,3997.83,10.0,3.0
O102925,C00938,2024-08-29,delivered,electronics,sbp,5,3.0,3924.78,7.0,5.0
O102926,C01847,2025-03-23,completed,electronics,card,4,4.0,2481.3,9.0,4.0
O102927,C01920,2026-04-13,completed,home,card,4,0.0,2803.99,13.0,3.0
O102928,C00421,2026-07-31,completed,home,card,2,23.0,684.97,5.0,4.0
O102929,C01913,2024-04-30,completed,electronics,card,4,18.0,5809.24,2.0,5.0
O102930,C01694,2025-10-19,cancelled,electronics,card,5,6.0,4204.34,,
O102931,C01410,2025-08-12,processing,electronics,card,2,11.0,969.06,4.0,
O102932,C00763,2026-05-16,completed,clothing,card,5,24.0,6065.96,20.0,1.0
O102933,C01521,2026-07-31,completed,clothing,sbp,3,10.0,978.94,1.0,3.0
O102934,C01173,2025-09-07,cancelled,electronics,sbp,4,8.0,2168.85,,
O102935,C01799,2026-01-21,completed,toys,card,2,11.0,2016.38,19.0,2.0
O102936,C01423,2025-07-22,delivered,beauty,cash,4,6.0,743.84,13.0,2.0
O102937,C01929,2024-06-29,completed,toys,card,3,23.0,8749.54,13.0,3.0
O102938,C00839,2024-05-15,delivered,electronics,card,2,27.0,615.27,19.0,
O102939,C00165,2025-11-22,completed,electronics,wallet,1,7.0,343.09,15.0,3.0
O102940,C00984,2026-02-10,delivered,clothing,card,5,28.0,2503.7,1.0,4.0
O102941,C01995,2026-07-31,delivered,home,sbp,4,15.0,3562.86,15.0,3.0
O102942,C01311,2025-07-21,completed,home,card,3,20.0,2884.47,10.0,3.0
O102943,C01407,2025-03-14,completed,electronics,sbp,3,30.0,4904.63,1.0,
O102944,C01251,2025-06-24,delivered,beauty,cash,4,28.0,1872.84,5.0,4.0
O102945,C01186,2025-04-03,processing,clothing,card,1,1.0,641.66,10.0,
O102946,C00123,2026-05-30,delivered,clothing,card,1,3.0,150.0,3.0,5.0
O102947,C00827,2026-05-03,completed,clothing,card,5,20.0,1046.1,18.0,2.0
O102948,C00173,2026-02-06,delivered,electronics,card,1,19.0,458.03,6.0,4.0
O102949,C00673,2026-07-13,completed,electronics,sbp,1,21.0,656.08,15.0,2.0
O102950,C01440,2026-07-31,cancelled,toys,cash,5,5.0,2374.43,,
O102951,C01609,2025-05-14,cancelled,home,card,4,13.0,2997.99,,
O102952,C00448,2026-07-31,completed,electronics,card,4,14.0,1883.49,19.0,2.0
O102953,C01309,2025-06-18,delivered,electronics,card,5,25.0,2043.19,13.0,4.0
O102954,C00453,2025-07-17,delivered,electronics,cash,4,20.0,13446.72,19.0,1.0
O102955,C00402,2026-07-31,completed,toys,card,1,20.0,399.19,6.0,5.0
O102956,C01920,2025-08-19,delivered,beauty,sbp,1,10.0,1107.6,4.0,4.0
O102957,C01220,2025-04-13,delivered,clothing,cash,5,22.0,866.85,8.0,3.0
O102958,C00396,2026-03-30,delivered,toys,card,3,2.0,1631.46,15.0,3.0
O102959,C00283,2026-02-05,delivered,clothing,card,2,4.0,574.51,1.0,4.0
O102960,C00099,2026-05-27,delivered,beauty,card,2,13.0,4803.77,8.0,4.0
O102961,C00994,2025-11-12,delivered,clothing,wallet,4,16.0,1261.7,14.0,3.0
O102962,C00203,2026-01-31,delivered,beauty,card,5,8.0,2403.59,14.0,2.0
O102963,C01167,2024-08-29,delivered,toys,card,4,5.0,1019.94,6.0,4.0
O102964,C00868,2026-07-31,delivered,clothing,card,3,15.0,729.01,5.0,
O102965,C01272,2025-01-19,delivered,electronics,card,3,2.0,1390.85,8.0,4.0
O102966,C00416,2026-07-01,completed,electronics,card,2,6.0,1317.11,7.0,4.0
O102967,C00291,2026-07-11,delivered,electronics,card,2,13.0,2296.74,2.0,5.0
O102968,C00202,2026-05-09,delivered,electronics,card,1,15.0,310.05,7.0,4.0
O102969,C00192,2025-12-13,completed,clothing,cash,3,3.0,917.8,18.0,1.0
O102970,C00145,2026-07-31,completed,clothing,sbp,2,24.0,2755.19,13.0,2.0
O102971,C00518,2024-11-27,delivered,electronics,wallet,2,0.0,3527.22,4.0,4.0
O102972,C01601,2024-10-05,completed,toys,card,2,15.0,921.34,19.0,1.0
O102973,C01215,2024-04-11,completed,electronics,card,4,30.0,2860.79,9.0,3.0
O102974,C00501,2024-12-09,completed,electronics,card,4,27.0,7494.73,7.0,3.0
O102975,C01864,2025-11-26,delivered,electronics,card,5,27.0,20506.56,8.0,
O102976,C01523,2025-03-16,processing,toys,card,5,21.0,3444.47,17.0,
O102977,C01559,2026-07-31,cancelled,clothing,card,5,5.0,4501.16,,
O102978,C01798,2024-07-12,processing,electronics,card,2,19.0,1096.03,19.0,
O102979,C01492,2026-02-06,processing,electronics,card,5,4.0,753.95,17.0,
O102980,C01914,2026-01-24,completed,clothing,card,3,30.0,1950.47,3.0,4.0
O102981,C00661,2025-04-28,completed,toys,cash,5,10.0,7378.95,6.0,4.0
O102982,C01713,2026-07-31,completed,clothing,wallet,5,1.0,1348.73,11.0,3.0
O102983,C00224,2025-01-05,completed,clothing,cash,4,3.0,447.07,7.0,3.0
O102984,C00601,2026-01-26,cancelled,clothing,card,2,2.0,1581.01,,
O102985,C01784,2026-07-31,cancelled,electronics,card,2,10.0,241.8,,
O102986,C00267,2025-08-31,delivered,clothing,cash,4,5.0,560.39,18.0,2.0
O102987,C01002,2026-07-31,cancelled,clothing,sbp,5,21.0,666.33,,
O102988,C00682,2024-08-15,delivered,home,cash,1,21.0,150.0,3.0,4.0
O102989,C00202,2026-07-20,completed,electronics,card,2,7.0,2296.27,12.0,
O102990,C00472,2026-07-31,completed,electronics,cash,3,3.0,1651.19,18.0,1.0
O102991,C01070,2024-11-15,CANCELED,home,card,5,24.0,12769.14,,
O102992,C01262,2026-07-31,delivered,home,card,2,1.0,1773.82,6.0,4.0
O102993,C01351,2024-05-07,completed,clothing,wallet,3,28.0,7690.66,8.0,3.0
O102994,C00263,2025-09-13,completed,beauty,sbp,2,8.0,588.72,13.0,3.0
O102995,C00640,2026-07-31,cancelled,beauty,card,4,1.0,2633.92,,
O102996,C00209,2024-12-25,cancelled,toys,cash,2,22.0,355.61,,
O102997,C00019,2026-07-31,delivered,clothing,card,1,16.0,394.71,7.0,3.0
O102998,C00782,2026-01-04,processing,toys,card,3,27.0,4657.72,6.0,
O102999,C01244,2026-01-23,completed,home,sbp,1,2.0,477.03,2.0,5.0
O103000,C00742,2026-07-31,processing,home,sbp,2,12.0,816.71,16.0,
O103001,C00081,2026-07-31,delivered,home,card,5,17.0,2420.44,14.0,3.0
O103002,C00440,2025-12-16,delivered,electronics,sbp,5,9.0,2763.58,19.0,1.0
O103003,C00866,2026-05-08,processing,home,card,4,1.0,2213.11,8.0,
O103004,C00712,2025-10-14,cancelled,beauty,card,3,3.0,4294.38,,
O103005,C01650,2026-07-31,completed,toys,wallet,5,15.0,1383.82,2.0,5.0
O103006,C01196,2026-01-11,cancelled,clothing,sbp,1,16.0,417.64,,
O103007,C01998,2026-07-31,delivered,toys,card,3,13.0,1598.72,20.0,2.0
O103008,C00352,2024-06-30,completed,electronics,card,3,,717.53,9.0,4.0
O103009,C00741,2026-04-05,delivered,toys,cash,1,,344.68,9.0,4.0
O103010,C00175,2026-01-06,delivered,home,wallet,1,2.0,909.72,4.0,
O103011,C00041,2024-07-02,delivered,home,card,3,5.0,764.58,1.0,4.0
O103012,C01848,2026-01-29,completed,home,card,1,15.0,4532.44,4.0,4.0
O103013,C00986,2026-03-21,completed,toys,card,5,3.0,9124.6,8.0,4.0
O103014,C01320,2025-12-03,completed,electronics,card,1,12.0,567.67,8.0,
O103015,C00553,2026-07-31,cancelled,clothing,card,1,2.0,780.94,,
O103016,C00104,2024-02-05,completed,beauty,cash,4,1.0,3650.88,5.0,4.0
O103017,C01786,2025-03-24,delivered,electronics,card,3,4.0,2313.77,6.0,5.0
O103018,C01317,2025-12-11,delivered,home,wallet,3,3.0,1595.53,20.0,1.0
O103019,C01424,2025-09-20,completed,clothing,card,2,18.0,8907.37,1.0,5.0
O103020,C01067,2026-07-31,completed,beauty,sbp,1,18.0,277.36,18.0,3.0
O103021,C00809,2025-01-01,Processing ,toys,wallet,4,30.0,1446.2,20.0,
O103022,C00845,2024-06-02,cancelled,electronics,card,3,26.0,1566.72,,
O103023,C01525,2026-05-26,processing,home,card,2,18.0,1651.06,13.0,
O103024,C00455,2025-09-29,completed,clothing,sbp,2,28.0,4927.46,3.0,4.0
O103025,C00683,2026-07-31,completed,home,card,1,20.0,492.1,10.0,4.0
O103026,C00615,2026-02-01,delivered,electronics,card,4,28.0,3131.05,2.0,4.0
O103027,C01044,2025-01-15,completed,electronics,card,1,19.0,670.8,16.0,2.0
O103028,C01936,2024-08-08,delivered,clothing,card,5,26.0,2306.07,15.0,2.0
O103029,C01846,2025-08-12,completed,electronics,card,3,5.0,3991.86,6.0,4.0
O103030,C01090,2024-07-03,delivered,home,cash,1,30.0,694.18,8.0,2.0
O103031,C00401,2026-07-31,Processing ,electronics,wallet,5,29.0,5433.56,13.0,
O103032,C01881,2025-11-04,cancelled,toys,card,2,1.0,779.5,,
O103033,C00627,2025-08-25,completed,beauty,card,2,30.0,639.45,1.0,4.0
O103034,C00713,2026-03-02,completed,home,card,4,12.0,1497.8,3.0,3.0
O103035,C01772,2025-08-30,processing,beauty,card,1,4.0,625.89,6.0,
O103036,C00527,2026-07-05,completed,toys,card,4,22.0,4819.61,10.0,3.0
O103037,C00924,2024-12-31,completed,beauty,card,2,7.0,5273.81,1.0,5.0
O103038,C01834,2024-05-18,completed,home,card,5,20.0,2833.95,18.0,1.0
O103039,C00636,2026-05-08,delivered,clothing,card,3,17.0,6563.25,5.0,4.0
O103040,C01249,2025-03-02,delivered,beauty,card,4,20.0,3252.78,10.0,3.0
O103041,C00075,2026-07-28,delivered,home,card,3,28.0,866.0,17.0,
O103042,C01992,2025-12-04,completed,clothing,sbp,1,21.0,541.92,12.0,2.0
O103043,C00838,2024-10-28,completed,clothing,card,2,18.0,1823.59,8.0,3.0
O103044,C01341,2025-05-17,completed,electronics,wallet,5,8.0,4850.01,13.0,3.0
O103045,C01002,2026-02-27,completed,beauty,sbp,3,11.0,1007.19,2.0,4.0
O103046,C00868,2026-05-16,completed,beauty,sbp,1,4.0,370.61,7.0,3.0
O103047,C00813,2026-02-18,delivered,electronics,card,1,11.0,376.86,20.0,2.0
O103048,C00036,2024-09-24,delivered,electronics,card,1,0.0,420.69,20.0,2.0
O103049,C00555,2026-07-31,delivered,toys,card,5,12.0,3145.53,9.0,3.0
O103050,C00762,2025-06-10,delivered,electronics,card,5,0.0,11157.8,16.0,3.0
O103051,C00739,2026-05-25,delivered,home,card,3,28.0,1055.41,4.0,5.0
O103052,C00548,2025-08-24,completed,clothing,card,3,7.0,398.2,20.0,1.0
O103053,C01285,2025-07-01,delivered,clothing,cash,3,23.0,378.21,8.0,2.0
O103054,C01659,2026-07-31,completed,electronics,cash,2,4.0,1894.29,8.0,4.0
O103055,C01783,2026-13-01,delivered,electronics,card,4,24.0,1274.34,1.0,5.0
O103056,C01945,2025-07-04,delivered,home,card,2,0.0,1222.73,8.0,4.0
O103057,C01300,2024-04-01,delivered,clothing,card,4,1.0,1119.06,9.0,2.0
O103058,C00823,2025-04-02,cancelled,beauty,cash,1,8.0,437.65,,
O103059,C01293,2025-07-05,completed,toys,cash,3,9.0,1139.76,8.0,
O103060,C00265,2026-07-31,completed,beauty,sbp,3,25.0,853.34,18.0,1.0
O103061,C01634,2026-07-31,cancelled,clothing,card,1,24.0,1324.9,,
O103062,C01070,2024-04-15,completed,clothing,card,5,16.0,7025.82,18.0,2.0
O103063,C00331,2026-05-08,completed,electronics,card,1,3.0,822.08,13.0,3.0
O103064,C00852,2026-01-16,completed,home,card,4,24.0,10111.01,11.0,2.0
O103065,C00603,2025-12-31,completed,clothing,card,3,8.0,516.03,13.0,2.0
O103066,C00700,2025-03-23,delivered,beauty,sbp,4,20.0,1664.9,20.0,2.0
O103067,C00102,2024-12-12,cancelled,home,cash,3,25.0,1117.99,,
O103068,C00033,2025-02-14,delivered,electronics,card,3,7.0,2607.43,2.0,5.0
O103069,C00700,2025-02-20,delivered,clothing,card,4,17.0,718.96,3.0,4.0
O103070,C00604,2025-04-28,cancelled,home,card,1,23.0,840.46,,
O103071,C01998,2026-07-31,cancelled,beauty,card,2,16.0,310.69,,
O103072,C00526,2025-06-16,completed,clothing,card,3,12.0,2688.94,14.0,2.0
O103073,C00659,2024-10-17,delivered,home,card,2,9.0,2482.61,13.0,2.0
O103074,C01831,2025-07-26,completed,electronics,card,1,21.0,199.23,9.0,3.0
O103075,C01720,2025-07-18,completed,toys,card,4,2.0,1469.33,10.0,4.0
O103076,C00114,2025-12-16,cancelled,home,card,1,17.0,1276.9,,
O103077,C00172,2024-05-30,cancelled,beauty,card,4,26.0,6001.7,,
O103078,C00190,2025-03-25,cancelled,clothing,card,1,6.0,157.26,,
O103079,C00920,2025-12-17,delivered,toys,cash,4,5.0,2664.0,6.0,4.0
O103080,C01146,2025-12-18,completed,home,card,5,17.0,4156.12,6.0,3.0
O103081,C00703,2024-09-02,completed,electronics,card,2,16.0,978.23,1.0,5.0
O103082,C00026,2025-10-24,completed,home,card,2,4.0,3108.85,1.0,5.0
O103083,C00404,2026-07-31,completed,electronics,card,2,18.0,636.25,6.0,3.0
O103084,C01230,2025-03-15,delivered,beauty,sbp,3,2.0,1060.71,20.0,1.0
O103085,C00746,2025-08-18,delivered,beauty,sbp,2,14.0,581.62,12.0,3.0
O103086,C00248,2025-11-30,completed,clothing,cash,5,2.0,2998.55,17.0,
O103087,C01303,2026-07-31,completed,clothing,cash,5,25.0,1987.33,17.0,2.0
O103088,C01227,2024-08-30,completed,beauty,cash,4,30.0,3960.51,6.0,4.0
O103089,C00981,2025-08-22,cancelled,beauty,card,2,0.0,746.3,,
O103090,C01881,2025-12-02,completed,clothing,cash,1,19.0,431.55,13.0,3.0
O103091,C01689,2026-07-31,completed,home,card,2,11.0,1206.44,19.0,2.0
O103092,C00080,2026-06-09,completed,electronics,card,3,3.0,793.65,1.0,5.0
O103093,C01810,2026-07-31,completed,clothing,sbp,5,21.0,5796.71,20.0,1.0
O103094,C00100,2024-10-15,completed,toys,sbp,4,27.0,3559.83,8.0,3.0
O103095,C00964,2024-09-14,cancelled,home,card,5,1.0,4335.22,,
O103096,C01804,2025-02-12,completed,electronics,wallet,3,,681.95,11.0,3.0
O103097,C01964,2026-03-10,completed,clothing,card,3,28.0,5313.34,14.0,3.0
O103098,C00046,2026-07-31,completed,clothing,card,2,0.0,233.87,10.0,3.0
O103099,C00145,2026-07-31,completed,electronics,card,4,11.0,3720.68,15.0,1.0
O103100,C00483,2025-02-21,processing,toys,sbp,4,28.0,2302.12,7.0,
O103101,C00553,2026-04-03,delivered,electronics,wallet,1,18.0,877.95,2.0,5.0
O103102,C00559,2026-07-31,delivered,clothing,cash,3,6.0,1300.19,11.0,3.0
O103103,C00834,2024-06-07,delivered,beauty,card,5,0.0,2755.0,11.0,3.0
O103104,C00638,2025-09-21,completed,electronics,card,3,16.0,2704.55,9.0,4.0
O103105,C01166,2024-07-28,completed,clothing,card,3,16.0,1544.17,16.0,2.0
O103106,C01708,2026-07-31,completed,home,cash,1,15.0,612.13,18.0,2.0
O103107,C01092,2025-12-28,cancelled,clothing,wallet,4,6.0,2513.05,,
O103108,C00664,2025-02-26,delivered,clothing,sbp,5,29.0,14906.28,5.0,5.0
O103109,C01136,2024-03-13,completed,home,card,5,10.0,717.85,9.0,4.0
O103110,C01241,2025-11-14,cancelled,toys,card,5,28.0,7269.6,,
O103111,C01793,2025-06-03,completed,beauty,card,5,29.0,3701.76,11.0,3.0
O103112,C01895,2025-04-07,completed,electronics,card,2,6.0,1340.71,16.0,3.0
O103113,C00556,2025-10-27,completed,home,wallet,4,22.0,745.28,3.0,5.0
O103114,C01837,2026-07-31,completed,home,card,2,14.0,2592.12,19.0,1.0
O103115,C01634,2026-07-31,completed,clothing,sbp,2,20.0,416.26,2.0,5.0
O103116,C00257,2025-11-19,processing,electronics,card,1,16.0,1674.1,14.0,
O103117,C01117,2026-07-31,completed,home,cash,1,30.0,333.58,1.0,5.0
O103118,C00305,2026-04-09,completed,clothing,wallet,3,18.0,5022.14,9.0,3.0
O103119,C00981,2025-06-27,completed,toys,card,1,5.0,292.14,9.0,2.0
O103120,C00090,2026-06-23,completed,electronics,cash,1,26.0,244.15,10.0,4.0
O103121,C00599,2025-08-12,completed,electronics,card,1,1.0,476.29,10.0,3.0
O103122,C01177,2025-08-18,completed,beauty,card,4,22.0,1136.42,2.0,3.0
O103123,C00609,2026-07-31,completed,beauty,card,3,,1277.34,19.0,2.0
O103124,C00021,2025-12-18,completed,clothing,card,5,16.0,9911.16,12.0,2.0
O103125,C00777,2026-01-09,completed,beauty,cash,4,0.0,1321.16,19.0,1.0
O103126,C01083,2026-07-31,delivered,beauty,card,1,10.0,591.09,4.0,4.0
O103127,C01528,2024-10-01,processing,electronics,card,2,24.0,3674.46,8.0,
O103128,C00273,2025-04-24,completed,home,sbp,2,26.0,1244.48,6.0,4.0
O103129,C00954,2025-07-16,delivered,home,sbp,3,15.0,3796.58,20.0,2.0
O103130,C00398,2025-06-20,delivered,clothing,wallet,1,14.0,802.46,10.0,4.0
O103131,C00308,2026-05-13,delivered,toys,card,3,7.0,3430.11,4.0,4.0
O103132,C00244,2025-11-03,delivered,toys,card,2,14.0,974.41,10.0,3.0
O103133,C01520,2025-12-05,delivered,clothing,card,1,19.0,818.77,5.0,4.0
O103134,C01840,2026-01-28,processing,electronics,wallet,5,29.0,10918.74,12.0,
O103135,C01327,2026-06-19,completed,toys,card,2,15.0,788.97,11.0,3.0
O103136,C00757,2026-01-03,delivered,clothing,wallet,1,2.0,718.28,16.0,1.0
O103137,C01899,2026-05-15,delivered,electronics,sbp,4,5.0,1194.51,8.0,5.0
O103138,C00995,2025-06-22,processing,home,card,4,15.0,4711.54,5.0,
O103139,C01059,2025-12-15,delivered,home,card,2,24.0,270.09,11.0,3.0
O103140,C01270,2024-12-28,processing,electronics,card,2,18.0,810.66,8.0,
O103141,C01309,2025-08-13,delivered,electronics,card,1,8.0,1149.02,1.0,5.0
O103142,C00985,2025-08-05,delivered,beauty,wallet,2,29.0,909.25,8.0,4.0
O103143,C00959,2026-07-31,cancelled,toys,card,1,7.0,150.0,,
O103144,C00636,2026-02-24,delivered,clothing,sbp,1,0.0,277.2,15.0,2.0
O103145,C01362,2024-12-14,delivered,electronics,card,2,21.0,593.94,6.0,
O103146,C01345,2024-07-25,cancelled,clothing,cash,5,1.0,9037.7,,
O103147,C00873,2024-09-08,completed,clothing,card,1,13.0,965.84,7.0,4.0
O103148,C01425,2024-12-30,processing,clothing,card,5,4.0,5240.16,1.0,
O103149,C00276,2026-02-25,cancelled,home,cash,5,10.0,957.67,,
O103150,C00833,2025-06-05,delivered,electronics,card,1,10.0,514.4,1.0,5.0
O103151,C01974,2025-11-02,completed,beauty,wallet,2,17.0,3560.63,18.0,2.0
O103152,C01468,2025-11-17,completed,beauty,cash,3,30.0,3149.33,3.0,5.0
O103153,C01441,2026-07-13,completed,beauty,card,1,20.0,341.43,9.0,3.0
O103154,C01727,2026-07-18,completed,clothing,card,3,4.0,2883.12,12.0,2.0
O103155,C01218,2026-01-18,delivered,home,card,4,3.0,733.77,8.0,2.0
O103156,C01326,2024-06-26,cancelled,clothing,card,1,10.0,258.14,,
O103157,C00963,2026-07-31,delivered,clothing,card,4,27.0,454.41,16.0,1.0
O103158,C01653,2024-11-07,completed,home,card,2,13.0,936.88,9.0,3.0
O103159,C01423,2025-10-16,processing,beauty,sbp,4,11.0,3402.4,15.0,
O103160,C01048,2026-03-24,cancelled,beauty,wallet,1,,237.03,,
O103161,C00254,2025-05-25,delivered,electronics,card,4,6.0,1904.45,3.0,4.0
O103162,C01613,2026-06-28,completed,home,sbp,4,15.0,1047.21,11.0,4.0
O103163,C00653,2024-08-03,delivered,electronics,card,3,4.0,957.81,8.0,3.0
O103164,C00719,2024-10-13,completed,home,card,3,14.0,665.56,18.0,
O103165,C00250,2024-11-27,completed,clothing,card,3,27.0,4148.98,10.0,3.0
O103166,C00435,2025-06-13,delivered,beauty,card,4,4.0,1178.95,18.0,2.0
O103167,C00253,2025-06-05,delivered,toys,card,3,1.0,1259.11,10.0,4.0
O103168,C00195,2026-07-31,completed,electronics,cash,5,5.0,1682.81,13.0,3.0
O103169,C00043,2025-11-03,processing,beauty,card,1,21.0,659.28,3.0,
O103170,C00590,2026-07-05,cancelled,home,sbp,3,1.0,11270.97,,
O103171,C01512,2025-04-20,delivered,home,card,3,0.0,14279.54,13.0,3.0
O103172,C01728,2025-07-22,completed,clothing,card,3,2.0,1290.31,6.0,3.0
O103173,C00455,2026-05-08,completed,clothing,card,3,27.0,2147.64,13.0,2.0
O103174,C00848,2024-03-23,delivered,electronics,card,5,0.0,5535.02,12.0,3.0
O103175,C01665,2025-06-02,cancelled,electronics,card,3,28.0,4202.49,,
O103176,C01414,2026-07-09,delivered,home,card,1,18.0,853.44,14.0,3.0
O103177,C01809,2024-06-20,completed,electronics,sbp,2,8.0,2486.9,13.0,2.0
O103178,C00841,2025-05-11,completed,clothing,card,1,27.0,714.03,2.0,4.0
O103179,C00338,2025-03-08,completed,beauty,cash,2,,620.54,1.0,5.0
O103180,C00287,2024-09-01,delivered,home,card,3,,3711.86,13.0,2.0
O103181,C01418,2025-12-05,delivered,electronics,card,1,1.0,573.73,5.0,3.0
O103182,C00053,2025-01-24,completed,home,card,3,8.0,2013.76,14.0,3.0
O103183,C00921,2026-07-31,delivered,electronics,card,2,29.0,347.54,11.0,3.0
O103184,C00707,2024-03-09,cancelled,beauty,card,5,17.0,1388.5,,
O103185,C01838,2024-11-22,completed,electronics,card,1,19.0,377.83,9.0,4.0
O103186,C01997,2025-08-01,completed,electronics,wallet,3,6.0,2350.95,8.0,3.0
O103187,C00969,2026-07-21,delivered,toys,card,1,29.0,2161.89,13.0,3.0
O103188,C01161,2025-11-12,processing,electronics,card,3,29.0,2875.61,5.0,
O103189,C00758,2025-06-03,completed,electronics,card,3,14.0,1332.27,2.0,4.0
O103190,C01554,2026-13-01,completed,electronics,sbp,3,14.0,699.35,7.0,4.0
O103191,C00590,2026-02-22,delivered,clothing,card,3,24.0,4181.98,7.0,
O103192,C01489,2024-05-15,completed,beauty,card,3,13.0,1989.3,10.0,3.0
O103193,C01808,2025-10-31,cancelled,electronics,wallet,2,29.0,150.0,,
O103194,C00344,2026-04-04,delivered,electronics,sbp,5,9.0,5913.91,7.0,4.0
O103195,C00453,2025-04-09,completed,beauty,card,4,7.0,2771.1,12.0,3.0
O103196,C00757,2025-11-15,cancelled,electronics,card,4,6.0,368.11,,
O103197,C01656,2025-05-10,delivered,electronics,card,3,2.0,2534.84,3.0,4.0
O103198,C01282,2026-07-27,delivered,electronics,sbp,4,27.0,2198.39,20.0,1.0
O103199,C00389,2026-07-31,completed,beauty,cash,4,8.0,716.9,7.0,
O103200,C00737,2025-12-30,delivered,clothing,card,1,15.0,2623.79,10.0,3.0
O103201,C01287,2026-07-31,cancelled,home,card,3,16.0,2188.02,,
O103202,C01930,2026-07-31,completed,home,card,5,3.0,1742.07,12.0,2.0
O103203,C00903,2024-09-13,completed,clothing,cash,5,21.0,1371.18,15.0,2.0
O103204,C00150,2024-04-05,processing,beauty,cash,5,4.0,2200.83,10.0,
O103205,C00210,2026-07-18,completed,toys,card,4,30.0,1807.21,9.0,4.0
O103206,C00058,2025-02-28,completed,home,card,5,15.0,4066.39,12.0,2.0
O103207,C00252,2026-01-05,completed,beauty,sbp,2,24.0,846.87,11.0,4.0
O103208,C00826,2024-10-23,delivered,electronics,cash,5,16.0,1841.6,1.0,5.0
O103209,C00564,2024-12-19,delivered,clothing,card,5,2.0,2909.42,1.0,5.0
O103210,C00603,2026-07-16,completed,home,wallet,4,24.0,1446.06,1.0,5.0
O103211,C01534,2024-08-06,completed,electronics,card,4,28.0,1868.68,17.0,2.0
O103212,C00955,2026-04-29,delivered,electronics,card,4,16.0,6191.66,15.0,2.0
O103213,C01458,2025-03-27,delivered,electronics,card,1,26.0,348.01,7.0,3.0
O103214,C99999,2026-03-24,completed,electronics,cash,1,9.0,445.39,18.0,1.0
O103215,C00411,2025-01-14,delivered,beauty,card,2,6.0,535.0,5.0,5.0
O103216,C01897,2026-03-17,delivered,electronics,card,2,22.0,2385.81,11.0,3.0
O103217,C00953,2026-01-11,completed,home,card,1,27.0,150.0,7.0,4.0
O103218,C01673,2025-08-06,completed,electronics,card,4,9.0,1014.22,14.0,2.0
O103219,,2025-10-30,processing,home,card,1,7.0,872.21,4.0,
O103220,C01700,2026-07-31,cancelled,electronics,card,2,6.0,873.79,,
O103221,C01432,2025-04-17,completed,electronics,card,1,16.0,998.49,17.0,3.0
O103222,C00500,2025-09-20,cancelled,clothing,wallet,4,20.0,1688.81,,
O103223,C01587,2026-07-31,delivered,electronics,card,5,23.0,1439.04,2.0,4.0
O103224,C01486,2026-05-26,processing,clothing,card,3,4.0,1340.45,6.0,
O103225,C01788,2025-03-24,processing,home,card,3,2.0,525.98,10.0,
O103226,C00420,2025-06-12,delivered,toys,sbp,3,22.0,763.57,12.0,3.0
O103227,C01772,2025-08-20,delivered,home,card,2,21.0,2045.07,14.0,2.0
O103228,C01525,2026-02-10,completed,clothing,cash,2,12.0,801.22,14.0,2.0
O103229,C00676,2025-11-25,delivered,home,cash,2,16.0,961.95,2.0,5.0
O103230,C00701,2026-01-26,completed,clothing,card,5,5.0,2722.02,10.0,4.0
O103231,C00510,2024-08-31,delivered,home,wallet,2,15.0,281.01,11.0,3.0
O103232,C00954,2025-07-29,completed,home,cash,2,9.0,283.2,18.0,2.0
O103233,C01794,2025-07-04,cancelled,clothing,cash,3,19.0,2005.97,,
O103234,C01676,2026-07-30,processing,beauty,cash,4,29.0,1419.38,16.0,
O103235,C00293,2026-07-31,completed,clothing,card,2,2.0,826.35,15.0,3.0
O103236,C00263,2025-04-03,delivered,electronics,cash,1,,806.12,9.0,3.0
O103237,C00119,2025-07-14,cancelled,home,cash,3,3.0,699.87,,
O103238,C01229,2024-10-06,delivered,beauty,sbp,5,5.0,1565.61,2.0,5.0
O103239,C00629,2025-05-18,processing,beauty,wallet,5,5.0,1858.17,1.0,
O103240,C01522,2025-11-26,delivered,electronics,card,4,0.0,2580.05,14.0,3.0
O103241,C01521,2026-05-09,completed,home,cash,3,4.0,1108.82,6.0,4.0
O103242,C00396,2026-07-31,delivered,toys,card,5,24.0,1484.99,6.0,
O103243,C01389,2026-07-31,delivered,electronics,sbp,1,13.0,1909.98,13.0,3.0
O103244,C01530,2026-07-31,completed,clothing,cash,1,13.0,508.75,11.0,4.0
O103245,C01975,2026-03-29,Completed,clothing,wallet,4,18.0,3327.89,20.0,2.0
O103246,C01446,2025-01-02,delivered,beauty,cash,5,6.0,579.39,8.0,3.0
O103247,C00720,2026-05-12,completed,clothing,cash,2,4.0,351.65,20.0,2.0
O103248,C02000,2024-09-14,completed,home,card,2,11.0,1574.53,19.0,1.0
O103249,C00552,2025-01-29,completed,electronics,cash,2,23.0,812.73,20.0,1.0
O103250,C01611,2026-07-31,completed,electronics,card,2,4.0,723.49,13.0,3.0
O103251,C00757,2026-03-22,delivered,electronics,card,1,26.0,230.36,17.0,2.0
O103252,C01871,2024-04-06,completed,electronics,card,2,0.0,2148.59,1.0,4.0
O103253,C01565,2026-01-12,cancelled,beauty,card,4,2.0,3326.97,,
O103254,C01200,2025-11-25,processing,electronics,sbp,4,10.0,1870.82,4.0,
O103255,C00429,2024-12-23,delivered,electronics,card,5,5.0,2999.2,17.0,2.0
O103256,C00377,2026-05-31,delivered,beauty,card,5,13.0,1930.37,20.0,2.0
O103257,C01896,2026-05-13,processing,clothing,sbp,2,11.0,570.24,4.0,
O103258,C01604,2025-09-22,completed,home,card,4,15.0,1301.48,5.0,4.0
O103259,C01026,2024-09-26,completed,electronics,card,2,20.0,1816.52,11.0,4.0
O103260,C01755,2025-11-10,completed,toys,card,2,6.0,718.72,7.0,3.0
O103261,C01567,2026-07-24,completed,clothing,card,4,2.0,2063.62,12.0,4.0
O103262,C00776,2026-07-31,completed,electronics,sbp,2,1.0,698.91,20.0,2.0
O103263,C01655,2025-02-18,delivered,home,cash,4,10.0,4179.87,13.0,2.0
O103264,C01593,2025-10-16,delivered,clothing,cash,2,24.0,585.83,18.0,2.0
O103265,C00958,2025-09-16,completed,clothing,card,3,30.0,5015.48,3.0,4.0
O103266,C00039,2025-02-13,completed,clothing,card,1,24.0,311.45,5.0,4.0
O103267,C01483,2025-09-20,completed,clothing,cash,1,16.0,311.74,16.0,2.0
O103268,C00680,2026-07-31,delivered,home,cash,4,16.0,9789.07,5.0,4.0
O103269,C00730,2025-09-24,completed,electronics,card,5,5.0,1049.64,2.0,5.0
O103270,C01428,2026-07-31,completed,beauty,card,1,9.0,478.24,13.0,3.0
O103271,C01622,2024-09-10,completed,electronics,card,4,18.0,4427.68,20.0,1.0
O103272,C00176,2025-08-11,delivered,home,card,4,0.0,573.37,16.0,
O103273,C01648,2026-06-07,completed,electronics,card,2,11.0,1211.61,11.0,4.0
O103274,C00586,2026-07-31,delivered,clothing,cash,3,20.0,431.55,14.0,2.0
O103275,C01133,2026-03-29,cancelled,home,card,2,27.0,1014.81,,
O103276,C01738,2025-01-16,delivered,home,cash,1,26.0,2511.74,10.0,3.0
O103277,C00437,2025-09-02,completed,beauty,card,5,29.0,375.6,4.0,5.0
O103278,C00442,2024-12-23,delivered,clothing,card,2,19.0,927.71,12.0,3.0
O103279,C01941,2025-01-01,completed,beauty,cash,3,7.0,1027.38,19.0,2.0
O103280,C00747,2025-05-06,cancelled,toys,card,1,6.0,220.12,,
O103281,C01894,2026-05-27,cancelled,toys,wallet,1,28.0,150.0,,
O103282,C00715,2026-07-31,completed,clothing,card,4,21.0,4748.09,7.0,4.0
O103283,C01240,2024-10-26,completed,electronics,sbp,3,24.0,1731.62,12.0,3.0
O103284,C01021,2024-04-19,delivered,home,card,4,15.0,445.5,10.0,4.0
O103285,C01968,2025-09-30,delivered,electronics,card,5,4.0,1160.07,15.0,2.0
O103286,C01101,2025-08-21,completed,beauty,card,5,18.0,1588.25,2.0,5.0
O103287,C01006,2026-06-22,cancelled,electronics,card,1,25.0,150.0,,
O103288,C00933,2025-02-02,completed,beauty,card,2,7.0,1057.1,4.0,4.0
O103289,C00751,2026-07-31,cancelled,electronics,card,2,5.0,1208.59,,
O103290,C00881,2025-01-13,cancelled,beauty,sbp,1,13.0,597.46,,
O103291,C00922,2025-08-05,completed,home,card,3,0.0,7444.31,20.0,2.0
O103292,C01528,2025-03-11,completed,electronics,card,3,2.0,696.43,11.0,3.0
O103293,C00092,2026-07-28,completed,clothing,card,5,24.0,1687.58,5.0,
O103294,C01002,2025-11-19,cancelled,clothing,wallet,5,26.0,1616.13,,
O103295,C01099,2025-01-07,completed,beauty,card,1,10.0,976.23,16.0,
O103296,C01507,2026-07-31,completed,clothing,cash,3,2.0,2683.14,18.0,1.0
O103297,C01333,2025-12-21,delivered,home,card,2,28.0,398.85,13.0,
O103298,C00864,2026-01-09,completed,clothing,card,5,28.0,7828.85,10.0,2.0
O103299,C00220,2026-06-03,completed,home,card,2,13.0,-476.63,20.0,1.0
O103300,C00745,2026-07-31,cancelled,electronics,wallet,1,29.0,975.66,,
O103301,C00512,2026-02-06,delivered,toys,card,5,18.0,4648.49,18.0,1.0
O103302,C00409,2026-07-31,delivered,home,card,4,20.0,2709.95,20.0,
O103303,C01443,2026-07-31,completed,beauty,cash,4,23.0,1514.42,20.0,1.0
O103304,C00957,2025-12-12,delivered,beauty,card,4,7.0,1536.93,4.0,5.0
O103305,C01588,2024-07-13,delivered,electronics,wallet,4,26.0,2896.64,14.0,2.0
O103306,C00277,2025-12-02,completed,electronics,card,2,4.0,1501.5,18.0,1.0
O103307,C01972,2026-07-31,processing,electronics,sbp,4,5.0,3477.04,12.0,
O103308,C00947,2026-07-31,completed,electronics,sbp,2,3.0,1739.05,20.0,1.0
O103309,C00507,2025-11-05,completed,electronics,card,5,6.0,3240.18,9.0,4.0
O103310,C00726,2024-05-11,cancelled,beauty,wallet,2,24.0,3052.84,,
O103311,C01683,2024-05-09,completed,clothing,wallet,5,27.0,1524.26,9.0,3.0
O103312,C01420,2025-09-30,processing,home,sbp,2,3.0,1019.55,13.0,
O103313,C00345,2026-07-31,completed,clothing,card,1,9.0,315.26,15.0,2.0
O103314,C01981,2025-10-28,completed,electronics,cash,2,7.0,6960.7,20.0,1.0
O103315,C00262,2025-02-11,completed,clothing,card,3,19.0,2724.54,4.0,4.0
O103316,C00551,2026-06-19,completed,electronics,wallet,4,26.0,4433.69,20.0,1.0
O103317,C01459,2025-06-10,processing,beauty,card,1,2.0,704.22,6.0,
O103318,C01060,2025-04-28,processing,home,cash,1,10.0,470.99,12.0,
O103319,C00892,2026-02-20,delivered,electronics,sbp,2,20.0,8347.76,9.0,3.0
O103320,C01853,2025-03-29,completed,home,wallet,4,28.0,5211.87,1.0,4.0
O103321,C01588,2024-04-19,delivered,clothing,sbp,2,5.0,762.46,17.0,1.0
O103322,C01925,2025-05-29,completed,electronics,sbp,3,15.0,1189.15,5.0,5.0
O103323,C00566,2024-12-09,completed,electronics,cash,5,24.0,2942.55,1.0,5.0
O103324,C01702,2025-02-28,CANCELED,electronics,card,1,25.0,319.69,,
O103325,C00427,2026-07-31,completed,beauty,card,1,23.0,373.12,4.0,5.0
O103326,C01612,2024-08-22,completed,beauty,wallet,4,23.0,584.36,11.0,5.0
O103327,C01098,2026-07-31,delivered,home,card,4,18.0,290.03,18.0,1.0
O103328,C01196,2026-02-22,completed,electronics,sbp,2,0.0,4791.91,6.0,4.0
O103329,C00231,2026-01-13,completed,clothing,card,1,4.0,328.64,11.0,2.0
O103330,C01759,2026-05-18,completed,clothing,card,1,24.0,386.37,7.0,4.0
O103331,,2026-07-31,delivered,electronics,card,5,8.0,2603.64,9.0,2.0
O103332,C01197,2025-11-27,delivered,home,wallet,3,21.0,2579.65,5.0,5.0
O103333,C00333,2025-04-20,completed,electronics,card,2,1.0,1833.29,1.0,5.0
O103334,C01852,2024-08-28,cancelled,electronics,card,2,18.0,2244.96,,
O103335,C00641,2026-07-21,delivered,home,card,1,9.0,780.48,12.0,2.0
O103336,C99999,2024-10-26,completed,electronics,card,2,18.0,795.34,8.0,4.0
O103337,C01531,2024-06-25,completed,home,card,4,11.0,5420.7,14.0,2.0
O103338,C01101,2025-10-20,processing,beauty,card,3,23.0,1281.47,7.0,
O103339,C00242,2026-01-06,completed,home,cash,5,14.0,5623.69,3.0,4.0
O103340,C00560,2026-07-31,completed,toys,sbp,3,24.0,431.28,8.0,4.0
O103341,C01224,2026-03-03,delivered,home,sbp,4,30.0,5582.55,14.0,2.0
O103342,C01072,2025-07-03,completed,beauty,cash,4,13.0,965.9,5.0,5.0
O103343,C01170,2026-07-31,cancelled,home,card,1,22.0,154.47,,
O103344,C00499,2026-07-31,cancelled,beauty,cash,3,14.0,522.88,,
O103345,C01077,2026-07-19,cancelled,clothing,cash,5,12.0,2897.85,,
O103346,C00171,2024-05-27,delivered,clothing,sbp,3,21.0,9203.68,19.0,1.0
O103347,C00969,2026-07-31,delivered,clothing,cash,2,26.0,842.43,5.0,5.0
O103348,C00183,2025-05-10,completed,home,cash,3,9.0,1351.22,18.0,3.0
O103349,C01328,2025-02-04,cancelled,clothing,cash,4,11.0,3644.7,,
O103350,C01134,2025-12-04,Completed,toys,sbp,5,12.0,1554.33,16.0,2.0
O103351,C01704,2025-05-21,completed,home,card,4,11.0,1748.64,3.0,5.0
O103352,C00925,2025-06-13,processing,clothing,card,1,6.0,372.85,15.0,
O103353,C00325,2026-07-31,processing,clothing,sbp,3,1.0,7132.59,4.0,
O103354,C00471,2026-07-31,delivered,beauty,cash,4,8.0,2093.92,15.0,2.0
O103355,C01629,2025-06-05,delivered,beauty,cash,4,22.0,3587.5,15.0,2.0
O103356,C01917,2025-07-07,completed,home,card,1,28.0,278.73,7.0,5.0
O103357,C00123,2026-07-31,delivered,electronics,card,2,6.0,396.22,18.0,2.0
O103358,C01353,2026-02-16,completed,beauty,sbp,2,12.0,1676.16,2.0,5.0
O103359,C00965,2026-07-31,completed,toys,card,1,7.0,603.21,7.0,4.0
O103360,C00516,2025-01-10,completed,beauty,card,4,26.0,4493.37,15.0,3.0
O103361,C01023,2026-07-31,cancelled,home,card,3,,727.2,,
O103362,C01872,2025-05-28,processing,electronics,card,2,3.0,915.25,17.0,
O103363,C00396,2026-07-31,processing,toys,card,3,25.0,527.4,12.0,
O103364,C01675,2026-04-16,cancelled,electronics,card,1,4.0,331.77,,
O103365,C00180,2026-02-02,completed,electronics,card,2,26.0,310.09,15.0,2.0
O103366,C01442,2025-07-16,completed,home,wallet,3,16.0,1177.47,19.0,1.0
O103367,C00150,2024-11-27,completed,clothing,card,2,17.0,2805.74,4.0,5.0
O103368,C00122,2025-10-11,completed,beauty,wallet,3,14.0,744.03,15.0,3.0
O103369,C00075,2026-04-19,delivered,home,card,2,28.0,491.06,2.0,5.0
O103370,C01610,2024-05-06,completed,electronics,sbp,5,5.0,2155.68,9.0,3.0
O103371,C01148,2026-07-31,cancelled,home,card,5,13.0,2126.34,,
O103372,C01381,2026-07-31,completed,beauty,card,5,1.0,4561.9,14.0,3.0
O103373,C00311,2025-11-29,completed,beauty,card,2,18.0,348.6,19.0,3.0
O103374,C01843,2026-03-09,cancelled,electronics,card,2,19.0,150.0,,
O103375,C01618,2025-11-27,delivered,clothing,wallet,3,28.0,1555.3,20.0,1.0
O103376,C00978,2026-05-01,completed,electronics,card,5,20.0,9527.83,16.0,2.0
O103377,,2024-10-13,delivered,beauty,card,5,16.0,2109.77,17.0,3.0
O103378,C00287,2025-05-11,delivered,home,card,3,21.0,2029.21,19.0,2.0
O103379,,2025-06-19,completed,clothing,card,3,14.0,1387.11,19.0,2.0
O103380,C00097,2025-01-14,delivered,electronics,wallet,3,29.0,2683.94,2.0,4.0
O103381,C00329,2024-09-08,processing,beauty,cash,3,0.0,1168.07,5.0,
O103382,C01683,2024-05-10,completed,beauty,card,1,11.0,464.54,9.0,4.0
O103383,C00820,2026-07-31,completed,clothing,card,2,27.0,3654.36,1.0,4.0
O103384,C01291,2024-10-03,completed,electronics,card,5,20.0,6153.0,18.0,2.0
O103385,C01764,2025-11-16,delivered,clothing,cash,5,5.0,1416.63,4.0,5.0
O103386,C01529,2024-05-03,processing,beauty,card,4,22.0,1157.23,3.0,
O103387,C00800,2025-02-27,completed,home,wallet,5,14.0,1529.36,13.0,3.0
O103388,C00697,2026-03-01,cancelled,beauty,wallet,5,18.0,1002.61,,
O103389,C00217,2024-03-27,cancelled,electronics,card,3,24.0,950.28,,
O103390,C01660,2024-10-24,completed,clothing,card,4,23.0,1788.44,2.0,5.0
O103391,C01970,2025-02-07,cancelled,electronics,sbp,2,15.0,530.81,,
O103392,C01001,2026-01-16,processing,clothing,card,3,24.0,2225.57,13.0,
O103393,C01000,2025-08-03,processing,electronics,card,3,24.0,387.52,3.0,
O103394,C01697,2025-11-07,delivered,clothing,card,5,16.0,958.63,17.0,1.0
O103395,C00685,2024-06-10,completed,clothing,card,3,25.0,2504.67,5.0,4.0
O103396,C00814,2025-06-11,completed,beauty,cash,2,13.0,4509.24,1.0,5.0
O103397,C01788,2024-04-29,completed,clothing,wallet,2,26.0,1206.46,1.0,5.0
O103398,C00759,2024-05-16,delivered,electronics,cash,5,23.0,1264.04,2.0,5.0
O103399,C01855,2024-06-17,completed,electronics,card,4,2.0,809.0,5.0,5.0
O103400,C00323,2026-05-24,delivered,electronics,card,1,13.0,364.96,6.0,
O103401,C00994,2025-02-14,cancelled,home,wallet,1,6.0,1357.31,,
O103402,C00980,2025-07-05,completed,home,card,2,6.0,1487.02,17.0,
O103403,C00614,2025-11-27,processing,home,card,5,28.0,915.81,8.0,
O103404,C01927,2025-07-04,completed,beauty,card,5,24.0,3292.21,18.0,2.0
O103405,C00966,2026-01-13,completed,electronics,wallet,1,8.0,1552.73,1.0,5.0
O103406,C01759,2025-06-19,cancelled,clothing,card,1,,-1267.32,,
O103407,C00439,2024-08-04,completed,electronics,wallet,2,21.0,2857.18,12.0,2.0
O103408,C00698,2026-01-18,completed,electronics,card,5,4.0,4673.46,12.0,4.0
O103409,C00957,2025-07-13,processing,clothing,card,3,16.0,529.98,6.0,
O103410,C01128,2026-02-10,processing,home,card,1,20.0,258.29,17.0,
O103411,C00459,2026-03-18,cancelled,beauty,card,3,29.0,5944.68,,
O103412,C00627,2025-10-30,completed,clothing,wallet,4,,1501.49,12.0,3.0
O103413,C01245,2026-07-31,completed,clothing,card,1,7.0,150.0,8.0,4.0
O103414,C00557,2026-01-29,completed,beauty,sbp,4,15.0,3201.56,11.0,3.0
O103415,C01520,2026-02-12,completed,beauty,sbp,5,24.0,5762.3,19.0,2.0
O103416,C00955,2026-04-06,processing,home,card,1,5.0,462.05,14.0,
O103417,C01939,2026-07-11,completed,clothing,card,1,12.0,764.95,19.0,2.0
O103418,C00476,2026-07-31,delivered,clothing,sbp,5,3.0,1270.15,3.0,5.0
O103419,C01686,2025-06-13,completed,home,cash,3,7.0,1019.6,5.0,4.0
O103420,C00981,2025-07-13,delivered,electronics,card,1,2.0,150.0,10.0,4.0
O103421,C00173,2026-07-21,completed,clothing,sbp,1,15.0,208.76,4.0,4.0
O103422,C01411,2024-05-31,completed,electronics,card,5,21.0,7776.06,19.0,1.0
O103423,C00424,2025-08-07,completed,home,wallet,5,16.0,173.75,14.0,2.0
O103424,C00278,2026-01-20,processing,home,cash,5,3.0,1807.24,12.0,
O103425,C01064,2025-11-20,delivered,electronics,card,4,3.0,1286.0,18.0,2.0
O103426,C01572,2025-11-10,delivered,clothing,card,4,13.0,3171.24,7.0,3.0
O103427,C00516,2024-12-06,completed,electronics,sbp,5,5.0,447.09,11.0,2.0
O103428,C01247,2026-07-31,delivered,beauty,wallet,5,4.0,1337.66,12.0,4.0
O103429,C00029,2025-12-23,delivered,toys,card,1,28.0,307.74,12.0,
O103430,C00370,2026-06-21,delivered,clothing,card,4,11.0,2725.74,11.0,3.0
O103431,C01510,2025-12-03,delivered,electronics,card,4,,1955.83,13.0,2.0
O103432,C00026,2026-07-29,cancelled,beauty,card,5,13.0,654.99,,
O103433,C00716,2026-07-31,processing,beauty,card,1,21.0,375.77,14.0,
O103434,C01016,2026-07-31,processing,beauty,card,4,10.0,1058.23,19.0,
O103435,C00133,2024-04-30,delivered,clothing,card,3,10.0,2141.83,19.0,1.0
O103436,C01958,2026-02-01,completed,electronics,card,4,26.0,1618.69,13.0,3.0
O103437,C01018,2025-07-25,completed,toys,wallet,5,16.0,9979.61,13.0,3.0
O103438,C00678,2024-06-02,completed,clothing,card,5,23.0,1448.51,13.0,2.0
O103439,C01955,2026-07-31,completed,clothing,cash,1,1.0,312.84,3.0,4.0
O103440,C01118,2026-04-19,completed,beauty,card,3,10.0,965.8,12.0,3.0
O103441,C01358,2024-12-12,delivered,home,cash,3,4.0,1266.74,19.0,1.0
O103442,C00181,2026-05-31,delivered,electronics,wallet,3,1.0,2898.77,15.0,2.0
O103443,C00318,2026-06-01,delivered,toys,card,3,30.0,1037.79,9.0,4.0
O103444,C00091,2026-01-01,processing,home,sbp,5,25.0,1795.55,7.0,
O103445,C01029,2026-02-04,completed,electronics,card,5,6.0,3278.25,1.0,5.0
O103446,C01673,2024-12-06,completed,electronics,card,4,8.0,924.46,12.0,4.0
O103447,,2025-04-16,delivered,home,card,4,15.0,3264.51,13.0,3.0
O103448,C01149,2025-12-19,delivered,home,card,1,9.0,364.18,13.0,2.0
O103449,C00109,2026-01-19,delivered,electronics,card,2,28.0,478.62,18.0,3.0
O103450,C01253,2025-01-10,cancelled,clothing,cash,2,14.0,226.29,,
O103451,C01276,2026-05-07,completed,clothing,card,1,20.0,204.04,13.0,3.0
O103452,C01195,2025-06-12,delivered,clothing,sbp,3,21.0,1253.03,11.0,2.0
O103453,C01443,2026-07-31,processing,toys,card,4,5.0,1830.58,1.0,
O103454,C01115,2024-08-09,completed,electronics,card,1,16.0,392.54,14.0,2.0
O103455,C01409,2024-10-07,delivered,beauty,card,3,13.0,452.47,11.0,4.0
O103456,C00973,2025-11-14,completed,clothing,cash,3,22.0,1247.83,14.0,3.0
O103457,C00301,2025-03-01,completed,electronics,sbp,3,,426.74,16.0,2.0
O103458,C00160,2026-07-31,completed,electronics,sbp,2,1.0,356.82,3.0,4.0
O103459,C01815,2026-07-31,delivered,toys,card,1,14.0,1173.9,9.0,4.0
O103460,C00882,2026-07-31,delivered,electronics,wallet,2,26.0,884.5,10.0,4.0
O103461,C00645,2026-03-15,processing,electronics,card,5,26.0,3453.08,5.0,
O103462,C00587,2025-11-22,delivered,clothing,wallet,5,7.0,7552.48,6.0,5.0
O103463,C00104,2024-06-30,completed,home,card,4,17.0,1834.93,20.0,2.0
O103464,C01891,2024-09-21,cancelled,clothing,card,2,20.0,2071.58,,
O103465,C00167,2025-07-15,completed,electronics,card,1,23.0,654.66,2.0,5.0
O103466,C00439,2024-08-16,delivered,clothing,card,5,9.0,1350.38,15.0,4.0
O103467,C00916,2025-10-09,completed,beauty,card,3,11.0,1283.19,1.0,5.0
O103468,C00717,2025-06-18,cancelled,beauty,card,3,27.0,789.56,,
O103469,C00080,2025-10-03,processing,toys,card,5,,3914.25,13.0,
O103470,C00659,2025-02-12,CANCELED,clothing,card,5,4.0,5328.84,,
O103471,C01560,2026-07-31,delivered,electronics,cash,3,13.0,482.27,7.0,4.0
O103472,C00502,2025-10-06,delivered,electronics,wallet,4,0.0,950.02,19.0,
O103473,C01732,2026-07-31,completed,beauty,wallet,3,23.0,1081.35,19.0,2.0
O103474,C00721,2024-06-23,completed,home,card,3,10.0,749.82,4.0,4.0
O103475,C00027,2025-12-31,delivered,home,card,2,22.0,795.53,17.0,2.0
O103476,C00218,2024-08-15,completed,clothing,cash,1,29.0,641.45,14.0,3.0
O103477,C01621,2025-02-15,completed,clothing,sbp,5,10.0,6711.98,10.0,4.0
O103478,C00812,2026-06-14,cancelled,clothing,cash,5,30.0,1600.86,,
O103479,C01963,2024-06-10,delivered,clothing,cash,2,11.0,616.89,10.0,3.0
O103480,C01578,2026-05-27,completed,clothing,card,4,10.0,2584.12,6.0,5.0
O103481,C00061,2026-07-31,processing,electronics,sbp,1,25.0,460.23,17.0,
O103482,C00625,2025-12-15,cancelled,electronics,cash,1,1.0,150.0,,
O103483,C01450,2024-09-28,processing,electronics,card,5,18.0,1202.35,16.0,
O103484,C00127,2024-10-29,delivered,toys,card,5,5.0,1810.55,14.0,4.0
O103485,C01999,2024-10-08,completed,toys,card,4,19.0,3567.28,13.0,3.0
O103486,C00333,2025-02-18,completed,beauty,card,3,8.0,3489.0,5.0,4.0
O103487,C01595,2026-07-31,processing,beauty,cash,4,29.0,818.75,14.0,
O103488,C01681,2026-07-31,cancelled,electronics,cash,1,9.0,258.21,,
O103489,C01011,2025-03-17,delivered,electronics,wallet,2,6.0,1906.48,18.0,1.0
O103490,C01608,2025-11-05,delivered,electronics,wallet,2,23.0,660.44,4.0,
O103491,C01770,2024-11-26,completed,electronics,card,3,16.0,1907.28,2.0,5.0
O103492,C01469,2026-07-31,delivered,home,card,5,20.0,2049.66,2.0,5.0
O103493,C01416,2026-05-08,completed,electronics,card,1,6.0,489.72,5.0,4.0
O103494,C00778,2025-03-28,delivered,toys,wallet,3,8.0,1027.91,18.0,3.0
O103495,C00585,2025-01-13,delivered,home,card,4,7.0,4663.49,7.0,4.0
O103496,C01736,2026-07-31,cancelled,electronics,card,5,23.0,689.58,,
O103497,C00449,2025-10-26,delivered,beauty,cash,5,,1736.93,8.0,4.0
O103498,C00830,2024-07-09,delivered,beauty,card,3,10.0,3246.65,4.0,5.0
O103499,C01026,2024-08-11,completed,home,cash,5,3.0,2010.83,3.0,5.0
O103500,C00782,2025-09-30,completed,electronics,sbp,1,18.0,434.59,13.0,3.0
O103501,C00746,2025-04-03,completed,clothing,cash,5,4.0,5108.81,14.0,3.0
O103502,C01199,2026-05-10,completed,clothing,card,1,29.0,686.58,9.0,3.0
O103503,C00659,2024-11-02,completed,home,card,4,7.0,3725.61,9.0,4.0
O103504,C01978,2025-06-14,completed,electronics,card,5,11.0,6165.74,11.0,3.0
O103505,C00356,2026-07-31,delivered,beauty,card,4,15.0,596.41,5.0,3.0
O103506,C00778,2024-10-23,completed,electronics,card,1,7.0,327.92,1.0,4.0
O103507,C01691,2026-07-01,delivered,toys,card,5,29.0,1222.21,18.0,
O103508,C00952,2024-10-21,cancelled,electronics,card,5,18.0,3057.33,,
O103509,C01411,2025-01-13,completed,beauty,card,3,21.0,3248.76,11.0,3.0
O103510,C01294,2024-11-25,completed,electronics,card,2,3.0,150.0,8.0,4.0
O103511,C00663,2024-06-13,completed,beauty,card,4,20.0,530.68,7.0,4.0
O103512,C01489,2025-01-13,completed,beauty,card,5,24.0,447.92,1.0,5.0
O103513,C00476,2026-05-10,delivered,clothing,cash,5,11.0,1176.52,17.0,2.0
O103514,C01500,2026-03-02,cancelled,electronics,card,1,23.0,479.87,,
O103515,C00257,2026-07-23,completed,toys,card,1,2.0,1688.43,10.0,3.0
O103516,C01389,2026-06-28,completed,toys,cash,3,19.0,486.03,18.0,2.0
O103517,C00226,2025-02-13,completed,beauty,cash,5,24.0,15622.39,9.0,3.0
O103518,C01738,2024-10-28,completed,clothing,wallet,1,17.0,699.16,16.0,1.0
O103519,C01251,2025-01-15,Processing ,electronics,sbp,4,1.0,2879.56,15.0,
O103520,C00081,2026-07-31,delivered,clothing,cash,2,14.0,1625.8,9.0,3.0
O103521,C00218,2025-01-14,delivered,home,sbp,2,22.0,295.92,19.0,2.0
O103522,C00375,2026-07-26,cancelled,electronics,wallet,5,2.0,1427.42,,
O103523,C01921,2025-07-28,delivered,electronics,sbp,2,11.0,404.03,15.0,2.0
O103524,C01179,2025-04-23,completed,toys,cash,1,23.0,765.84,5.0,3.0
O103525,C00559,2026-07-31,delivered,home,sbp,5,14.0,1105.15,19.0,1.0
O103526,C00554,2025-04-09,delivered,home,card,5,14.0,1919.07,11.0,4.0
O103527,C00052,2024-12-14,completed,toys,wallet,5,16.0,1335.65,20.0,2.0
O103528,C00407,2025-12-29,delivered,clothing,card,3,17.0,4280.2,17.0,1.0
O103529,C01711,2025-05-01,delivered,clothing,card,2,7.0,558.84,17.0,2.0
O103530,C01198,2026-07-31,completed,toys,card,4,3.0,753.96,19.0,2.0
O103531,C00736,2025-09-19,delivered,toys,sbp,4,20.0,2671.98,15.0,3.0
O103532,C00043,2026-01-26,completed,electronics,card,2,24.0,864.61,20.0,1.0
O103533,C00686,2026-03-13,completed,clothing,cash,3,8.0,4191.65,10.0,3.0
O103534,C00766,2026-04-02,completed,clothing,card,5,8.0,2905.97,5.0,4.0
O103535,C00238,2025-08-14,delivered,electronics,card,3,4.0,1697.62,8.0,4.0
O103536,C01215,2024-09-15,cancelled,electronics,sbp,5,7.0,4591.06,,
O103537,C01321,2024-06-21,delivered,electronics,card,1,11.0,657.11,14.0,3.0
O103538,C01997,2025-11-04,delivered,home,cash,5,24.0,4285.61,16.0,3.0
O103539,C00718,2025-09-05,completed,electronics,sbp,5,25.0,4007.68,10.0,3.0
O103540,C00552,2025-01-08,delivered,beauty,card,1,27.0,349.91,10.0,3.0
O103541,C01646,2025-01-06,completed,home,card,3,12.0,522.14,11.0,3.0
O103542,C00701,2026-01-07,Completed,clothing,card,2,4.0,789.69,18.0,1.0
O103543,C01262,2026-04-30,delivered,beauty,card,3,29.0,274.12,16.0,1.0
O103544,C01476,2025-01-19,completed,home,sbp,5,2.0,1261.4,13.0,3.0
O103545,C01760,2025-12-03,processing,beauty,card,1,1.0,331.73,17.0,
O103546,C00638,2024-11-26,completed,beauty,card,4,23.0,5140.65,18.0,1.0
O103547,C01246,2026-07-31,delivered,beauty,cash,1,0.0,403.13,5.0,3.0
O103548,C00263,2025-06-18,delivered,beauty,cash,2,17.0,3702.83,17.0,1.0
O103549,C01559,2026-07-31,delivered,home,card,3,27.0,1991.03,13.0,2.0
O103550,C00091,2025-04-25,delivered,clothing,card,3,29.0,370.75,9.0,3.0
O103551,C01394,2026-07-31,completed,home,card,1,,1139.92,20.0,2.0
O103552,C00419,2024-12-14,processing,home,card,3,5.0,3146.99,7.0,
O103553,C00926,2026-07-04,delivered,toys,card,2,6.0,238.07,18.0,1.0
O103554,C00153,2026-04-28,delivered,clothing,cash,3,14.0,2442.58,20.0,2.0
O103555,C01378,2025-12-19,delivered,electronics,sbp,2,24.0,2893.66,1.0,5.0
O103556,C00965,2026-07-31,completed,clothing,card,3,6.0,246.15,14.0,2.0
O103557,C01328,2025-02-22,cancelled,clothing,card,5,5.0,962.47,,
O103558,C00696,2025-03-06,completed,clothing,card,3,13.0,2925.17,4.0,3.0
O103559,C00014,2026-07-31,cancelled,home,sbp,4,19.0,1583.92,,
O103560,C01162,2025-12-13,completed,toys,cash,2,9.0,2990.16,9.0,4.0
O103561,C01398,2026-01-13,cancelled,electronics,sbp,4,1.0,3912.95,,
O103562,C01330,2025-07-25,processing,toys,card,3,29.0,2683.26,14.0,
O103563,C00525,2025-03-19,processing,beauty,card,4,27.0,4691.81,20.0,
O103564,C01434,2026-05-13,cancelled,electronics,sbp,1,14.0,239.41,,
O103565,C01084,2026-03-28,delivered,electronics,card,5,17.0,1799.06,9.0,3.0
O103566,C00421,2026-07-31,delivered,toys,card,1,10.0,2187.3,7.0,3.0
O103567,C00223,2026-04-15,completed,beauty,card,1,13.0,348.38,15.0,2.0
O103568,C00651,2025-09-27,delivered,electronics,cash,4,24.0,4426.33,20.0,1.0
O103569,C00047,2025-03-24,delivered,home,card,2,11.0,787.21,1.0,4.0
O103570,C01433,2025-01-29,completed,electronics,cash,5,24.0,1249.06,4.0,4.0
O103571,C00031,2025-03-27,delivered,home,card,4,9.0,837.44,4.0,3.0
O103572,C00097,2025-02-19,completed,electronics,sbp,2,6.0,1435.63,5.0,4.0
O103573,C00317,2025-12-14,delivered,clothing,sbp,5,8.0,6545.84,9.0,3.0
O103574,C00653,2024-12-23,delivered,clothing,cash,5,14.0,3411.22,14.0,2.0
O103575,C00040,2026-05-10,cancelled,clothing,card,2,30.0,1130.83,,
O103576,C01260,2026-04-23,completed,electronics,card,4,20.0,736.4,19.0,2.0
O103577,C00265,2026-07-31,completed,home,sbp,3,9.0,1385.35,12.0,2.0
O103578,C01607,2024-08-16,delivered,beauty,card,5,3.0,2665.6,13.0,3.0
O103579,C01119,2026-02-07,delivered,home,card,5,7.0,1141.35,6.0,4.0
O103580,C00167,2024-12-24,completed,toys,wallet,2,12.0,1306.33,4.0,4.0
O103581,C00801,2024-03-11,delivered,beauty,sbp,5,14.0,1329.91,6.0,4.0
O103582,C00281,2025-01-21,processing,electronics,wallet,4,7.0,1348.82,9.0,
O103583,C01962,2026-07-31,delivered,electronics,card,1,7.0,857.23,14.0,2.0
O103584,C01186,2025-08-28,completed,home,card,3,5.0,4978.37,9.0,
O103585,C01618,2026-01-02,completed,home,card,2,8.0,3095.48,11.0,
O103586,C00749,2024-12-31,delivered,toys,cash,5,25.0,2062.83,4.0,4.0
O103587,C00294,2025-09-17,delivered,electronics,sbp,1,8.0,717.05,5.0,4.0
O103588,C00470,2026-07-31,processing,electronics,card,1,6.0,768.45,13.0,
O103589,C00834,2024-11-19,completed,beauty,card,1,4.0,764.84,5.0,4.0
O103590,C01542,2025-04-20,delivered,beauty,sbp,1,1.0,512.53,11.0,2.0
O103591,C00862,2026-07-31,processing,clothing,card,3,27.0,3918.44,7.0,
O103592,C01858,2025-06-18,completed,clothing,card,5,23.0,1418.46,16.0,2.0
O103593,C00725,2026-03-30,processing,beauty,wallet,3,5.0,558.0,7.0,
O103594,C00467,2024-09-30,delivered,clothing,card,1,7.0,615.22,5.0,4.0
O103595,C00992,2025-12-14,delivered,beauty,sbp,5,0.0,1806.88,19.0,
O103596,C00223,2026-07-31,completed,toys,wallet,5,1.0,10745.64,4.0,5.0
O103597,C01340,2025-06-15,cancelled,electronics,sbp,4,24.0,1278.4,,
O103598,C00202,2026-07-31,processing,electronics,card,1,11.0,1060.67,13.0,
O103599,C01282,2025-12-07,completed,toys,cash,2,13.0,1355.04,6.0,4.0
O103600,C00766,2026-06-22,delivered,clothing,cash,1,24.0,151.48,16.0,2.0
O103601,C00715,2026-07-31,completed,electronics,wallet,4,10.0,2984.15,19.0,2.0
O103602,C01222,2026-01-06,completed,clothing,card,2,30.0,551.07,7.0,4.0
O103603,C01411,2024-12-30,delivered,home,cash,1,16.0,3172.66,19.0,1.0
O103604,C01858,2026-01-09,delivered,electronics,sbp,4,5.0,987.49,4.0,5.0
O103605,C00579,2026-04-12,completed,home,card,4,17.0,887.69,18.0,2.0
O103606,C01624,2024-11-09,completed,electronics,cash,3,9.0,243.06,9.0,3.0
O103607,C01671,2026-05-19,completed,electronics,card,1,11.0,251.62,15.0,2.0
O103608,C01992,2025-07-30,completed,electronics,card,5,20.0,4151.21,7.0,4.0
O103609,C01929,2025-04-29,completed,clothing,card,2,26.0,406.93,16.0,2.0
O103610,C01581,2025-04-30,completed,beauty,card,4,15.0,2804.23,7.0,3.0
O103611,C00590,2026-07-31,cancelled,clothing,card,1,26.0,570.89,,
O103612,C01390,2026-07-31,completed,beauty,card,3,11.0,638.37,1.0,5.0
O103613,C01570,2026-07-31,processing,electronics,card,5,11.0,2111.27,6.0,
O103614,C00583,2025-03-31,completed,clothing,card,3,26.0,656.01,8.0,5.0
O103615,C01627,2025-08-11,delivered,clothing,card,2,6.0,1846.61,11.0,3.0
O103616,C01404,2025-09-04,completed,beauty,cash,3,5.0,324.37,8.0,
O103617,C00982,2026-07-31,completed,home,card,2,15.0,1675.16,16.0,2.0
O103618,C01724,2025-12-03,delivered,beauty,cash,4,3.0,1042.71,15.0,2.0
O103619,C00176,2025-04-21,completed,clothing,sbp,3,4.0,1529.45,8.0,4.0
O103620,C01368,2025-03-02,completed,toys,sbp,5,19.0,3370.86,3.0,4.0
O103621,C01573,2026-02-09,completed,beauty,cash,1,8.0,519.93,7.0,4.0
O103622,C00081,2026-07-31,cancelled,toys,cash,5,3.0,12084.08,,
O103623,C00815,2026-01-24,completed,electronics,card,2,11.0,664.97,3.0,5.0
O103624,C01035,2024-03-13,completed,electronics,card,1,26.0,155.39,18.0,2.0
O103625,C00417,2026-07-31,completed,home,card,2,11.0,5282.84,16.0,2.0
O103626,C01759,2025-10-12,delivered,clothing,wallet,3,9.0,1875.35,3.0,5.0
O103627,C01254,2026-07-31,processing,beauty,sbp,4,5.0,2101.65,14.0,
O103628,C00551,2026-07-31,completed,electronics,cash,3,9.0,8385.36,11.0,2.0
O103629,C00874,2025-02-18,completed,home,cash,2,15.0,327.13,11.0,4.0
O103630,C00225,2026-03-20,delivered,electronics,card,4,12.0,1744.99,18.0,2.0
O103631,C00176,2025-08-12,processing,clothing,card,1,19.0,195.84,7.0,
O103632,C01493,2024-02-04,completed,electronics,card,2,13.0,855.96,9.0,4.0
O103633,C01968,2026-02-20,cancelled,toys,card,5,18.0,743.51,,
O103634,C00554,2025-01-02,delivered,electronics,sbp,5,25.0,2514.12,20.0,1.0
O103635,C00490,2026-02-08,completed,home,cash,2,24.0,949.33,2.0,5.0
O103636,C01368,2026-01-04,cancelled,electronics,card,3,30.0,1367.31,,
O103637,C01022,2024-10-12,delivered,electronics,card,2,2.0,152.66,4.0,4.0
O103638,C00279,2024-10-14,completed,clothing,sbp,2,7.0,1734.12,13.0,
O103639,C01335,2025-07-03,completed,electronics,sbp,1,4.0,390.32,6.0,
O103640,C00420,2025-12-20,completed,clothing,sbp,4,22.0,15382.45,20.0,1.0
O103641,C00231,2025-05-06,completed,electronics,card,4,13.0,1290.8,2.0,5.0
O103642,C00929,2025-09-25,delivered,home,card,3,0.0,848.57,15.0,3.0
O103643,C01479,2025-02-24,delivered,beauty,card,4,14.0,2142.44,1.0,5.0
O103644,C01043,2025-07-10,cancelled,beauty,card,5,16.0,877.57,,
O103645,C01297,2025-05-17,delivered,electronics,card,5,6.0,6280.64,5.0,4.0
O103646,C00476,2026-07-31,completed,clothing,card,1,9.0,223.36,20.0,1.0
O103647,C00988,2024-12-28,completed,electronics,cash,4,9.0,974.08,18.0,2.0
O103648,C01426,2026-05-29,Completed,clothing,card,1,16.0,926.64,2.0,4.0
O103649,C01057,2025-08-09,CANCELED,beauty,card,4,4.0,2335.01,,
O103650,C00480,2024-06-03,completed,electronics,card,5,14.0,2874.46,8.0,4.0
O103651,C01910,2026-07-31,delivered,electronics,card,5,16.0,830.18,17.0,1.0
O103652,C00135,2026-01-09,cancelled,beauty,cash,3,16.0,3215.26,,
O103653,C01822,2026-05-07,completed,clothing,sbp,5,14.0,1079.68,12.0,3.0
O103654,C01450,2024-06-17,delivered,electronics,card,2,22.0,247.92,20.0,2.0
O103655,C00224,2024-09-22,completed,toys,card,5,21.0,3311.58,1.0,5.0
O103656,,2026-07-31,cancelled,electronics,card,4,14.0,1659.7,,
O103657,C00738,2024-12-21,CANCELED,beauty,cash,4,19.0,1627.74,,
O103658,C01916,2025-05-31,delivered,electronics,sbp,5,2.0,4208.04,16.0,1.0
O103659,C01034,2025-02-06,completed,toys,card,4,8.0,1526.19,13.0,4.0
O103660,C00517,2026-03-23,delivered,beauty,sbp,5,7.0,607.94,9.0,3.0
O103661,C01840,2026-04-01,completed,electronics,card,3,23.0,1126.47,2.0,4.0
O103662,C00237,2026-07-31,delivered,toys,wallet,5,12.0,3101.77,15.0,3.0
O103663,C01634,2026-07-31,processing,electronics,sbp,5,4.0,2841.35,3.0,
O103664,C01662,2026-04-28,completed,beauty,card,1,18.0,426.98,20.0,2.0
O103665,C00773,2024-02-11,delivered,home,cash,2,19.0,6781.7,3.0,5.0
O103666,C00087,2024-10-17,completed,electronics,card,5,26.0,9294.36,2.0,5.0
O103667,C01773,2024-12-28,delivered,clothing,wallet,4,19.0,754.2,16.0,2.0
O103668,C01935,2024-08-30,delivered,electronics,card,1,28.0,164.76,5.0,4.0
O103669,C00757,2026-05-01,delivered,home,cash,3,7.0,4270.28,2.0,5.0
O103670,C00372,2026-05-01,delivered,home,card,2,,2311.03,12.0,2.0
O103671,C00543,2024-10-05,processing,clothing,card,1,,1609.41,13.0,
O103672,C00273,2024-08-19,cancelled,beauty,sbp,1,13.0,345.39,,
O103673,C01220,2025-12-02,processing,toys,cash,2,3.0,866.84,6.0,
O103674,C01038,2024-04-04,completed,clothing,card,2,11.0,237.58,2.0,4.0
O103675,C00712,2025-10-15,processing,home,wallet,5,19.0,2764.41,12.0,
O103676,C01302,2025-04-15,completed,electronics,wallet,2,9.0,591.21,4.0,4.0
O103677,C01245,2026-07-31,completed,toys,sbp,1,11.0,263.88,1.0,4.0
O103678,C00023,2024-12-27,completed,beauty,card,5,18.0,5158.66,19.0,2.0
O103679,C00820,2026-07-31,completed,toys,sbp,3,30.0,1304.89,11.0,4.0
O103680,C01728,2025-07-27,cancelled,beauty,card,5,5.0,4766.1,,
O103681,C01592,2025-10-31,completed,clothing,card,2,19.0,903.99,17.0,
O103682,C01710,2025-06-20,delivered,electronics,wallet,1,29.0,763.97,2.0,3.0
O103683,C01909,2024-11-08,completed,clothing,card,5,0.0,862.15,16.0,3.0
O103684,C00123,2025-09-16,completed,electronics,card,1,12.0,223.72,3.0,4.0
O103685,C00541,2026-07-02,cancelled,home,sbp,4,11.0,2832.69,,
O103686,C00919,2025-04-18,delivered,clothing,card,1,30.0,1908.33,11.0,2.0
O103687,C01021,2025-01-29,completed,home,card,5,0.0,3577.79,5.0,5.0
O103688,C01573,2026-04-26,delivered,home,card,3,30.0,1496.6,9.0,5.0
O103689,C01449,2026-04-25,cancelled,electronics,cash,1,19.0,1639.0,,
O103690,C01413,2025-04-03,completed,home,card,5,0.0,2069.31,14.0,2.0
O103691,C00318,2025-12-18,completed,clothing,card,2,28.0,521.08,11.0,4.0
O103692,C01356,2025-12-26,processing,electronics,wallet,4,24.0,1981.88,4.0,
O103693,C01592,2025-05-11,completed,clothing,sbp,1,23.0,663.95,6.0,4.0
O103694,C01505,2025-09-04,completed,electronics,cash,3,9.0,536.8,3.0,4.0
O103695,C01166,2025-01-27,completed,clothing,card,2,8.0,1092.71,19.0,2.0
O103696,C00177,2026-01-19,completed,electronics,sbp,5,24.0,620.18,5.0,4.0
O103697,C99999,2024-11-28,processing,electronics,card,1,5.0,387.45,11.0,
O103698,C01487,2024-09-04,processing,clothing,wallet,3,14.0,1304.16,5.0,
O103699,C01737,2025-09-28,delivered,clothing,card,2,27.0,960.41,19.0,1.0
O103700,C01651,2024-11-28,delivered,beauty,sbp,4,29.0,411.53,9.0,3.0
O103701,C00854,2025-04-29,cancelled,electronics,wallet,3,3.0,1602.01,,
O103702,C01175,2024-03-15,delivered,clothing,card,3,23.0,2974.26,20.0,1.0
O103703,C00354,2025-05-01,delivered,electronics,card,5,22.0,7599.9,10.0,3.0
O103704,C01184,2025-04-23,processing,electronics,card,4,26.0,6302.15,12.0,
O103705,C00391,2026-02-04,completed,clothing,card,4,7.0,2011.43,8.0,3.0
O103706,C01591,2026-04-16,completed,clothing,card,2,,7157.99,14.0,2.0
O103707,C01572,2025-06-26,cancelled,home,card,2,9.0,536.51,,
O103708,C00103,2026-07-31,delivered,beauty,card,1,12.0,275.15,9.0,4.0
O103709,C01872,2024-12-07,completed,toys,card,3,1.0,1499.79,7.0,4.0
O103710,C01593,2025-05-13,completed,toys,card,4,21.0,3820.14,14.0,3.0
O103711,C00757,2025-12-31,CANCELED,electronics,sbp,2,5.0,1648.74,,
O103712,C00903,2024-08-23,delivered,electronics,card,2,12.0,150.0,16.0,3.0
O103713,C00158,2026-02-24,cancelled,clothing,card,1,1.0,227.83,,
O103714,C01873,2026-02-19,cancelled,home,card,3,16.0,2730.83,,
O103715,C00202,2026-07-31,delivered,home,card,5,16.0,1210.18,5.0,4.0
O103716,C01845,2026-04-19,delivered,clothing,card,4,20.0,1778.11,11.0,3.0
O103717,C01309,2025-07-21,delivered,toys,card,1,13.0,656.74,18.0,3.0
O103718,C01838,2025-08-08,completed,clothing,card,3,23.0,2176.63,15.0,4.0
O103719,C00742,2026-02-03,completed,toys,card,5,16.0,4904.86,20.0,3.0
O103720,C01792,2026-07-31,completed,toys,card,1,4.0,1362.25,11.0,4.0
O103721,C00853,2026-07-31,cancelled,clothing,cash,2,2.0,1634.68,,
O103722,C00701,2025-05-27,cancelled,electronics,wallet,5,5.0,922.85,,
O103723,C00675,2026-03-30,completed,clothing,cash,4,24.0,3150.9,4.0,4.0
O103724,C01904,2025-04-28,cancelled,clothing,card,1,12.0,1170.75,,
O103725,C00932,2026-07-31,delivered,beauty,card,1,3.0,708.25,2.0,4.0
O103726,C00958,2025-08-08,completed,toys,cash,1,12.0,1382.68,6.0,5.0
O103727,C01288,2024-10-04,completed,electronics,card,3,25.0,1787.64,13.0,4.0
O103728,C01112,2025-02-25,cancelled,electronics,card,2,24.0,890.29,,
O103729,C01083,2026-07-31,completed,beauty,sbp,1,9.0,250.23,16.0,2.0
O103730,C00759,2025-04-04,delivered,home,card,1,8.0,2508.58,13.0,3.0
O103731,C00329,2025-02-19,delivered,beauty,card,1,13.0,213.52,15.0,1.0
O103732,C01990,2026-07-31,delivered,clothing,cash,2,9.0,981.73,9.0,4.0
O103733,C00983,2026-03-06,delivered,electronics,wallet,2,20.0,741.08,18.0,2.0
O103734,C01945,2025-04-06,delivered,electronics,sbp,4,20.0,677.86,5.0,3.0
O103735,C00922,2026-01-04,processing,electronics,wallet,4,,4011.14,9.0,
O103736,C01199,2026-07-31,completed,clothing,card,4,26.0,2937.92,11.0,4.0
O103737,C01092,2025-06-20,completed,electronics,card,4,17.0,2395.81,19.0,2.0
O103738,C01932,2026-02-01,completed,clothing,card,3,20.0,894.9,9.0,4.0
O103739,C00222,2025-11-27,delivered,beauty,card,1,12.0,773.33,14.0,2.0
O103740,C01036,2026-05-15,delivered,electronics,sbp,1,7.0,399.86,7.0,5.0
O103741,C00308,2025-11-11,delivered,beauty,card,4,14.0,2896.09,15.0,2.0
O103742,C01737,2026-01-17,completed,electronics,card,5,19.0,7772.51,13.0,3.0
O103743,C01061,2026-02-21,delivered,home,wallet,4,2.0,279.06,13.0,2.0
O103744,C01847,2025-03-22,cancelled,electronics,card,5,14.0,5492.51,,
O103745,C00551,2026-05-28,delivered,beauty,card,5,,16452.17,2.0,5.0
O103746,C00326,2024-09-12,delivered,electronics,wallet,1,7.0,1952.13,11.0,3.0
O103747,C01259,2025-10-21,delivered,clothing,card,5,22.0,4572.56,18.0,2.0
O103748,C00292,2025-02-04,delivered,toys,sbp,4,10.0,5245.06,14.0,2.0
O103749,C00746,2025-05-31,completed,electronics,card,5,20.0,1248.57,6.0,4.0
O103750,C00628,2025-05-18,delivered,beauty,card,5,16.0,2986.04,9.0,3.0
O103751,C00442,2025-08-24,completed,home,card,1,10.0,437.04,2.0,4.0
O103752,C00262,2024-09-12,completed,clothing,card,5,14.0,1695.46,5.0,5.0
O103753,C01313,2026-05-11,delivered,electronics,card,3,24.0,3259.25,19.0,1.0
O103754,C01517,2025-12-10,completed,beauty,cash,2,17.0,841.47,14.0,2.0
O103755,C00788,2025-12-29,completed,toys,card,5,24.0,558.91,6.0,4.0
O103756,C00563,2025-11-19,delivered,electronics,card,4,9.0,2799.13,9.0,4.0
O103757,C00316,2026-07-31,delivered,beauty,card,4,16.0,1927.74,20.0,1.0
O103758,C01355,2024-12-03,completed,beauty,cash,4,9.0,3431.66,9.0,3.0
O103759,C01618,2025-07-04,completed,home,card,4,30.0,1420.16,18.0,
O103760,C01097,2026-04-10,delivered,beauty,card,4,27.0,496.73,5.0,4.0
O103761,C00864,2025-12-09,delivered,electronics,wallet,2,8.0,451.99,14.0,2.0
O103762,C01297,2024-12-08,delivered,clothing,wallet,5,6.0,1184.62,9.0,3.0
O103763,C01831,2025-09-25,delivered,toys,card,4,9.0,866.26,18.0,1.0
O103764,,2026-03-27,cancelled,beauty,card,3,1.0,942.45,,
O103765,C00387,2025-02-13,completed,electronics,card,3,0.0,2644.95,17.0,
O103766,C00954,2026-01-07,delivered,home,card,1,0.0,163.21,11.0,3.0
O103767,C01753,2026-04-01,completed,electronics,sbp,1,4.0,998.67,14.0,2.0
O103768,C01266,2025-01-26,completed,electronics,card,4,21.0,713.73,10.0,2.0
O103769,C01632,2026-07-31,processing,electronics,card,2,25.0,726.51,12.0,
O103770,C01992,2026-01-18,cancelled,electronics,card,5,1.0,2394.5,,
O103771,C00208,2026-07-31,completed,clothing,card,3,,1163.13,15.0,3.0
O103772,C01225,2025-02-13,completed,clothing,card,5,18.0,4051.88,6.0,4.0
O103773,C01064,2026-07-31,cancelled,beauty,card,4,5.0,1807.27,,
O103774,C00570,2026-05-16,completed,beauty,wallet,1,20.0,434.63,3.0,4.0
O103775,C01308,2025-06-23,processing,clothing,card,2,20.0,150.0,14.0,
O103776,C00208,2026-07-31,completed,electronics,cash,5,,3394.94,8.0,3.0
O103777,C00991,2024-12-15,completed,toys,card,4,5.0,8859.27,2.0,4.0
O103778,C00830,2024-08-27,completed,electronics,sbp,1,1.0,332.44,17.0,1.0
O103779,C00781,2026-07-31,delivered,clothing,card,2,12.0,1671.6,18.0,1.0
O103780,C01229,2025-03-22,completed,electronics,card,5,21.0,1274.6,9.0,4.0
O103781,C01888,2025-08-25,completed,toys,card,3,30.0,3251.7,15.0,1.0
O103782,C01895,2025-02-13,processing,clothing,sbp,4,18.0,2985.3,5.0,
O103783,C01402,2024-08-19,completed,toys,card,3,9.0,1102.51,3.0,5.0
O103784,C00663,2024-09-16,delivered,toys,cash,1,7.0,348.64,9.0,4.0
O103785,C01932,2025-04-23,completed,toys,card,3,21.0,2477.21,20.0,1.0
O103786,C01997,2026-02-16,delivered,beauty,cash,1,21.0,509.15,18.0,3.0
O103787,C01693,2025-09-07,completed,home,wallet,5,0.0,919.97,20.0,2.0
O103788,C01747,2026-07-31,delivered,toys,card,2,28.0,290.24,4.0,4.0
O103789,C01635,2025-12-25,cancelled,electronics,cash,5,9.0,3944.33,,
O103790,C01521,2026-04-07,cancelled,beauty,card,2,16.0,535.22,,
O103791,C01452,2024-07-11,Processing ,electronics,card,1,9.0,506.85,1.0,
O103792,C01277,2025-09-05,completed,clothing,card,1,9.0,788.77,10.0,3.0
O103793,C01293,2025-10-27,completed,clothing,card,1,25.0,188.3,18.0,2.0
O103794,C00780,2026-07-31,completed,toys,sbp,5,15.0,1094.51,5.0,4.0
O103795,C01774,2024-12-25,delivered,clothing,card,1,5.0,1804.62,19.0,1.0
O103796,C01270,2024-08-31,completed,home,card,1,10.0,354.31,11.0,2.0
O103797,C01227,2025-01-21,cancelled,home,card,2,9.0,2226.86,,
O103798,C01484,2024-04-21,processing,home,cash,5,23.0,18310.92,17.0,
O103799,C00151,2026-07-31,completed,electronics,wallet,5,5.0,2983.32,10.0,2.0
O103800,C01838,2024-11-20,completed,home,sbp,2,12.0,494.49,6.0,3.0
O103801,C01166,2025-03-08,delivered,home,sbp,3,14.0,1636.37,19.0,1.0
O103802,C01889,2024-08-29,completed,toys,wallet,3,3.0,1271.03,5.0,5.0
O103803,C00206,2025-03-08,completed,toys,cash,2,8.0,1039.88,17.0,1.0
O103804,C00468,2026-06-25,completed,electronics,card,4,17.0,3498.07,1.0,4.0
O103805,C01899,2026-07-31,cancelled,electronics,card,2,5.0,1916.84,,
O103806,C01386,2024-11-24,delivered,home,wallet,2,17.0,198.21,18.0,2.0
O103807,C01294,2024-08-21,completed,clothing,card,5,13.0,6383.04,15.0,2.0
O103808,C00809,2025-04-09,completed,home,card,3,26.0,1840.0,14.0,3.0
O103809,C01112,2025-02-05,cancelled,beauty,sbp,5,14.0,1557.12,,
O103810,C01093,2026-07-31,completed,electronics,card,4,15.0,3546.14,2.0,4.0
O103811,C00396,2026-07-31,cancelled,beauty,sbp,2,9.0,425.29,,
O103812,C01134,2026-07-31,delivered,electronics,sbp,1,1.0,220.72,20.0,3.0
O103813,C01032,2024-12-03,processing,toys,card,1,29.0,1149.61,9.0,
O103814,C00627,2025-09-26,cancelled,clothing,sbp,2,8.0,1039.78,,
O103815,C00686,2026-07-31,cancelled,beauty,card,4,4.0,6908.07,,
O103816,C01536,2024-08-15,delivered,electronics,wallet,4,2.0,1138.4,4.0,4.0
O103817,C01351,2024-03-08,delivered,clothing,card,3,22.0,1866.24,10.0,3.0
O103818,C00940,2025-05-21,completed,electronics,card,2,12.0,1343.55,19.0,2.0
O103819,C01209,2025-05-13,delivered,home,card,4,16.0,2727.13,18.0,1.0
O103820,C00483,2025-06-15,delivered,toys,cash,1,3.0,809.65,10.0,4.0
O103821,C00999,2026-07-31,delivered,beauty,cash,3,11.0,2135.17,13.0,3.0
O103822,C01124,2024-11-06,delivered,home,card,1,9.0,500.37,2.0,5.0
O103823,C00506,2026-01-11,completed,electronics,sbp,4,20.0,416.97,8.0,4.0
O103824,C00339,2025-04-30,completed,toys,cash,4,22.0,3934.86,20.0,1.0
O103825,C01052,2025-05-24,completed,clothing,sbp,5,4.0,368.85,6.0,
O103826,C01882,2025-01-12,completed,home,card,5,,918.25,10.0,2.0
O103827,C00924,2024-10-31,delivered,electronics,wallet,2,,560.82,15.0,1.0
O103828,C01803,2025-10-22,cancelled,beauty,sbp,2,2.0,2029.82,,
O103829,C01703,2026-07-05,delivered,clothing,sbp,3,25.0,1237.48,18.0,2.0
O103830,C01490,2025-06-09,processing,clothing,card,3,24.0,6624.79,1.0,
O103831,C01789,2025-07-07,processing,electronics,wallet,4,23.0,649.93,19.0,
O103832,C00823,2024-06-16,completed,home,card,2,30.0,408.88,4.0,
O103833,C01519,2026-03-04,delivered,electronics,card,3,29.0,244.27,19.0,2.0
O103834,C00290,2025-08-02,completed,toys,card,5,11.0,984.39,1.0,4.0
O103835,C00640,2026-07-31,cancelled,beauty,wallet,1,29.0,297.05,,
O103836,C01134,2026-02-08,delivered,toys,wallet,5,5.0,7953.66,14.0,2.0
O103837,C00077,2024-11-24,completed,clothing,card,1,6.0,1137.54,13.0,3.0
O103838,C01531,2024-09-10,completed,home,sbp,2,22.0,1192.62,14.0,
O103839,C01851,2024-12-21,delivered,clothing,card,1,27.0,384.14,15.0,2.0
O103840,C00211,2024-12-21,completed,toys,card,1,6.0,908.49,10.0,
O103841,C01985,2025-12-29,completed,clothing,cash,2,24.0,2728.08,5.0,5.0
O103842,C00177,2026-06-04,cancelled,clothing,card,4,24.0,1174.85,,
O103843,C00255,2026-01-01,completed,clothing,cash,2,13.0,636.11,7.0,3.0
O103844,C01525,2026-03-30,delivered,clothing,card,4,27.0,1395.66,11.0,3.0
O103845,C01372,2025-03-06,delivered,beauty,card,4,16.0,492.11,15.0,2.0
O103846,C01873,2025-12-13,completed,electronics,cash,4,16.0,5192.87,12.0,3.0
O103847,C00851,2026-07-31,completed,home,card,4,17.0,1235.91,19.0,2.0
O103848,C01146,2026-01-15,completed,clothing,sbp,2,18.0,781.86,14.0,2.0
O103849,C00298,2025-08-31,processing,electronics,cash,5,16.0,7896.88,4.0,
O103850,C01384,2026-07-31,delivered,toys,card,1,28.0,320.0,1.0,5.0
O103851,C01997,2026-05-16,completed,beauty,sbp,5,13.0,6783.81,999.0,1.0
O103852,C01194,2026-03-20,cancelled,toys,card,1,8.0,150.0,,
O103853,C01867,2024-08-14,completed,clothing,cash,4,19.0,3088.53,9.0,3.0
O103854,C00788,2026-04-22,completed,beauty,card,4,14.0,1380.11,15.0,3.0
O103855,C01966,2026-04-07,completed,home,card,5,25.0,696.4,7.0,4.0
O103856,C01074,2026-03-13,cancelled,home,card,3,26.0,595.98,,
O103857,C00288,2025-08-21,completed,electronics,wallet,5,29.0,2756.61,6.0,5.0
O103858,C00726,2024-05-04,delivered,electronics,card,2,26.0,457.23,18.0,2.0
O103859,C00984,2026-01-17,completed,electronics,wallet,2,,1338.83,17.0,3.0
O103860,C00135,2026-07-31,cancelled,home,card,5,14.0,1357.19,,
O103861,C01792,2026-04-05,cancelled,beauty,card,3,29.0,404.67,,
O103862,C00479,2026-06-18,completed,home,cash,5,12.0,5352.32,1.0,5.0
O103863,C01351,2024-02-24,completed,electronics,cash,3,29.0,1870.81,15.0,3.0
O103864,C01840,2025-12-08,delivered,beauty,card,5,30.0,582.33,1.0,4.0
O103865,C00870,2024-07-20,completed,electronics,card,1,20.0,830.84,6.0,3.0
O103866,C01219,2026-03-07,completed,beauty,sbp,4,30.0,2173.4,7.0,4.0
O103867,C01034,2025-07-12,delivered,clothing,sbp,2,8.0,697.76,7.0,4.0
O103868,C01529,2024-03-22,delivered,home,sbp,4,1.0,1440.51,8.0,3.0
O103869,C00078,2024-12-31,cancelled,electronics,sbp,2,16.0,2879.82,,
O103870,C00720,2026-01-19,completed,clothing,card,3,10.0,1908.18,6.0,4.0
O103871,C01224,2026-02-24,CANCELED,clothing,card,5,28.0,7485.82,,
O103872,C00183,2025-04-09,delivered,clothing,cash,1,20.0,720.99,10.0,4.0
O103873,C01720,2025-09-25,delivered,electronics,card,4,3.0,2378.36,2.0,5.0
O103874,C01265,2025-03-31,completed,clothing,cash,4,18.0,1075.41,9.0,4.0
O103875,C00006,2026-07-31,completed,electronics,card,2,23.0,1118.09,16.0,1.0
O103876,C00025,2026-07-31,completed,toys,sbp,3,12.0,3345.64,1.0,5.0
O103877,C00320,2026-07-31,delivered,clothing,card,5,29.0,2629.14,10.0,4.0
O103878,C01328,2024-05-22,processing,clothing,sbp,3,22.0,6958.53,16.0,
O103879,C01036,2026-07-31,completed,home,card,1,22.0,1113.88,8.0,3.0
O103880,C00965,2026-07-31,delivered,beauty,wallet,4,9.0,755.74,15.0,3.0
O103881,C01122,2025-01-16,completed,electronics,cash,1,29.0,334.31,12.0,3.0
O103882,C00990,2026-07-31,completed,home,card,2,20.0,1688.87,14.0,3.0
O103883,C00687,2025-03-23,cancelled,toys,card,5,22.0,726.24,,
O103884,C00015,2026-06-10,delivered,clothing,cash,4,24.0,1795.66,7.0,5.0
O103885,C00056,2024-07-25,completed,electronics,card,4,30.0,934.65,19.0,2.0
O103886,C01379,2026-03-28,delivered,electronics,sbp,2,21.0,1018.12,13.0,3.0
O103887,C01488,2024-10-31,completed,toys,sbp,1,29.0,235.17,2.0,5.0
O103888,C00480,2024-06-06,CANCELED,electronics,cash,5,7.0,5722.56,,
O103889,C00486,2025-07-09,cancelled,electronics,card,2,19.0,655.76,,
O103890,C00816,2026-07-31,completed,toys,card,5,14.0,4192.92,1.0,4.0
O103891,C01290,2026-02-04,delivered,beauty,card,2,18.0,298.36,4.0,4.0
O103892,C01187,2024-10-18,delivered,clothing,card,3,27.0,1158.48,1.0,5.0
O103893,C01119,2026-04-18,cancelled,electronics,cash,4,27.0,708.15,,
O103894,C00074,2025-02-03,completed,home,card,2,2.0,2560.22,17.0,1.0
O103895,C00862,2026-07-31,delivered,beauty,card,4,23.0,1060.8,17.0,2.0
O103896,C01506,2025-02-26,completed,electronics,card,2,29.0,919.05,7.0,3.0
O103897,C01181,2026-07-04,completed,electronics,card,3,18.0,1958.9,20.0,1.0
O103898,C01614,2025-12-17,completed,toys,sbp,5,18.0,1355.97,1.0,5.0
O103899,C01391,2025-03-10,delivered,beauty,card,2,22.0,377.24,7.0,3.0
O103900,C01800,2025-11-25,completed,clothing,card,2,30.0,1143.24,14.0,3.0
O103901,C01145,2024-12-27,processing,toys,card,1,2.0,150.0,10.0,
O103902,C01139,2026-05-10,completed,home,card,5,24.0,7207.46,2.0,5.0
O103903,C01116,2026-01-21,cancelled,toys,cash,1,29.0,441.71,,
O103904,C00530,2026-07-31,completed,electronics,sbp,3,0.0,454.54,8.0,2.0
O103905,C00873,2024-12-28,completed,clothing,cash,2,13.0,797.46,13.0,3.0
O103906,C00338,2024-12-14,delivered,home,wallet,5,21.0,3911.5,10.0,4.0
O103907,C00861,2026-07-23,CANCELED,clothing,card,3,2.0,768.9,,
O103908,C00300,2024-06-29,delivered,clothing,card,3,6.0,312.63,13.0,3.0
O103909,C00982,2026-01-28,cancelled,home,card,3,11.0,1339.32,,
O103910,C01909,2024-02-06,delivered,home,cash,3,28.0,2717.74,2.0,5.0
O103911,C00905,2025-09-11,cancelled,electronics,card,2,15.0,1187.47,,
O103912,C01478,2025-09-26,completed,clothing,card,1,27.0,680.09,14.0,4.0
O103913,C00879,2026-02-05,CANCELED,home,card,1,30.0,1059.32,,
O103914,C01812,2025-09-24,delivered,home,sbp,5,19.0,8741.13,19.0,3.0
O103915,C00421,2026-07-31,delivered,clothing,card,1,18.0,150.0,17.0,2.0
O103916,C01669,2025-09-15,delivered,electronics,card,3,21.0,512.25,4.0,4.0
O103917,C01450,2024-05-29,delivered,electronics,card,4,1.0,2254.31,14.0,3.0
O103918,C01778,2024-11-16,cancelled,beauty,card,4,9.0,2460.06,,
O103919,C00266,2025-08-31,completed,beauty,cash,5,2.0,713.63,12.0,4.0
O103920,C01790,2026-07-21,completed,home,cash,1,4.0,263.55,2.0,4.0
O103921,C01818,2025-05-16,completed,home,sbp,2,12.0,3908.07,2.0,5.0
O103922,C00592,2026-07-31,completed,electronics,sbp,4,28.0,1484.81,4.0,5.0
O103923,C01250,2026-07-22,delivered,clothing,card,1,26.0,583.04,2.0,5.0
O103924,C01174,2024-10-15,completed,clothing,sbp,3,12.0,6193.63,12.0,
O103925,C00098,2026-03-14,completed,clothing,cash,4,11.0,2125.24,2.0,4.0
O103926,C01051,2026-04-02,processing,electronics,sbp,3,30.0,2775.3,1.0,
O103927,C01318,2026-01-07,processing,electronics,card,4,30.0,3112.33,5.0,
O103928,C00411,2025-01-31,delivered,toys,card,3,17.0,1129.87,16.0,2.0
O103929,C00724,2024-08-20,delivered,home,cash,1,0.0,359.79,9.0,4.0
O103930,C01171,2025-11-11,completed,beauty,wallet,3,12.0,3804.34,2.0,5.0
O103931,C01860,2026-07-31,delivered,home,wallet,3,16.0,1468.75,9.0,3.0
O103932,C00122,2026-07-02,completed,beauty,card,5,22.0,1099.23,10.0,3.0
O103933,C01873,2025-07-24,completed,electronics,card,5,30.0,5856.41,4.0,5.0
O103934,C01633,2024-10-06,cancelled,electronics,sbp,2,19.0,150.0,,
O103935,C01692,2026-07-31,completed,home,card,5,14.0,8708.65,9.0,3.0
O103936,C00096,2024-11-15,completed,clothing,card,5,15.0,2122.17,2.0,4.0
O103937,C01136,2024-10-14,delivered,electronics,wallet,3,15.0,1487.71,11.0,
O103938,C00738,2025-04-21,completed,home,card,1,18.0,526.59,15.0,2.0
O103939,C01839,2025-01-22,completed,electronics,card,4,9.0,5714.98,3.0,5.0
O103940,C01482,2024-08-05,completed,electronics,card,3,6.0,1699.26,18.0,3.0
O103941,C01300,2024-12-11,completed,toys,card,4,24.0,1935.55,3.0,5.0
O103942,C00056,2024-03-11,delivered,home,card,4,22.0,920.05,3.0,4.0
O103943,C01751,2026-07-11,completed,clothing,wallet,4,28.0,1113.64,15.0,2.0
O103944,C00980,2025-10-02,completed,electronics,sbp,5,21.0,4117.88,6.0,5.0
O103945,C00321,2025-08-07,cancelled,toys,card,2,13.0,1177.67,,
O103946,C01749,2026-07-31,cancelled,toys,sbp,2,27.0,3800.32,,
O103947,C01809,2024-05-29,delivered,electronics,card,1,28.0,256.76,4.0,3.0
O103948,C00994,2025-02-05,cancelled,clothing,card,4,20.0,783.05,,
O103949,C01324,2026-07-31,delivered,home,card,4,4.0,2505.19,10.0,3.0
O103950,C01221,2025-10-04,completed,electronics,card,4,27.0,1840.81,17.0,3.0
O103951,C00607,2024-11-01,delivered,clothing,card,1,20.0,188.89,4.0,5.0
O103952,C01497,2025-10-12,completed,electronics,card,5,7.0,1626.56,18.0,1.0
O103953,C01996,2024-07-22,delivered,electronics,wallet,4,9.0,3463.76,2.0,5.0
O103954,C01869,2024-05-01,processing,home,cash,5,3.0,856.84,19.0,
O103955,C01374,2025-03-20,completed,clothing,card,1,3.0,198.33,4.0,4.0
O103956,C00721,2024-06-06,completed,home,wallet,2,11.0,550.34,5.0,4.0
O103957,C01817,2024-12-27,completed,electronics,card,5,19.0,1398.66,8.0,3.0
O103958,C01855,2025-03-20,cancelled,clothing,card,5,18.0,4646.53,,
O103959,C00012,2026-07-31,completed,toys,card,4,16.0,1264.11,11.0,5.0
O103960,C00677,2026-01-08,processing,clothing,card,5,18.0,9086.6,20.0,
O103961,C01105,2024-12-15,completed,clothing,card,4,17.0,855.66,11.0,3.0
O103962,C01156,2026-02-19,cancelled,clothing,card,3,19.0,1979.28,,
O103963,C01426,2026-02-03,completed,beauty,card,2,22.0,954.37,10.0,3.0
O103964,C01028,2024-11-25,completed,home,card,4,26.0,1976.06,3.0,5.0
O103965,C00028,2026-01-22,completed,electronics,card,3,14.0,206.26,8.0,3.0
O103966,C00332,2025-07-28,completed,electronics,cash,2,19.0,409.61,18.0,1.0
O103967,C01526,2024-11-01,completed,home,card,1,11.0,430.98,8.0,4.0
O103968,C01387,2025-07-27,completed,beauty,cash,2,26.0,203.87,12.0,2.0
O103969,C01303,2026-03-14,delivered,electronics,card,3,22.0,150.0,1.0,4.0
O103970,,2026-06-02,delivered,clothing,sbp,2,5.0,367.01,9.0,3.0
O103971,C00550,2025-09-28,completed,home,wallet,3,22.0,1936.17,5.0,4.0
O103972,C00617,2024-08-28,delivered,clothing,card,1,3.0,721.82,17.0,1.0
O103973,C01378,2026-07-31,cancelled,home,cash,2,16.0,370.29,,
O103974,C01009,2026-06-23,processing,clothing,sbp,3,27.0,1258.32,2.0,
O103975,C00262,2025-02-01,completed,home,card,4,19.0,2766.26,12.0,4.0
O103976,C00799,2025-01-29,completed,beauty,card,5,1.0,7111.74,7.0,5.0
O103977,C01649,2026-07-31,processing,toys,card,1,15.0,1378.76,9.0,
O103978,C01199,2026-07-31,processing,home,cash,2,25.0,2043.0,12.0,
O103979,C01733,2026-03-08,processing,clothing,card,4,19.0,1280.33,5.0,
O103980,C01018,2025-05-02,delivered,home,sbp,1,27.0,473.7,2.0,5.0
O103981,C00971,2025-03-26,delivered,beauty,card,3,12.0,1564.98,3.0,
O103982,C01899,2026-05-21,processing,clothing,card,2,15.0,828.72,20.0,
O103983,C01015,2025-11-12,delivered,clothing,card,3,25.0,491.46,14.0,3.0
O103984,C00271,2025-04-08,completed,electronics,card,4,19.0,6242.7,10.0,
O103985,C00805,2026-07-31,processing,home,cash,1,21.0,696.61,19.0,
O103986,C01296,2025-07-12,cancelled,clothing,card,3,7.0,2964.98,,
O103987,C00691,2026-07-31,completed,electronics,card,4,22.0,3343.22,6.0,4.0
O103988,C00821,2024-12-11,completed,home,sbp,4,12.0,1393.47,3.0,4.0
O103989,C01746,2026-07-31,cancelled,toys,wallet,2,30.0,297.05,,
O103990,C00871,2026-02-07,completed,electronics,sbp,2,13.0,1796.8,19.0,1.0
O103991,C00610,2026-07-31,delivered,clothing,card,3,15.0,2559.95,4.0,4.0
O103992,C00216,2024-10-13,completed,toys,sbp,4,0.0,2485.01,20.0,1.0
O103993,C00806,2026-07-31,completed,toys,card,4,,11028.57,5.0,5.0
O103994,C01534,2024-07-01,delivered,clothing,card,4,4.0,1252.98,18.0,1.0
O103995,C00600,2026-02-25,processing,electronics,wallet,2,12.0,766.18,4.0,
O103996,C00942,2025-06-15,delivered,clothing,card,5,10.0,2906.71,1.0,5.0
O103997,C01314,2026-07-31,completed,clothing,card,4,28.0,1324.14,11.0,4.0
O103998,C01856,2026-07-31,Processing ,clothing,card,4,20.0,1633.51,17.0,
O103999,C01629,2025-09-15,completed,home,card,4,17.0,4502.24,1.0,5.0
O104000,C00573,2024-12-05,processing,beauty,card,5,21.0,1467.7,17.0,
O104001,C00329,2025-02-07,completed,home,cash,5,17.0,1549.92,10.0,4.0
O104002,C01342,2025-02-04,processing,beauty,card,1,12.0,782.16,16.0,
O104003,C00510,2024-08-11,cancelled,home,card,4,27.0,685.73,,
O104004,C00785,2025-10-30,delivered,clothing,card,3,16.0,1384.48,1.0,5.0
O104005,C00209,2024-10-13,completed,electronics,card,3,29.0,1327.6,3.0,5.0
O104006,C01549,2025-10-17,processing,beauty,card,3,1.0,2440.45,4.0,
O104007,C00321,2025-01-10,completed,home,card,1,6.0,936.96,12.0,3.0
O104008,C00762,2025-09-26,cancelled,clothing,wallet,5,14.0,2167.98,,
O104009,C00814,2024-12-23,completed,electronics,sbp,1,4.0,460.02,1.0,4.0
O104010,C00086,2026-07-31,completed,home,card,3,7.0,1437.22,5.0,4.0
O104011,C01552,2026-07-31,completed,electronics,card,5,24.0,1925.75,12.0,3.0
O104012,C99999,2025-02-07,completed,beauty,wallet,4,9.0,5540.72,8.0,3.0
O104013,C01084,2026-02-09,delivered,electronics,cash,5,11.0,3680.67,16.0,2.0
O104014,C00356,2026-07-31,delivered,home,sbp,5,3.0,6784.64,15.0,3.0
O104015,C00107,2026-02-02,completed,clothing,sbp,1,4.0,244.34,4.0,4.0
O104016,C00112,2026-07-08,delivered,clothing,card,1,27.0,1340.72,1.0,4.0
O104017,C01251,2025-01-10,completed,beauty,card,1,,542.19,8.0,
O104018,C01496,2025-05-11,processing,electronics,card,2,1.0,1703.6,12.0,
O104019,C01591,2026-01-29,cancelled,electronics,card,2,10.0,213.99,,
O104020,C01601,2024-11-28,delivered,electronics,wallet,2,12.0,3620.03,6.0,4.0
O104021,C00787,2024-11-27,processing,electronics,card,1,23.0,700.92,18.0,
O104022,C00003,2025-12-14,completed,clothing,sbp,1,9.0,2188.57,10.0,2.0
O104023,C00491,2026-07-31,completed,electronics,cash,3,2.0,3597.77,1.0,4.0
O104024,C01575,2025-01-14,completed,clothing,cash,3,30.0,287.38,1.0,5.0
O104025,C01528,2024-07-04,cancelled,home,cash,2,15.0,3328.96,,
O104026,C01016,2026-02-24,completed,beauty,card,2,11.0,1144.43,10.0,3.0
O104027,C00048,2026-07-31,cancelled,electronics,cash,3,0.0,2470.43,,
O104028,C01554,2025-08-16,delivered,beauty,sbp,1,7.0,760.16,13.0,3.0
O104029,C01632,2026-07-31,completed,toys,card,1,21.0,455.33,14.0,2.0
O104030,C00454,2024-12-19,delivered,home,card,1,26.0,356.53,6.0,4.0
O104031,C01609,2025-03-30,delivered,home,card,2,29.0,1733.08,11.0,3.0
O104032,C01280,2026-06-14,delivered,clothing,card,1,20.0,253.21,17.0,2.0
O104033,C01776,2025-03-11,cancelled,electronics,sbp,2,11.0,1008.03,,
O104034,C01253,2024-10-30,delivered,toys,card,2,11.0,3024.88,3.0,4.0
O104035,C00179,2026-07-31,completed,toys,card,2,,371.51,4.0,5.0
O104036,C01294,2024-11-21,delivered,clothing,card,4,11.0,1681.03,10.0,3.0
O104037,,2024-11-20,completed,electronics,sbp,1,27.0,1254.49,8.0,4.0
O104038,C00518,2024-09-24,cancelled,electronics,card,2,26.0,512.17,,
O104039,C01746,2026-07-31,completed,clothing,card,5,10.0,535.36,18.0,1.0
O104040,C01937,2025-11-01,delivered,toys,cash,5,15.0,504.69,17.0,3.0
O104041,C00951,2024-05-15,completed,electronics,card,1,6.0,338.28,13.0,3.0
O104042,C00583,2024-07-20,completed,home,card,2,20.0,3791.43,12.0,2.0
O104043,C00785,2026-01-12,delivered,beauty,card,3,10.0,803.05,18.0,2.0
O104044,C00485,2025-08-27,completed,clothing,cash,2,6.0,782.72,10.0,
O104045,C01147,2026-01-29,delivered,home,card,1,28.0,514.13,13.0,3.0
O104046,C00843,2026-07-31,delivered,clothing,card,2,17.0,2387.59,6.0,3.0
O104047,C00118,2024-08-26,completed,electronics,cash,5,13.0,4890.51,12.0,2.0
O104048,C01221,2025-12-13,completed,clothing,card,1,4.0,435.84,7.0,3.0
O104049,C01288,2025-01-30,delivered,electronics,card,4,15.0,3183.91,18.0,3.0
O104050,C01335,2025-05-11,delivered,home,card,5,1.0,5757.21,11.0,
O104051,C01891,2025-04-04,delivered,clothing,cash,5,4.0,660.54,11.0,3.0
O104052,C01409,2024-02-13,completed,beauty,sbp,4,3.0,1458.05,14.0,2.0
O104053,C01352,2025-11-29,completed,home,sbp,2,7.0,377.14,15.0,3.0
O104054,C00424,2026-03-24,delivered,toys,card,2,29.0,551.07,19.0,2.0
O104055,C00930,2025-10-17,cancelled,home,card,4,28.0,3315.5,,
O104056,C00869,2025-03-09,delivered,home,wallet,5,16.0,943.14,18.0,2.0
O104057,C01922,2026-02-16,delivered,clothing,card,2,28.0,6252.22,4.0,4.0
O104058,C00949,2026-07-31,delivered,clothing,sbp,4,13.0,3339.29,20.0,1.0
O104059,C01378,2026-01-25,delivered,home,card,5,9.0,1543.41,10.0,4.0
O104060,C01082,2026-07-31,cancelled,home,card,4,20.0,1774.18,,
O104061,C00114,2026-01-17,completed,home,cash,5,21.0,879.06,7.0,5.0
O104062,C01872,2025-03-15,delivered,electronics,card,2,12.0,302.93,4.0,4.0
O104063,C01341,2026-01-07,completed,electronics,card,4,21.0,1448.02,5.0,5.0
O104064,C00461,2026-04-26,completed,electronics,card,2,18.0,2807.28,999.0,1.0
O104065,C00120,2024-06-08,completed,electronics,card,1,13.0,159.89,7.0,4.0
O104066,C01874,2026-07-31,completed,beauty,card,3,27.0,3964.09,13.0,3.0
O104067,C00615,2026-06-14,completed,clothing,sbp,4,22.0,1698.91,14.0,2.0
O104068,C00035,2026-07-31,completed,clothing,card,3,2.0,1789.22,19.0,1.0
O104069,C01232,2026-07-22,completed,electronics,card,2,27.0,1044.8,13.0,2.0
O104070,C00033,2024-08-04,completed,beauty,wallet,5,29.0,4577.93,18.0,1.0
O104071,C00432,2026-07-31,completed,electronics,card,3,24.0,3557.27,3.0,
O104072,C01787,2025-06-17,completed,electronics,card,1,14.0,415.03,10.0,3.0
O104073,C00077,2025-03-02,Completed,beauty,card,1,17.0,740.91,20.0,1.0
O104074,C01505,2025-07-01,delivered,home,sbp,1,4.0,1394.94,7.0,4.0
O104075,C01236,2025-08-09,completed,electronics,card,5,19.0,4725.39,14.0,3.0
O104076,C00612,2026-01-03,completed,electronics,card,4,12.0,1416.24,17.0,2.0
O104077,C00572,2025-11-11,completed,clothing,card,1,25.0,421.55,5.0,4.0
O104078,C00950,2025-08-31,completed,home,card,3,15.0,671.42,10.0,3.0
O104079,C01066,2025-04-24,completed,electronics,card,3,23.0,6328.43,2.0,5.0
O104080,C01781,2025-01-12,Completed,home,card,3,,1888.98,4.0,5.0
O104081,C00523,2024-09-07,delivered,clothing,card,5,29.0,801.68,18.0,2.0
O104082,C01181,2026-02-07,delivered,home,card,3,26.0,755.03,2.0,5.0
O104083,C01373,2026-01-04,delivered,home,card,2,26.0,871.57,8.0,3.0
O104084,C00026,2026-07-10,completed,beauty,card,2,8.0,2883.62,13.0,3.0
O104085,C01792,2026-07-31,completed,electronics,card,4,1.0,1691.71,5.0,4.0
O104086,C01984,2026-06-02,cancelled,electronics,cash,1,16.0,798.84,,
O104087,C00174,2026-04-06,delivered,electronics,cash,4,22.0,1112.77,6.0,3.0
O104088,C00524,2026-07-31,delivered,electronics,card,4,22.0,3300.33,20.0,
O104089,C01573,2026-07-31,processing,clothing,card,5,4.0,6977.21,6.0,
O104090,C01619,2024-07-16,delivered,electronics,card,3,26.0,2780.46,3.0,5.0
O104091,C00313,2024-06-06,completed,beauty,sbp,3,25.0,207.07,16.0,2.0
O104092,C01835,2025-11-02,delivered,beauty,wallet,5,,2180.65,10.0,3.0
O104093,C00659,2024-12-27,completed,home,card,5,3.0,1057.08,13.0,3.0
O104094,C00588,2024-05-06,delivered,clothing,wallet,3,16.0,2529.08,17.0,2.0
O104095,C00715,2026-07-31,completed,home,card,2,8.0,1042.47,7.0,3.0
O104096,C01344,2025-12-09,completed,home,cash,5,22.0,9689.24,2.0,4.0
O104097,C00413,2024-09-26,completed,home,cash,3,9.0,1133.11,7.0,3.0
O104098,C01086,2026-07-31,completed,electronics,card,5,30.0,2611.56,7.0,4.0
O104099,C00151,2026-07-31,delivered,beauty,cash,3,28.0,1339.51,20.0,1.0
O104100,C00294,2025-01-14,completed,clothing,card,3,27.0,2626.96,11.0,3.0
O104101,C01537,2025-02-27,completed,electronics,sbp,3,30.0,679.48,13.0,2.0
O104102,C00768,2025-04-11,Processing ,clothing,card,4,16.0,885.55,8.0,
O104103,C01588,2024-05-29,cancelled,electronics,card,4,16.0,1255.96,,
O104104,C01476,2025-04-26,cancelled,toys,card,1,14.0,786.67,,
O104105,C01994,2026-07-08,delivered,home,card,5,16.0,5657.44,6.0,5.0
O104106,C00276,2026-02-01,completed,beauty,card,1,18.0,457.41,9.0,3.0
O104107,C01870,2026-07-31,completed,toys,card,5,16.0,3954.76,20.0,1.0
O104108,C01784,2026-07-31,completed,home,card,4,7.0,2959.16,17.0,1.0
O104109,C00870,2024-11-24,completed,beauty,cash,3,19.0,1411.76,15.0,2.0
O104110,C00271,2025-02-04,completed,toys,card,1,10.0,461.72,5.0,5.0
O104111,C00267,2025-03-29,cancelled,electronics,card,5,2.0,4534.47,,
O104112,C01022,2024-12-31,delivered,electronics,card,4,30.0,9125.14,18.0,1.0
O104113,C00022,2025-02-10,completed,clothing,card,3,9.0,3258.51,19.0,2.0
O104114,C00192,2026-02-03,delivered,home,card,2,17.0,2579.73,11.0,2.0
O104115,C01064,2026-07-07,completed,beauty,card,4,18.0,10072.65,8.0,3.0
O104116,C01127,2026-03-01,completed,clothing,card,2,5.0,563.79,12.0,3.0
O104117,C01722,2026-07-31,delivered,beauty,card,3,7.0,2590.93,2.0,4.0
O104118,C01949,2024-04-21,CANCELED,home,card,2,14.0,3159.5,,
O104119,C00536,2024-08-06,delivered,clothing,wallet,3,18.0,3133.7,8.0,4.0
O104120,C00661,2024-10-23,cancelled,home,cash,5,30.0,1525.66,,
O104121,C00398,2024-12-13,completed,beauty,wallet,4,27.0,1041.95,17.0,3.0
O104122,C00450,2025-03-02,delivered,clothing,cash,4,30.0,7278.89,16.0,1.0
O104123,C00878,2026-01-05,cancelled,clothing,card,4,23.0,2748.6,,
O104124,C01987,2026-04-03,completed,home,cash,4,23.0,2516.82,16.0,2.0
O104125,C01788,2024-09-21,cancelled,clothing,sbp,4,16.0,2001.98,,
O104126,C01827,2024-06-26,processing,electronics,wallet,4,11.0,6596.9,20.0,
O104127,C00904,2026-07-31,delivered,beauty,card,1,8.0,1074.16,10.0,4.0
O104128,C01315,2026-07-31,completed,electronics,card,5,22.0,2123.04,1.0,4.0
O104129,C01446,2024-02-08,completed,electronics,cash,2,12.0,2043.22,20.0,2.0
O104130,C00487,2024-11-13,delivered,beauty,card,1,29.0,568.25,11.0,2.0
O104131,C00926,2026-07-31,cancelled,home,card,1,2.0,989.77,,
O104132,C01101,2025-03-23,completed,clothing,card,5,16.0,7291.04,13.0,3.0
O104133,C00746,2025-07-19,completed,clothing,card,5,4.0,6624.53,6.0,4.0
O104134,C00947,2026-07-31,completed,electronics,card,2,12.0,247.78,1.0,5.0
O104135,C00882,2026-07-31,completed,electronics,wallet,5,30.0,3715.86,16.0,2.0
O104136,C00123,2026-03-28,cancelled,toys,cash,3,7.0,4822.7,,
O104137,C01537,2025-04-11,delivered,electronics,cash,5,28.0,1386.29,2.0,4.0
O104138,C01801,2024-04-08,delivered,electronics,sbp,5,28.0,12098.5,11.0,
O104139,C01509,2026-04-16,delivered,beauty,card,2,,1619.23,7.0,4.0
O104140,C01868,2026-07-31,delivered,beauty,card,5,29.0,5304.01,20.0,2.0
O104141,C00864,2025-12-23,delivered,home,cash,5,19.0,5300.19,18.0,2.0
O104142,C00112,2026-05-18,completed,electronics,card,3,27.0,504.24,16.0,2.0
O104143,C00536,2024-11-16,completed,electronics,card,2,8.0,2185.24,2.0,4.0
O104144,C01708,2026-07-31,cancelled,toys,cash,3,9.0,2193.28,,
O104145,C00279,2024-09-10,delivered,home,sbp,5,12.0,1721.69,4.0,5.0
O104146,C01095,2024-12-06,completed,beauty,card,3,27.0,5417.66,20.0,1.0
O104147,C00003,2025-11-24,delivered,clothing,cash,1,6.0,150.0,7.0,3.0
O104148,C00648,2025-05-04,delivered,beauty,cash,1,30.0,301.86,1.0,5.0
O104149,C00227,2026-07-31,completed,toys,wallet,4,29.0,6304.59,15.0,2.0
O104150,C00227,2026-07-31,delivered,clothing,sbp,4,15.0,4418.33,15.0,2.0
O104151,C00330,2025-08-21,completed,clothing,card,2,25.0,641.01,8.0,4.0
O104152,C01077,2025-10-23,cancelled,electronics,cash,4,2.0,1114.99,,
O104153,C01380,2025-08-14,delivered,home,wallet,2,9.0,865.79,17.0,2.0
O104154,C00577,2026-07-31,cancelled,electronics,card,3,11.0,2022.3,,
O104155,C01636,2026-02-24,delivered,electronics,sbp,2,11.0,748.69,1.0,5.0
O104156,C00784,2024-12-17,cancelled,home,card,1,3.0,498.28,,
O104157,C01474,2025-06-08,completed,home,card,5,0.0,2874.36,2.0,4.0
O104158,C01060,2024-12-13,completed,clothing,card,3,12.0,1237.48,9.0,4.0
O104159,C01447,2026-07-31,cancelled,toys,card,5,8.0,1895.57,,
O104160,C01958,2026-02-13,cancelled,electronics,card,1,29.0,212.81,,
O104161,C01989,2024-07-17,cancelled,clothing,sbp,2,8.0,1068.27,,
O104162,C01175,2024-06-14,processing,home,card,3,24.0,1577.16,19.0,
O104163,C01926,2024-09-06,delivered,home,wallet,1,4.0,257.82,11.0,3.0
O104164,C01403,2024-12-03,delivered,home,card,4,30.0,2734.59,19.0,2.0
O104165,C00538,2024-07-05,cancelled,home,sbp,5,28.0,6995.6,,
O104166,C01871,2025-01-27,completed,beauty,card,2,1.0,0.0,16.0,2.0
O104167,C00291,2026-07-11,cancelled,beauty,sbp,5,0.0,3844.98,,
O104168,C00937,2024-06-22,cancelled,toys,sbp,5,27.0,6007.23,,
O104169,C00307,2025-06-08,delivered,toys,sbp,3,17.0,1591.08,13.0,3.0
O104170,C01569,2026-07-31,completed,clothing,card,4,21.0,4453.4,8.0,3.0
O104171,C01792,2026-07-31,delivered,home,card,3,12.0,259.06,15.0,1.0
O104172,C01638,2025-12-12,processing,clothing,wallet,2,2.0,618.74,16.0,
O104173,C00205,2025-09-05,completed,home,card,2,12.0,451.48,10.0,4.0
O104174,C00542,2025-01-24,completed,electronics,card,2,24.0,3367.91,11.0,3.0
O104175,C00681,2026-07-25,delivered,clothing,card,5,4.0,4516.66,5.0,4.0
O104176,C00232,2026-07-16,cancelled,toys,cash,1,10.0,207.12,,
O104177,C01061,2026-03-02,delivered,home,sbp,3,24.0,748.59,1.0,5.0
O104178,C00069,2024-04-18,delivered,electronics,sbp,5,17.0,909.27,3.0,5.0
O104179,C01227,2024-06-17,completed,clothing,card,3,10.0,2123.0,12.0,3.0
O104180,C01150,2026-04-07,completed,clothing,cash,1,20.0,635.95,1.0,5.0
O104181,C01192,2025-07-01,cancelled,beauty,wallet,2,21.0,776.7,,
O104182,C01826,2026-07-31,completed,electronics,cash,4,21.0,1080.18,6.0,3.0
O104183,C01573,2025-11-13,completed,home,card,1,9.0,531.08,5.0,3.0
O104184,C00520,2026-05-30,completed,home,wallet,4,28.0,17113.4,16.0,2.0
O104185,C01144,2026-04-04,completed,home,wallet,4,28.0,1602.09,7.0,5.0
O104186,C01605,2024-12-14,completed,electronics,cash,2,19.0,2718.44,18.0,1.0
O104187,C01703,2025-09-17,cancelled,beauty,card,4,7.0,1713.5,,
O104188,C01287,2026-07-31,delivered,beauty,wallet,2,11.0,2362.63,16.0,2.0
O104189,C00170,2024-08-10,delivered,clothing,sbp,2,25.0,1762.24,18.0,1.0
O104190,C00870,2025-01-02,CANCELED,electronics,card,2,25.0,1059.25,,
O104191,C01718,2025-07-18,cancelled,home,wallet,2,23.0,1812.9,,
O104192,C00148,2025-01-26,completed,clothing,cash,5,15.0,7089.55,17.0,3.0
O104193,C01181,2026-01-17,completed,clothing,cash,1,26.0,573.69,12.0,3.0
O104194,C01082,2026-07-31,completed,clothing,card,5,10.0,2350.89,12.0,2.0
O104195,C00446,2026-01-25,processing,clothing,card,4,30.0,3701.06,3.0,
O104196,C00689,2025-10-28,delivered,beauty,card,5,29.0,10016.52,11.0,3.0
O104197,C01956,2025-07-12,delivered,toys,card,4,17.0,714.63,4.0,4.0
O104198,C01192,2025-08-29,completed,home,card,1,30.0,197.15,9.0,4.0
O104199,C01880,2024-06-10,completed,electronics,cash,4,22.0,6740.02,6.0,5.0
O104200,C00943,2026-07-31,processing,clothing,card,4,8.0,1409.45,15.0,
O104201,C01692,2026-07-31,completed,electronics,card,3,17.0,4411.89,12.0,2.0
O104202,C01240,2024-10-26,delivered,home,card,3,8.0,950.89,20.0,2.0
O104203,C01824,2026-07-31,cancelled,home,sbp,2,27.0,746.99,,
O104204,C00654,2026-06-10,delivered,toys,sbp,5,29.0,6242.63,18.0,2.0
O104205,C00765,2025-06-10,completed,clothing,card,5,19.0,4886.48,6.0,4.0
O104206,C00081,2026-07-02,completed,electronics,card,3,0.0,657.85,15.0,3.0
O104207,C00456,2025-10-04,completed,home,card,5,26.0,4378.89,12.0,3.0
O104208,C00278,2026-02-10,processing,clothing,cash,3,7.0,955.11,17.0,
O104209,C00366,2026-02-01,cancelled,electronics,sbp,2,8.0,1539.96,,
O104210,C00617,2025-05-27,completed,clothing,sbp,3,1.0,1711.74,15.0,3.0
O104211,C01748,2025-02-17,cancelled,electronics,sbp,5,1.0,2369.6,,
O104212,C00758,2025-10-04,completed,electronics,sbp,5,28.0,1658.9,17.0,3.0
O104213,C01654,2025-10-22,completed,clothing,card,1,3.0,150.0,20.0,1.0
O104214,C01630,2025-01-16,completed,beauty,card,4,16.0,1312.69,7.0,5.0
O104215,C01962,2026-07-31,cancelled,beauty,card,5,20.0,4738.51,,
O104216,C01018,2026-01-22,completed,electronics,card,1,19.0,783.23,3.0,5.0
O104217,,2025-05-09,completed,clothing,card,3,25.0,837.94,14.0,2.0
O104218,C00839,2024-03-19,completed,beauty,card,5,25.0,6591.11,10.0,3.0
O104219,C01265,2024-09-14,completed,toys,card,2,7.0,1460.91,1.0,5.0
O104220,C01622,2024-11-06,delivered,beauty,card,4,21.0,3587.12,11.0,4.0
O104221,C00285,2025-08-24,completed,clothing,sbp,2,18.0,478.03,2.0,5.0
O104222,C00116,2025-07-28,cancelled,beauty,card,1,6.0,2327.16,,
O104223,C00330,2025-12-21,processing,home,card,2,16.0,1616.62,1.0,
O104224,C01443,2026-07-31,completed,electronics,card,3,,5657.36,4.0,5.0
O104225,C00948,2024-12-05,processing,electronics,card,3,20.0,1000.68,7.0,
O104226,C00561,2025-12-21,cancelled,toys,wallet,2,17.0,255.86,,
O104227,C01536,2024-03-29,cancelled,toys,card,5,7.0,1298.77,,
O104228,C00031,2025-07-05,completed,clothing,sbp,3,24.0,3819.24,5.0,3.0
O104229,C00347,2026-07-31,cancelled,home,wallet,4,6.0,896.87,,
O104230,C00940,2026-03-05,delivered,clothing,sbp,3,13.0,5481.24,20.0,1.0
O104231,C01832,2026-07-31,completed,home,card,2,24.0,620.71,11.0,3.0
O104232,C01498,2026-07-08,cancelled,clothing,card,5,28.0,3778.74,,
O104233,C01368,2026-01-29,completed,clothing,card,3,1.0,2005.71,15.0,1.0
O104234,C01422,2026-07-31,cancelled,clothing,cash,1,26.0,432.37,,
O104235,C00625,2025-09-26,delivered,clothing,wallet,3,21.0,1303.41,14.0,2.0
O104236,C99999,2026-02-09,delivered,toys,cash,3,5.0,755.64,17.0,
O104237,C01772,2024-12-16,completed,beauty,card,2,2.0,5311.54,18.0,2.0
O104238,C01460,2025-10-10,cancelled,electronics,card,1,6.0,837.87,,
O104239,C01198,2026-07-31,completed,electronics,card,3,3.0,452.85,3.0,4.0
O104240,C00166,2026-02-01,cancelled,electronics,wallet,1,9.0,186.97,,
O104241,C01467,2025-10-15,delivered,electronics,card,2,7.0,1692.72,1.0,5.0
O104242,C00732,2026-01-11,completed,clothing,card,4,3.0,2194.13,12.0,3.0
O104243,C00771,2026-04-03,delivered,clothing,card,4,10.0,517.74,15.0,2.0
O104244,C01348,2026-03-17,processing,electronics,card,4,25.0,16866.35,11.0,
O104245,C00788,2025-12-09,processing,toys,card,1,,150.0,17.0,
O104246,C01146,2025-04-30,Processing ,beauty,card,5,26.0,1909.03,17.0,
O104247,C00026,2026-01-13,completed,electronics,card,1,14.0,561.08,1.0,5.0
O104248,C00371,2025-05-20,completed,home,card,3,20.0,960.77,15.0,3.0
O104249,C01076,2024-08-02,cancelled,clothing,card,5,13.0,5468.32,,
O104250,C01916,2026-02-03,completed,home,card,2,17.0,1665.8,8.0,4.0
O104251,C01522,2026-03-15,completed,clothing,cash,1,23.0,619.0,8.0,4.0
O104252,C00836,2025-12-29,completed,electronics,cash,2,11.0,1043.51,18.0,1.0
O104253,C01938,2025-07-08,processing,clothing,cash,1,8.0,849.31,19.0,
O104254,C00551,2026-07-31,completed,toys,card,4,26.0,1869.28,13.0,3.0
O104255,C01785,2026-02-25,delivered,home,sbp,4,18.0,659.79,14.0,1.0
O104256,C00807,2025-09-24,completed,home,card,4,16.0,4793.38,10.0,4.0
O104257,C00174,2025-12-31,delivered,beauty,card,2,21.0,4482.45,20.0,2.0
O104258,C00005,2025-11-19,delivered,beauty,cash,1,0.0,591.3,15.0,
O104259,C01962,2026-07-31,processing,beauty,card,2,26.0,1202.32,8.0,
O104260,C01285,2025-03-12,delivered,electronics,card,5,26.0,2686.12,18.0,2.0
O104261,C00299,2025-06-09,completed,electronics,card,2,,385.23,3.0,3.0
O104262,C01984,2026-04-29,completed,beauty,sbp,5,8.0,1789.81,2.0,5.0
O104263,C00083,2024-07-25,completed,toys,sbp,5,20.0,5228.57,15.0,2.0
O104264,C00670,2025-02-14,completed,home,card,4,24.0,2712.14,14.0,2.0
O104265,C01498,2026-01-11,processing,toys,card,2,0.0,4370.46,16.0,
O104266,C00107,2026-07-31,delivered,home,card,2,5.0,2013.38,3.0,4.0
O104267,C01812,2025-08-27,cancelled,electronics,card,1,15.0,400.01,,
O104268,C01357,2025-03-06,completed,toys,card,2,3.0,1901.33,14.0,3.0
O104269,C01900,2025-01-26,cancelled,beauty,card,3,11.0,1421.56,,
O104270,C01675,2026-01-09,cancelled,clothing,cash,4,16.0,594.93,,
O104271,C01650,2026-07-26,delivered,home,wallet,1,,1282.23,2.0,4.0
O104272,C00456,2026-02-19,completed,clothing,card,2,6.0,1667.9,11.0,3.0
O104273,C00410,2024-06-06,cancelled,home,card,2,22.0,11691.07,,
O104274,C00485,2025-09-02,cancelled,clothing,cash,2,8.0,723.92,,
O104275,C00309,2025-10-03,completed,clothing,card,3,21.0,3000.87,4.0,3.0
O104276,C01329,2026-03-07,processing,home,card,4,6.0,1230.29,17.0,
O104277,C00118,2025-02-20,cancelled,electronics,card,5,5.0,1389.7,,
O104278,C00857,2024-12-29,completed,electronics,card,1,24.0,3591.91,9.0,
O104279,C01164,2025-05-27,completed,electronics,card,1,9.0,150.0,13.0,3.0
O104280,C01078,2024-09-01,completed,home,card,1,28.0,538.83,8.0,3.0
O104281,C00975,2024-07-11,delivered,clothing,cash,2,8.0,4463.18,13.0,2.0
O104282,C00447,2025-09-09,cancelled,clothing,card,1,6.0,160.94,,
O104283,C00219,2025-02-20,cancelled,clothing,sbp,2,6.0,735.99,,
O104284,C01977,2026-07-31,Completed,electronics,card,2,11.0,2285.34,19.0,1.0
O104285,C00930,2025-07-31,delivered,beauty,card,3,13.0,633.34,16.0,2.0
O104286,C01190,2024-03-01,delivered,home,card,3,6.0,2156.83,19.0,2.0
O104287,C01135,2026-01-22,delivered,home,sbp,4,13.0,1173.82,8.0,3.0
O104288,C00738,2024-11-29,delivered,electronics,card,5,21.0,8057.22,4.0,5.0
O104289,C01446,2024-03-01,delivered,home,card,1,10.0,1566.1,11.0,3.0
O104290,C00753,2024-12-27,completed,clothing,card,1,0.0,376.24,1.0,4.0
O104291,C00829,2026-03-19,completed,beauty,wallet,4,24.0,222.05,20.0,1.0
O104292,C01607,2024-12-17,cancelled,electronics,wallet,2,0.0,1668.66,,
O104293,C00637,2024-09-14,completed,home,cash,5,21.0,6258.55,6.0,3.0
O104294,C01399,2024-02-23,completed,toys,card,1,6.0,840.03,8.0,4.0
O104295,C01332,2026-06-17,processing,beauty,card,1,24.0,758.84,3.0,
O104296,C00062,2026-04-02,cancelled,beauty,card,3,15.0,2046.75,,
O104297,C01369,2026-06-04,delivered,electronics,card,3,25.0,1259.71,8.0,4.0
O104298,C01603,2026-07-31,completed,clothing,wallet,1,11.0,299.08,19.0,1.0
O104299,C00541,2026-07-31,delivered,electronics,cash,3,6.0,1701.29,11.0,2.0
O104300,C01829,2026-02-02,delivered,clothing,card,2,,906.62,3.0,4.0
O104301,C00040,2025-12-15,completed,home,sbp,4,29.0,3779.93,17.0,2.0
O104302,C00360,2026-07-31,completed,home,card,5,26.0,1374.43,5.0,5.0
O104303,C01892,2024-12-11,completed,toys,card,3,20.0,1152.96,10.0,2.0
O104304,C01712,2025-10-13,Completed,toys,card,5,26.0,2886.72,2.0,4.0
O104305,C01511,2025-04-22,processing,electronics,card,3,24.0,879.86,14.0,
O104306,C01208,2026-07-11,delivered,toys,card,2,,352.9,17.0,1.0
O104307,C00403,2025-04-26,completed,beauty,card,1,28.0,897.76,12.0,3.0
O104308,C00979,2025-05-09,completed,home,wallet,2,29.0,376.91,13.0,2.0
O104309,C01132,2026-02-03,delivered,electronics,wallet,2,25.0,1243.55,10.0,3.0
O104310,C00180,2025-07-17,delivered,electronics,card,4,20.0,3278.64,19.0,2.0
O104311,C01190,2024-07-02,completed,clothing,sbp,3,17.0,5003.49,16.0,2.0
O104312,C00179,2026-04-23,processing,electronics,card,4,12.0,13535.54,5.0,
O104313,C00252,2025-07-28,processing,electronics,card,1,14.0,1534.24,3.0,
O104314,C00341,2025-08-28,processing,electronics,card,2,7.0,607.25,12.0,
O104315,C00384,2024-12-02,completed,clothing,card,4,16.0,1684.3,16.0,2.0
O104316,C00165,2025-05-24,cancelled,home,card,5,10.0,3400.42,,
O104317,C01914,2025-12-18,delivered,electronics,cash,2,27.0,1016.44,13.0,2.0
O104318,C01606,2026-07-08,delivered,beauty,cash,3,1.0,1811.13,12.0,2.0
O104319,C01017,2025-08-18,completed,electronics,card,2,,2892.96,19.0,1.0
O104320,,2025-10-20,completed,clothing,card,5,26.0,2957.2,6.0,
O104321,C00383,2026-07-31,completed,clothing,cash,1,11.0,1107.74,6.0,3.0
O104322,C01899,2026-07-29,cancelled,home,wallet,5,17.0,1077.64,,
O104323,C01596,2025-01-29,delivered,clothing,card,4,8.0,3129.05,4.0,5.0
O104324,C01504,2025-09-30,processing,home,card,5,6.0,696.94,16.0,
O104325,C00942,2025-12-12,delivered,clothing,wallet,1,13.0,1300.21,6.0,4.0
O104326,C00055,2025-05-09,completed,electronics,card,1,3.0,457.46,10.0,4.0
O104327,C01277,2026-02-10,delivered,clothing,sbp,1,18.0,175.79,5.0,5.0
O104328,C00976,2025-06-20,completed,electronics,card,2,4.0,848.2,15.0,2.0
O104329,C00596,2026-07-31,processing,toys,wallet,2,23.0,1549.41,18.0,
O104330,C00631,2026-05-17,completed,home,sbp,2,12.0,393.09,14.0,2.0
O104331,C00116,2025-11-11,completed,electronics,card,2,0.0,524.21,13.0,
O104332,C01744,2024-02-12,delivered,beauty,card,4,14.0,1543.09,20.0,
O104333,C00330,2025-11-11,cancelled,home,card,2,13.0,2062.88,,
O104334,C01627,2025-12-11,delivered,clothing,card,2,1.0,211.64,6.0,3.0
O104335,C01947,2025-01-09,completed,toys,card,5,8.0,3820.33,15.0,
O104336,C00092,2026-07-12,delivered,clothing,card,2,8.0,863.95,9.0,2.0
O104337,C01248,2025-05-17,completed,electronics,card,2,22.0,2495.89,2.0,5.0
O104338,C00134,2026-05-12,delivered,beauty,sbp,2,23.0,1459.72,13.0,3.0
O104339,C01663,2024-09-04,delivered,toys,card,3,8.0,4711.86,8.0,4.0
O104340,C01015,2025-09-04,completed,electronics,card,2,28.0,1470.84,1.0,5.0
O104341,C00044,2025-05-24,completed,electronics,cash,3,7.0,602.46,7.0,4.0
O104342,C01545,2024-11-13,completed,home,cash,5,16.0,3730.64,15.0,3.0
O104343,C01531,2024-04-16,completed,home,card,3,5.0,2354.14,19.0,2.0
O104344,C01850,2025-01-08,delivered,electronics,card,5,4.0,1513.27,19.0,2.0
O104345,C00970,2024-04-28,completed,toys,card,4,15.0,1365.23,7.0,4.0
O104346,C01866,2025-11-20,completed,electronics,sbp,2,7.0,153.41,18.0,2.0
O104347,C01331,2025-11-30,delivered,beauty,card,2,1.0,1889.98,7.0,3.0
O104348,C01052,2025-05-03,delivered,beauty,card,1,30.0,467.57,2.0,3.0
O104349,C00717,2025-10-03,cancelled,electronics,wallet,1,21.0,330.65,,
O104350,C00587,2026-07-31,cancelled,clothing,card,4,20.0,931.96,,
O104351,C01242,2025-12-18,delivered,electronics,sbp,4,27.0,1399.39,17.0,2.0
O104352,C01480,2025-06-01,completed,home,cash,3,22.0,2214.3,18.0,2.0
O104353,C00072,2024-07-13,delivered,clothing,card,1,6.0,600.18,15.0,2.0
O104354,C00824,2025-10-04,cancelled,beauty,wallet,3,27.0,1192.02,,
O104355,C00092,2026-07-31,delivered,clothing,card,3,15.0,583.89,2.0,5.0
O104356,C00794,2026-02-28,processing,clothing,sbp,2,26.0,787.22,17.0,
O104357,C01598,2026-07-31,delivered,electronics,card,3,27.0,794.97,5.0,4.0
O104358,C01382,2025-06-29,completed,electronics,card,3,0.0,1297.39,19.0,3.0
O104359,C00249,2026-07-31,cancelled,clothing,card,1,26.0,845.35,,
O104360,C01434,2026-02-21,completed,toys,card,1,2.0,333.59,2.0,5.0
O104361,C00028,2026-03-28,processing,beauty,card,1,24.0,1954.25,17.0,
O104362,C00025,2026-01-24,completed,clothing,card,4,20.0,1297.78,3.0,4.0
O104363,C01825,2026-04-18,delivered,toys,card,5,5.0,648.69,19.0,2.0
O104364,C00066,2025-07-30,delivered,electronics,card,5,28.0,2137.76,5.0,
O104365,C00532,2024-09-18,completed,toys,card,4,13.0,1259.59,14.0,2.0
O104366,C00264,2026-06-26,delivered,electronics,cash,5,,39136.77,7.0,4.0
O104367,C01165,2026-01-27,completed,electronics,cash,2,30.0,704.41,18.0,2.0
O104368,C01045,2026-05-27,completed,beauty,cash,4,17.0,600.25,6.0,4.0
O104369,C99999,2025-08-01,completed,clothing,cash,3,7.0,1527.75,10.0,4.0
O104370,C01975,2025-10-21,cancelled,beauty,card,2,26.0,864.86,,
O104371,C01492,2025-12-31,cancelled,home,card,4,4.0,775.7,,
O104372,C00934,2026-05-10,completed,electronics,cash,5,18.0,3284.93,8.0,4.0
O104373,C00094,2025-04-29,cancelled,electronics,card,3,12.0,2325.14,,
O104374,C01845,2025-12-25,cancelled,clothing,cash,4,25.0,2103.12,,
O104375,C01122,2025-01-28,completed,home,card,2,4.0,796.09,18.0,2.0
O104376,C00435,2025-03-20,processing,clothing,card,3,18.0,1101.0,20.0,
O104377,C01084,2025-10-25,completed,electronics,card,4,14.0,1197.04,18.0,2.0
O104378,C00784,2025-03-14,cancelled,electronics,cash,2,15.0,353.56,,
O104379,C00701,2025-09-18,delivered,clothing,wallet,4,19.0,6465.78,5.0,5.0
O104380,C00907,2025-11-09,processing,electronics,card,4,11.0,13854.5,4.0,
O104381,C01508,2025-09-07,completed,clothing,sbp,5,12.0,1083.42,20.0,1.0
O104382,C00328,2024-11-01,completed,electronics,cash,4,9.0,1217.07,3.0,3.0
O104383,C01929,2025-01-17,cancelled,beauty,wallet,4,7.0,829.63,,
O104384,C00125,2026-05-31,delivered,home,sbp,3,29.0,3014.35,4.0,4.0
O104385,C00295,2026-04-03,delivered,electronics,card,5,14.0,1093.73,10.0,2.0
O104386,C01353,2025-09-14,delivered,beauty,card,2,10.0,1723.12,7.0,3.0
O104387,C00291,2026-06-22,delivered,clothing,wallet,1,24.0,693.9,10.0,3.0
O104388,C01556,2025-01-23,completed,clothing,card,2,4.0,871.81,17.0,2.0
O104389,C01470,2025-01-29,completed,electronics,card,3,25.0,4387.51,5.0,4.0
O104390,C00860,2026-07-31,completed,clothing,cash,4,0.0,1489.88,20.0,2.0
O104391,C00909,2025-04-26,completed,beauty,card,1,0.0,493.66,10.0,3.0
O104392,C02000,2024-12-06,cancelled,electronics,sbp,2,8.0,372.32,,
O104393,C01591,2026-02-28,CANCELED,home,card,5,1.0,349.45,,
O104394,C01265,2024-11-08,delivered,electronics,sbp,3,15.0,3451.86,17.0,1.0
O104395,C00283,2025-12-20,completed,clothing,cash,3,28.0,901.42,19.0,1.0
O104396,C01180,2024-06-28,cancelled,clothing,card,1,5.0,1242.86,,
O104397,C00080,2025-09-09,completed,electronics,wallet,1,7.0,0.0,20.0,2.0
O104398,C00504,2026-07-31,completed,electronics,card,5,3.0,2258.28,14.0,3.0
O104399,C01396,2026-04-27,cancelled,clothing,sbp,4,12.0,2324.2,,
O104400,C00816,2026-07-09,completed,clothing,card,2,13.0,640.1,3.0,
O104401,C01990,2026-05-20,cancelled,toys,card,2,3.0,270.67,,
O104402,C01879,2026-03-15,completed,home,cash,3,29.0,736.23,2.0,5.0
O104403,C00190,2025-01-31,cancelled,beauty,cash,5,10.0,1152.18,,
O104404,C01767,2025-11-06,completed,toys,wallet,5,6.0,2398.53,16.0,2.0
O104405,C01729,2025-05-11,completed,electronics,sbp,3,23.0,3612.7,7.0,5.0
O104406,C00213,2026-04-08,delivered,beauty,card,2,20.0,551.5,7.0,4.0
O104407,C00771,2026-05-15,delivered,toys,sbp,3,1.0,1365.05,11.0,2.0
O104408,C01898,2026-05-11,cancelled,clothing,wallet,3,29.0,1789.43,,
O104409,C00034,2026-04-25,completed,home,wallet,2,13.0,522.07,10.0,4.0
O104410,C00118,2024-08-23,delivered,clothing,wallet,2,,1341.34,8.0,4.0
O104411,C01021,2024-12-15,completed,electronics,cash,3,19.0,3565.28,1.0,5.0
O104412,C01907,2024-10-26,cancelled,electronics,sbp,5,24.0,3375.42,,
O104413,C00558,2026-07-03,processing,electronics,cash,2,8.0,946.68,1.0,
O104414,C01546,2025-11-06,completed,clothing,card,3,6.0,754.34,16.0,1.0
O104415,C01387,2025-11-08,completed,home,sbp,2,25.0,896.24,15.0,2.0
O104416,C00293,2026-06-21,cancelled,electronics,card,3,25.0,809.43,,
O104417,C00576,2025-03-06,cancelled,electronics,card,1,0.0,308.18,,
O104418,C01249,2025-09-08,delivered,electronics,card,3,3.0,1340.68,11.0,4.0
O104419,C00964,2025-06-19,delivered,toys,card,4,13.0,1668.65,16.0,2.0
O104420,C00475,2026-01-08,cancelled,beauty,sbp,4,9.0,4504.24,,
O104421,C00402,2026-01-21,completed,electronics,card,4,26.0,1231.44,1.0,5.0
O104422,C01115,2024-10-04,processing,beauty,card,3,17.0,2017.33,14.0,
O104423,C01657,2026-07-31,cancelled,beauty,card,4,3.0,1359.17,,
O104424,C00826,2025-02-21,cancelled,beauty,cash,3,14.0,713.24,,
O104425,C01851,2025-01-05,cancelled,beauty,card,5,5.0,4002.79,,
O104426,C01335,2026-03-11,processing,clothing,card,4,22.0,2755.66,7.0,
O104427,C00807,2026-01-25,completed,electronics,card,2,20.0,609.75,20.0,1.0
O104428,C01414,2026-07-31,processing,beauty,wallet,4,18.0,161.77,11.0,
O104429,C00898,2024-11-27,completed,beauty,card,2,9.0,2415.43,999.0,1.0
O104430,C01514,2025-06-20,completed,electronics,wallet,4,19.0,3670.37,14.0,3.0
O104431,C01966,2026-03-10,completed,home,card,2,7.0,2481.28,18.0,2.0
O104432,C01576,2025-06-08,completed,home,card,3,8.0,3884.95,2.0,
O104433,C00285,2025-05-24,completed,clothing,wallet,3,16.0,1495.77,13.0,2.0
O104434,C00144,2025-08-23,delivered,home,cash,5,6.0,1765.71,15.0,2.0
O104435,C01618,2025-08-24,completed,electronics,card,3,19.0,352.61,18.0,1.0
O104436,C01695,2024-11-18,completed,clothing,card,3,27.0,1647.6,20.0,1.0
O104437,C01135,2025-09-17,completed,electronics,card,5,22.0,1719.8,19.0,1.0
O104438,C00490,2026-06-20,delivered,electronics,card,4,,1053.66,11.0,3.0
O104439,C01762,2025-02-30,delivered,clothing,card,1,11.0,166.17,12.0,4.0
O104440,C00897,2025-05-18,delivered,clothing,card,3,22.0,648.3,20.0,1.0
O104441,C00585,2025-06-25,cancelled,clothing,card,4,18.0,671.53,,
O104442,C00733,2026-07-31,delivered,electronics,card,2,24.0,2180.91,10.0,2.0
O104443,C00593,2025-06-25,completed,clothing,sbp,2,28.0,2405.86,4.0,4.0
O104444,C00565,2026-07-31,delivered,electronics,card,3,22.0,816.31,12.0,2.0
O104445,C00652,2026-07-04,delivered,electronics,card,1,29.0,1312.52,14.0,3.0
O104446,C01349,2026-04-20,completed,beauty,card,3,9.0,1604.86,1.0,4.0
O104447,C00034,2025-07-15,cancelled,home,wallet,4,19.0,6379.83,,
O104448,C00726,2025-01-04,completed,clothing,card,2,12.0,1588.17,18.0,3.0
O104449,C00340,2026-07-31,processing,home,card,4,16.0,3268.31,9.0,
O104450,C01297,2025-04-16,completed,clothing,wallet,4,17.0,2397.79,19.0,1.0
O104451,C99999,2026-07-31,delivered,electronics,card,2,23.0,553.23,3.0,4.0
O104452,C01576,2025-02-21,completed,clothing,card,3,20.0,514.07,1.0,4.0
O104453,C00498,2025-01-19,processing,beauty,cash,3,28.0,1741.5,5.0,
O104454,C01027,2024-12-28,cancelled,home,card,4,21.0,1826.24,,
O104455,C00040,2026-04-07,completed,beauty,card,4,6.0,15769.95,20.0,2.0
O104456,C00826,2024-07-25,completed,toys,card,2,15.0,1792.37,4.0,3.0
O104457,C00558,2026-07-31,CANCELED,electronics,wallet,1,11.0,250.74,,
O104458,C01004,2026-07-31,completed,toys,wallet,3,,1381.75,14.0,3.0
O104459,C00817,2024-10-29,completed,home,cash,2,0.0,733.97,17.0,2.0
O104460,C01366,2024-12-28,processing,home,card,2,30.0,954.98,8.0,
O104461,C01096,2024-09-01,delivered,clothing,card,4,29.0,690.3,13.0,3.0
O104462,C01878,2026-07-31,completed,clothing,wallet,3,16.0,3055.26,18.0,2.0
O104463,C00138,2024-12-01,delivered,electronics,cash,5,25.0,1795.92,1.0,5.0
O104464,C01890,2025-10-13,completed,electronics,card,4,23.0,3326.74,18.0,2.0
O104465,C01581,2025-05-06,cancelled,clothing,wallet,1,2.0,304.02,,
O104466,C01426,2026-07-31,completed,electronics,wallet,1,4.0,358.52,19.0,1.0
O104467,C01652,2025-01-13,completed,electronics,card,4,26.0,3168.21,17.0,3.0
O104468,C00101,2026-07-31,completed,electronics,cash,2,5.0,187.96,3.0,4.0
O104469,C00427,2026-07-31,processing,toys,sbp,5,21.0,5427.67,13.0,
O104470,C00002,2025-12-19,completed,electronics,card,2,29.0,3193.96,6.0,4.0
O104471,C01597,2026-05-14,delivered,toys,wallet,1,26.0,1572.3,19.0,2.0
O104472,C00710,2025-06-23,delivered,clothing,card,2,29.0,562.5,20.0,
O104473,C00723,2026-03-26,cancelled,electronics,card,5,26.0,3136.38,,
O104474,C01222,2025-08-27,completed,electronics,wallet,1,0.0,344.81,6.0,3.0
O104475,C00847,2025-03-21,cancelled,electronics,wallet,3,7.0,450.19,,
O104476,C01275,2026-07-31,processing,clothing,card,5,30.0,2644.97,3.0,
O104477,C01873,2025-10-23,completed,electronics,sbp,5,9.0,768.27,15.0,2.0
O104478,C00665,2025-09-06,completed,beauty,cash,1,2.0,795.97,3.0,4.0
O104479,C01784,2026-07-31,processing,clothing,sbp,4,10.0,3794.54,3.0,
O104480,C01065,2026-03-18,completed,clothing,card,4,3.0,5537.41,19.0,1.0
O104481,C00751,2026-07-31,cancelled,clothing,wallet,1,21.0,742.44,,
O104482,C01839,2025-05-03,cancelled,home,cash,3,26.0,1061.76,,
O104483,C00977,2024-07-25,completed,toys,sbp,1,20.0,423.63,13.0,4.0
O104484,C00256,2024-07-13,completed,clothing,card,1,21.0,543.62,16.0,2.0
O104485,C00574,2024-03-24,completed,clothing,card,5,15.0,7940.46,8.0,4.0
O104486,C01692,2026-07-31,delivered,toys,card,2,22.0,3203.08,17.0,2.0
O104487,C01031,2025-05-31,delivered,toys,card,2,16.0,921.37,16.0,2.0
O104488,C01121,2024-04-02,Processing ,beauty,wallet,1,10.0,1081.72,7.0,
O104489,C01364,2025-04-22,delivered,beauty,card,2,13.0,652.18,9.0,4.0
O104490,C00389,2026-04-26,cancelled,clothing,card,1,1.0,698.55,,
O104491,C00186,2025-10-06,completed,clothing,card,4,10.0,1490.31,15.0,2.0
O104492,C00881,2024-03-23,completed,clothing,cash,2,19.0,1197.86,17.0,1.0
O104493,C01840,2026-04-28,completed,home,card,5,25.0,1276.56,15.0,4.0
O104494,C00255,2026-05-12,completed,beauty,sbp,4,7.0,632.69,8.0,3.0
O104495,C01438,2026-06-13,completed,clothing,card,5,17.0,909.08,16.0,1.0
O104496,C01959,2026-04-25,processing,clothing,card,2,18.0,1571.22,19.0,
O104497,C00194,2025-04-20,completed,beauty,card,5,23.0,1010.33,7.0,4.0
O104498,C00267,2026-02-09,completed,electronics,card,3,7.0,1125.15,19.0,2.0
O104499,C01738,2025-01-12,delivered,home,cash,1,4.0,1004.57,4.0,4.0
O104500,C00218,2024-04-29,delivered,beauty,cash,1,26.0,1207.47,19.0,1.0
O104501,C01488,2024-07-30,delivered,electronics,card,5,7.0,1125.42,15.0,2.0
O104502,C01595,2026-04-18,completed,electronics,sbp,5,4.0,361.1,12.0,3.0
O104503,C00627,2025-02-16,completed,electronics,wallet,4,12.0,1036.32,8.0,
O104504,C00584,2024-08-01,completed,electronics,cash,2,9.0,1156.99,15.0,3.0
O104505,C01043,2026-01-03,completed,clothing,cash,4,6.0,3371.88,20.0,2.0
O104506,C01014,2024-11-13,completed,home,card,1,2.0,191.75,18.0,2.0
O104507,C01721,2025-02-22,delivered,clothing,card,5,18.0,599.5,20.0,2.0
O104508,C01185,2025-09-30,cancelled,home,card,2,7.0,476.71,,
O104509,C01937,2025-01-14,completed,electronics,card,2,22.0,650.54,19.0,3.0
O104510,C00480,2024-07-29,completed,beauty,card,5,9.0,13089.07,12.0,3.0
O104511,C00563,2026-01-25,cancelled,clothing,card,5,7.0,2690.02,,
O104512,C00483,2025-04-29,delivered,home,card,4,25.0,3311.65,8.0,3.0
O104513,C01302,2025-01-29,delivered,electronics,card,1,0.0,1188.1,19.0,2.0
O104514,C00068,2025-01-25,Processing ,beauty,sbp,1,2.0,343.91,8.0,
O104515,C01721,2025-02-23,delivered,clothing,card,3,18.0,1601.96,1.0,4.0
O104516,C01544,2025-07-30,delivered,toys,card,1,1.0,603.29,4.0,4.0
O104517,C01977,2026-07-31,completed,clothing,card,2,30.0,1600.7,13.0,1.0
O104518,C01917,2025-09-12,processing,beauty,card,4,12.0,1778.33,12.0,
O104519,C00142,2024-09-12,delivered,clothing,card,2,10.0,2271.79,20.0,1.0
O104520,C01496,2025-02-13,completed,electronics,card,5,10.0,5956.48,20.0,1.0
O104521,C01008,2026-01-27,delivered,home,card,4,19.0,1571.13,1.0,4.0
O104522,C01471,2026-07-31,completed,electronics,card,1,10.0,904.39,17.0,1.0
O104523,C01748,2025-06-15,delivered,beauty,cash,1,1.0,672.75,16.0,3.0
O104524,C01167,2024-04-15,completed,clothing,card,2,0.0,8288.18,17.0,3.0
O104525,C00007,2024-04-09,delivered,beauty,wallet,1,17.0,1009.24,12.0,3.0
O104526,C01730,2025-03-03,delivered,clothing,card,1,3.0,671.15,13.0,3.0
O104527,,2026-07-16,delivered,clothing,card,3,17.0,937.47,2.0,5.0
O104528,C00918,2026-07-31,delivered,home,card,1,30.0,215.38,11.0,3.0
O104529,C01169,2026-07-31,completed,home,wallet,5,17.0,3757.98,5.0,4.0
O104530,C01824,2026-07-31,completed,home,card,1,24.0,150.0,5.0,3.0
O104531,C01053,2025-09-24,delivered,home,card,5,15.0,9032.47,3.0,4.0
O104532,C00416,2026-01-27,delivered,home,card,3,5.0,284.61,11.0,2.0
O104533,C01466,2025-01-02,processing,beauty,wallet,3,13.0,648.9,15.0,
O104534,C01267,2024-03-27,completed,clothing,card,1,19.0,1096.65,2.0,5.0
O104535,C00132,2025-06-02,delivered,electronics,card,4,26.0,1915.94,16.0,2.0
O104536,C01066,2025-12-04,processing,home,card,4,12.0,2281.8,20.0,
O104537,C01571,2024-07-07,delivered,clothing,cash,3,0.0,852.89,20.0,1.0
O104538,C01769,2024-03-14,completed,toys,card,3,17.0,1334.79,14.0,3.0
O104539,C00567,2025-03-28,completed,toys,card,3,11.0,2555.45,16.0,2.0
O104540,C01046,2024-10-12,cancelled,beauty,card,3,25.0,759.61,,
O104541,C01649,2026-07-31,completed,clothing,card,5,12.0,1997.78,16.0,1.0
O104542,C01168,2025-06-05,completed,beauty,card,5,18.0,2474.2,13.0,2.0
O104543,C00839,2024-06-26,delivered,clothing,wallet,3,25.0,1190.32,9.0,3.0
O104544,C00369,2024-08-31,completed,electronics,card,2,18.0,1796.91,18.0,2.0
O104545,C00086,2026-07-31,delivered,beauty,card,4,12.0,2846.5,4.0,5.0
O104546,C01381,2026-07-31,processing,beauty,card,1,11.0,453.19,15.0,
O104547,C01928,2025-02-19,processing,electronics,card,3,2.0,377.59,9.0,
O104548,C01202,2025-09-06,delivered,beauty,cash,3,6.0,3805.02,17.0,1.0
O104549,C01562,2025-03-10,cancelled,beauty,cash,3,3.0,706.0,,
O104550,C01355,2024-09-05,cancelled,clothing,cash,3,6.0,6120.84,,
O104551,C00696,2025-03-17,processing,electronics,wallet,4,3.0,1002.67,17.0,
O104552,C01046,2025-01-20,cancelled,beauty,card,3,21.0,1811.53,,
O104553,C00541,2026-07-31,cancelled,electronics,sbp,2,18.0,1639.08,,
O104554,C00447,2024-10-29,completed,electronics,sbp,3,24.0,1263.1,15.0,3.0
O104555,C01178,2025-05-04,completed,clothing,card,4,16.0,2529.7,16.0,2.0
O104556,C01293,2025-08-16,completed,beauty,sbp,2,9.0,786.13,10.0,4.0
O104557,C01975,2025-06-25,delivered,beauty,card,3,7.0,6700.66,20.0,
O104558,C00473,2026-01-27,processing,home,card,3,2.0,1737.8,18.0,
O104559,C00581,2024-09-11,processing,beauty,card,3,5.0,1346.81,8.0,
O104560,C00333,2025-03-08,cancelled,home,card,5,15.0,2995.35,,
O104561,,2025-08-15,cancelled,home,cash,5,28.0,6094.97,,
O104562,C01563,2024-09-09,delivered,electronics,card,2,11.0,1346.8,5.0,4.0
O104563,C00661,2024-07-10,delivered,clothing,card,4,18.0,2282.5,5.0,5.0
O104564,C01938,2025-08-25,delivered,clothing,cash,3,8.0,469.14,1.0,4.0
O104565,C01409,2024-04-17,completed,electronics,card,4,26.0,4967.0,15.0,2.0
O104566,C00953,2025-12-30,cancelled,clothing,card,5,2.0,3260.58,,
O104567,C00764,2026-07-31,delivered,electronics,sbp,5,8.0,1725.26,5.0,4.0
O104568,C01139,2026-07-31,completed,electronics,wallet,2,30.0,1279.88,9.0,4.0
O104569,C00171,2025-01-20,delivered,clothing,card,5,14.0,7496.18,7.0,4.0
O104570,C00345,2026-07-31,delivered,electronics,wallet,1,24.0,873.1,16.0,2.0
O104571,C01873,2026-06-02,cancelled,electronics,wallet,4,7.0,9519.86,,
O104572,C00414,2024-11-19,cancelled,beauty,card,3,25.0,2975.28,,
O104573,C00328,2024-07-07,completed,beauty,wallet,3,4.0,315.8,9.0,3.0
O104574,C01720,2025-07-04,cancelled,home,sbp,3,13.0,4053.61,,
O104575,C01890,2025-07-18,completed,electronics,sbp,4,12.0,488.69,5.0,4.0
O104576,C01636,2025-05-18,completed,home,card,5,28.0,7260.4,3.0,4.0
O104577,C00207,2026-01-21,delivered,home,sbp,2,0.0,2000.66,10.0,3.0
O104578,C01678,2025-12-27,cancelled,electronics,card,5,29.0,9446.58,,
O104579,C00534,2024-11-26,processing,electronics,cash,5,27.0,3511.32,9.0,
O104580,C00023,2025-01-07,completed,clothing,card,4,9.0,2478.15,13.0,2.0
O104581,C01842,2024-05-05,delivered,clothing,sbp,4,13.0,5309.31,14.0,3.0
O104582,C00536,2024-12-25,cancelled,electronics,sbp,2,23.0,384.41,,
O104583,C01318,2026-06-13,processing,electronics,card,2,3.0,1017.8,9.0,
O104584,C00148,2025-01-15,completed,clothing,card,2,8.0,819.87,17.0,1.0
O104585,C00379,2025-01-27,completed,clothing,card,2,14.0,698.94,17.0,2.0
O104586,C01762,2025-01-16,delivered,clothing,card,3,25.0,936.41,4.0,5.0
O104587,C01185,2025-10-21,processing,toys,wallet,2,26.0,1118.33,5.0,
O104588,C01998,2026-07-31,completed,electronics,cash,2,15.0,1750.73,12.0,3.0
O104589,C00361,2026-06-05,delivered,beauty,sbp,2,29.0,3238.91,11.0,3.0
O104590,C01782,2025-09-08,processing,clothing,sbp,5,29.0,1961.77,13.0,
O104591,C01749,2026-07-19,delivered,beauty,card,3,0.0,1101.68,17.0,
O104592,C01849,2026-03-04,Completed,home,card,1,17.0,150.0,8.0,4.0
O104593,C00100,2025-03-21,processing,home,card,3,30.0,4770.57,6.0,
O104594,C00210,2026-07-31,completed,home,card,3,8.0,498.79,1.0,
O104595,C01060,2025-09-16,completed,home,sbp,3,10.0,2171.02,5.0,5.0
O104596,C00232,2026-03-05,completed,home,sbp,2,9.0,1245.39,20.0,2.0
O104597,C00127,2024-06-08,delivered,electronics,card,3,21.0,3264.61,12.0,2.0
O104598,C01623,2026-07-31,completed,clothing,card,4,13.0,975.19,18.0,2.0
O104599,C01391,2025-09-03,completed,beauty,card,4,23.0,3120.06,11.0,3.0
O104600,C01689,2026-07-31,completed,clothing,cash,3,11.0,5439.29,19.0,2.0
O104601,C01872,2024-10-06,delivered,electronics,cash,4,28.0,2373.93,20.0,2.0
O104602,C00286,2026-07-20,cancelled,toys,card,1,8.0,244.46,,
O104603,C01663,2025-04-06,delivered,toys,cash,1,12.0,152.36,17.0,2.0
O104604,C00088,2025-08-20,cancelled,clothing,sbp,4,26.0,6486.3,,
O104605,C00744,2024-09-08,processing,clothing,card,3,23.0,1040.3,7.0,
O104606,C00596,2026-05-14,delivered,electronics,cash,3,11.0,1219.5,9.0,3.0
O104607,C00474,2025-09-13,delivered,clothing,card,5,21.0,18624.67,3.0,4.0
O104608,C01438,2025-11-11,completed,toys,sbp,4,14.0,4124.27,2.0,5.0
O104609,C00243,2024-12-16,completed,electronics,wallet,3,10.0,3696.49,6.0,4.0
O104610,C01619,2025-01-21,completed,clothing,card,1,9.0,1832.22,7.0,3.0
O104611,C01748,2025-10-11,delivered,beauty,card,5,25.0,707.3,9.0,3.0
O104612,C01332,2026-07-29,processing,clothing,wallet,3,25.0,5046.2,12.0,
O104613,C00163,2025-11-11,completed,toys,card,2,27.0,3751.3,2.0,4.0
O104614,C01194,2026-02-13,completed,clothing,card,3,12.0,1034.52,14.0,3.0
O104615,C01258,2025-09-07,cancelled,electronics,card,5,17.0,4496.44,,
O104616,C00747,2025-08-23,processing,toys,card,1,2.0,1068.52,17.0,
O104617,C00735,2025-05-15,cancelled,electronics,sbp,1,25.0,279.7,,
O104618,C00939,2025-10-19,completed,home,card,4,5.0,4096.59,12.0,2.0
O104619,C01992,2025-06-01,delivered,electronics,sbp,5,19.0,1482.15,12.0,3.0
O104620,C00008,2026-06-17,completed,home,sbp,5,26.0,19595.94,8.0,4.0
O104621,C01018,2025-06-19,delivered,electronics,cash,5,24.0,2803.91,1.0,4.0
O104622,C00634,2025-03-19,delivered,beauty,card,1,25.0,775.63,12.0,3.0
O104623,C01098,2025-11-19,cancelled,toys,card,3,19.0,402.04,,
O104624,C00008,2026-07-31,completed,electronics,wallet,2,29.0,1352.82,18.0,1.0
O104625,C01836,2024-07-30,processing,clothing,card,1,21.0,1307.65,8.0,
O104626,C00914,2026-07-31,completed,home,card,2,20.0,481.77,11.0,3.0
O104627,C01940,2024-08-20,completed,toys,cash,5,1.0,1622.37,1.0,
O104628,C00309,2024-10-27,cancelled,clothing,cash,3,19.0,837.08,,
O104629,C01168,2025-09-01,delivered,toys,card,2,2.0,391.42,7.0,3.0
O104630,C01360,2025-01-03,delivered,beauty,card,4,12.0,699.25,12.0,3.0
O104631,C01593,2025-02-05,completed,home,card,5,12.0,5612.99,5.0,4.0
O104632,C00019,2026-06-04,completed,clothing,card,4,12.0,716.05,6.0,4.0
O104633,C01270,2024-09-14,completed,clothing,card,3,24.0,354.85,10.0,5.0
O104634,C00296,2025-04-25,cancelled,home,wallet,3,21.0,965.74,,
O104635,C00855,2024-11-04,completed,home,sbp,2,1.0,1025.86,12.0,3.0
O104636,C00107,2026-04-14,processing,electronics,cash,5,11.0,3919.44,7.0,
O104637,C00115,2025-12-19,cancelled,home,card,2,0.0,484.56,,
O104638,C01533,2026-06-04,cancelled,beauty,cash,2,25.0,615.57,,
O104639,C01436,2024-07-15,cancelled,clothing,card,1,6.0,759.56,,
O104640,C01791,2025-08-25,delivered,home,sbp,4,13.0,4063.92,20.0,2.0
O104641,C01401,2026-06-10,delivered,clothing,card,3,26.0,3997.42,12.0,4.0
O104642,C01192,2024-12-13,processing,electronics,card,5,23.0,3615.78,3.0,
O104643,C00234,2026-07-13,completed,electronics,card,1,27.0,150.0,13.0,2.0
O104644,C01531,2024-04-15,completed,clothing,card,1,10.0,244.66,17.0,2.0
O104645,C00461,2026-07-31,delivered,home,card,3,9.0,4031.05,7.0,4.0
O104646,C00214,2025-05-13,completed,beauty,sbp,1,15.0,2031.7,4.0,4.0
O104647,C01465,2026-07-31,delivered,electronics,cash,4,21.0,1837.47,6.0,4.0
O104648,C01177,2025-07-08,processing,clothing,card,5,27.0,2140.72,16.0,
O104649,C00300,2024-05-29,delivered,beauty,cash,5,21.0,1106.18,14.0,2.0
O104650,C01099,2024-05-27,completed,electronics,card,2,27.0,3069.91,13.0,2.0
O104651,C01382,2025-08-27,completed,toys,cash,2,0.0,422.62,5.0,5.0
O104652,C00998,2025-11-22,completed,home,card,4,27.0,9467.98,2.0,4.0
O104653,C01436,2024-11-11,completed,toys,cash,1,11.0,461.59,2.0,5.0
O104654,C01010,2025-05-06,delivered,home,sbp,1,4.0,247.66,10.0,3.0
O104655,C00707,2024-12-03,cancelled,toys,card,3,4.0,355.0,,
O104656,C00447,2025-04-05,delivered,home,cash,4,12.0,1587.52,19.0,2.0
O104657,C00517,2026-03-25,delivered,electronics,cash,5,10.0,2227.06,7.0,3.0
O104658,C01619,2025-02-06,completed,beauty,sbp,2,,763.65,11.0,3.0
O104659,C00747,2025-05-12,completed,electronics,wallet,1,8.0,494.74,20.0,2.0
O104660,C01433,2024-10-18,delivered,home,card,3,15.0,4478.75,10.0,3.0
O104661,C00719,2024-08-29,completed,clothing,card,4,2.0,3233.62,10.0,3.0
O104662,C01051,2025-09-14,completed,beauty,cash,1,8.0,575.84,2.0,3.0
O104663,C01215,2024-12-26,delivered,beauty,card,3,30.0,3684.76,7.0,4.0
O104664,C00956,2025-08-27,completed,beauty,sbp,1,28.0,236.74,2.0,4.0
O104665,C01488,2024-02-21,completed,electronics,sbp,3,15.0,2615.74,14.0,2.0
O104666,C01849,2026-04-04,delivered,toys,cash,5,14.0,4293.76,10.0,3.0
O104667,C01724,2025-12-31,completed,beauty,card,3,4.0,4906.77,3.0,5.0
O104668,C01843,2026-02-24,delivered,clothing,card,3,28.0,493.79,20.0,1.0
O104669,C00060,2026-04-15,completed,electronics,wallet,1,7.0,246.43,18.0,2.0
O104670,C01519,2025-07-05,cancelled,clothing,card,4,5.0,1030.88,,
O104671,C01454,2025-07-27,delivered,electronics,card,5,1.0,3611.9,20.0,
O104672,C00825,2025-09-19,Completed,home,cash,1,27.0,589.45,14.0,2.0
O104673,C00629,2025-10-28,completed,electronics,card,4,9.0,3104.17,13.0,2.0
O104674,C00107,2026-07-31,CANCELED,clothing,sbp,2,13.0,182.66,,
O104675,C01678,2025-10-11,delivered,home,card,5,1.0,7999.98,3.0,5.0
O104676,C01681,2026-05-19,cancelled,clothing,wallet,5,8.0,2973.35,,
O104677,C00152,2024-11-20,cancelled,beauty,card,4,7.0,3066.66,,
O104678,C01165,2025-05-31,completed,electronics,card,3,30.0,1987.97,15.0,3.0
O104679,C01103,2026-07-31,delivered,clothing,sbp,2,13.0,596.39,3.0,5.0
O104680,C00345,2026-06-17,delivered,toys,sbp,4,6.0,2983.08,11.0,3.0
O104681,C01098,2025-12-09,cancelled,clothing,card,4,20.0,2094.93,,
O104682,C01624,2024-06-03,completed,clothing,card,2,7.0,1036.4,6.0,4.0
O104683,C00654,2026-04-16,processing,toys,card,3,25.0,2193.31,15.0,
O104684,C01452,2024-04-06,delivered,clothing,cash,3,28.0,1361.85,8.0,4.0
O104685,C01941,2024-11-10,cancelled,beauty,card,5,1.0,829.55,,
O104686,C00910,2025-02-15,completed,toys,card,4,14.0,1704.61,10.0,3.0
O104687,C00214,2025-05-06,delivered,electronics,card,5,7.0,9040.37,5.0,4.0
O104688,C00595,2025-10-12,completed,beauty,sbp,1,26.0,316.48,9.0,2.0
O104689,C00273,2025-01-15,processing,home,sbp,4,4.0,2125.07,14.0,
O104690,C00706,2025-10-16,completed,toys,card,2,12.0,1921.05,17.0,2.0
O104691,C01289,2024-12-05,delivered,home,cash,2,10.0,5370.09,19.0,1.0
O104692,C00406,2025-08-06,completed,beauty,card,1,14.0,401.58,19.0,3.0
O104693,C01029,2025-08-15,completed,clothing,card,3,5.0,553.83,17.0,
O104694,C01997,2025-08-12,completed,home,card,5,3.0,4219.42,8.0,3.0
O104695,C00529,2026-04-17,cancelled,beauty,cash,4,7.0,1029.14,,
O104696,C01760,2026-02-04,completed,toys,sbp,5,21.0,3120.32,10.0,
O104697,C00609,2026-06-27,cancelled,electronics,card,4,28.0,3200.67,,
O104698,C01229,2024-07-31,cancelled,electronics,card,1,29.0,335.8,,
O104699,C00315,2024-08-10,processing,toys,cash,4,19.0,1585.48,20.0,
O104700,C00537,2025-03-14,delivered,home,wallet,5,0.0,4744.84,20.0,2.0
O104701,C01736,2026-07-31,CANCELED,electronics,cash,5,26.0,5904.86,,
O104702,C01180,2024-01-31,delivered,clothing,card,3,28.0,1531.47,10.0,4.0
O104703,C01140,2025-12-19,completed,toys,sbp,3,16.0,1691.71,18.0,2.0
O104704,C01022,2024-07-03,delivered,toys,card,5,17.0,1002.54,14.0,3.0
O104705,C00490,2025-08-25,cancelled,clothing,card,5,25.0,2707.82,,
O104706,C01859,2025-08-09,completed,beauty,card,3,10.0,1080.62,5.0,3.0
O104707,C00787,2024-03-03,completed,clothing,card,4,10.0,2099.0,1.0,5.0
O104708,C00023,2024-10-07,delivered,clothing,card,2,23.0,3064.74,2.0,4.0
O104709,C01814,2026-01-19,cancelled,beauty,sbp,4,7.0,800.6,,
O104710,C00094,2025-08-02,completed,electronics,sbp,5,25.0,6308.91,10.0,4.0
O104711,C01774,2025-10-17,cancelled,clothing,wallet,5,17.0,2879.11,,
O104712,C00533,2025-01-31,completed,electronics,card,5,9.0,2411.21,12.0,3.0
O104713,C00139,2025-10-16,delivered,electronics,cash,1,29.0,245.92,18.0,1.0
O104714,C00441,2026-07-15,processing,clothing,cash,3,4.0,1848.69,2.0,
O104715,C01309,2025-03-12,completed,toys,card,3,25.0,8398.33,3.0,4.0
O104716,C01092,2025-07-12,delivered,clothing,card,3,,192.59,12.0,2.0
O104717,C00306,2024-11-13,processing,home,sbp,1,7.0,150.0,17.0,
O104718,C00601,2026-04-28,completed,electronics,card,4,19.0,1711.06,13.0,3.0
O104719,C00422,2025-11-08,completed,beauty,wallet,4,29.0,2560.36,14.0,1.0
O104720,C01307,2024-09-29,processing,home,sbp,1,5.0,1044.84,19.0,
O104721,C01729,2025-11-26,delivered,toys,card,2,16.0,1414.93,10.0,3.0
O104722,C00511,2026-07-31,processing,clothing,card,5,21.0,665.58,6.0,
O104723,C01791,2025-11-13,cancelled,clothing,cash,2,13.0,1613.3,,
O104724,C00817,2024-04-30,delivered,electronics,card,5,7.0,2146.08,17.0,2.0
O104725,C00166,2026-07-31,delivered,electronics,cash,1,8.0,1000.49,12.0,2.0
O104726,C00645,2026-07-31,delivered,home,card,2,12.0,555.28,20.0,2.0
O104727,C01748,2024-12-20,completed,beauty,sbp,5,19.0,723.41,7.0,
O104728,C01617,2026-01-13,delivered,electronics,card,1,18.0,343.49,14.0,3.0
O104729,C01457,2026-07-31,cancelled,home,card,3,,2189.53,,
O104730,C00798,2026-01-10,processing,home,wallet,1,11.0,669.39,10.0,
O104731,C01552,2026-05-11,processing,clothing,sbp,1,25.0,499.45,4.0,
O104732,C01421,2026-07-31,processing,beauty,cash,5,13.0,1510.49,19.0,
O104733,C01584,2025-11-15,completed,home,sbp,3,28.0,1330.14,4.0,3.0
O104734,C01116,2025-05-03,delivered,toys,wallet,4,9.0,6449.13,11.0,2.0
O104735,C01015,2025-06-24,completed,beauty,sbp,5,23.0,18980.24,13.0,3.0
O104736,C01934,2026-07-05,delivered,beauty,sbp,2,17.0,1385.22,5.0,5.0
O104737,C01894,2026-07-24,processing,clothing,card,4,5.0,4475.75,7.0,
O104738,C01073,2026-07-31,cancelled,beauty,sbp,5,2.0,1376.83,,
O104739,C00401,2026-07-31,cancelled,toys,sbp,3,4.0,4364.38,,
O104740,C00818,2024-06-09,completed,electronics,card,5,14.0,1863.25,16.0,2.0
O104741,C01010,2025-12-17,delivered,clothing,cash,1,16.0,178.86,13.0,3.0
O104742,C01355,2025-06-11,completed,beauty,cash,5,20.0,6193.55,15.0,2.0
O104743,C00638,2025-07-08,delivered,clothing,card,2,4.0,1058.77,17.0,1.0
O104744,C00091,2025-04-02,completed,clothing,card,3,5.0,4508.11,16.0,2.0
O104745,C01645,2024-09-17,cancelled,home,cash,2,19.0,1908.82,,
O104746,C01899,2025-12-06,delivered,beauty,card,5,17.0,875.26,9.0,4.0
O104747,C00166,2026-04-11,delivered,electronics,card,2,5.0,1142.34,10.0,3.0
O104748,C00637,2025-02-23,cancelled,clothing,wallet,1,18.0,240.46,,
O104749,C00868,2026-06-08,completed,clothing,card,1,7.0,1354.29,14.0,2.0
O104750,C01521,2026-07-31,delivered,electronics,wallet,1,9.0,527.93,2.0,4.0
O104751,C01547,2026-01-04,cancelled,electronics,card,4,2.0,1164.08,,
O104752,C00687,2025-07-29,processing,home,wallet,4,2.0,388.44,15.0,
O104753,C00625,2026-02-21,completed,beauty,card,1,25.0,1252.57,13.0,3.0
O104754,C00811,2024-04-21,delivered,toys,card,1,29.0,374.61,2.0,4.0
O104755,C00481,2024-10-05,completed,toys,cash,2,18.0,799.27,9.0,3.0
O104756,C00874,2024-08-24,completed,toys,card,1,3.0,725.64,17.0,2.0
O104757,C00526,2024-10-25,completed,electronics,cash,2,10.0,485.7,15.0,2.0
O104758,C00121,2025-04-03,Processing ,clothing,cash,1,10.0,150.0,3.0,
O104759,C01428,2026-07-17,completed,electronics,card,2,12.0,1150.05,20.0,1.0
O104760,C01575,2024-09-15,delivered,home,wallet,3,5.0,701.89,4.0,4.0
O104761,C00574,2024-05-25,completed,toys,card,2,4.0,926.76,15.0,2.0
O104762,C00802,2024-10-21,completed,electronics,card,3,28.0,739.75,18.0,2.0
O104763,C00806,2026-02-15,cancelled,clothing,sbp,2,26.0,332.21,,
O104764,C00045,2025-01-18,completed,clothing,card,5,1.0,662.71,2.0,4.0
O104765,,2025-10-31,completed,electronics,card,1,9.0,534.22,3.0,4.0
O104766,C00917,2025-10-19,completed,beauty,cash,3,4.0,3553.95,4.0,5.0
O104767,C01882,2024-09-06,completed,clothing,card,1,2.0,1077.48,2.0,4.0
O104768,C00744,2025-01-11,delivered,clothing,card,3,20.0,1507.94,1.0,5.0
O104769,C01589,2026-07-31,cancelled,toys,card,3,11.0,4621.25,,
O104770,C00782,2026-05-26,delivered,electronics,card,5,17.0,1605.07,10.0,3.0
O104771,C00371,2025-08-05,completed,clothing,card,4,7.0,3794.67,10.0,3.0
O104772,C00698,2025-09-20,completed,beauty,card,5,22.0,1661.96,8.0,3.0
O104773,C01767,2025-08-29,cancelled,clothing,sbp,3,12.0,827.07,,
O104774,C00513,2026-02-15,completed,home,sbp,2,3.0,1883.42,4.0,4.0
O104775,C01690,2025-02-02,completed,clothing,card,4,26.0,2786.11,4.0,4.0
O104776,C01331,2025-03-27,completed,electronics,cash,4,9.0,3261.5,10.0,2.0
O104777,C01491,2025-04-20,cancelled,electronics,card,1,23.0,150.0,,
O104778,C01506,2024-11-19,delivered,beauty,card,5,21.0,5611.87,11.0,3.0
O104779,C01034,2025-05-09,completed,electronics,card,3,7.0,2541.07,20.0,
O104780,C01204,2026-07-31,completed,toys,cash,5,7.0,1785.01,20.0,2.0
O104781,C00140,2025-05-27,cancelled,electronics,card,1,9.0,785.54,,
O104782,C01399,2024-01-29,completed,beauty,sbp,2,27.0,2368.7,10.0,2.0
O104783,C01424,2026-05-07,delivered,toys,sbp,2,13.0,546.98,11.0,3.0
O104784,C00208,2026-07-31,cancelled,electronics,cash,4,23.0,1099.7,,
O104785,C01037,2026-05-23,completed,home,sbp,2,5.0,782.38,20.0,2.0
O104786,C01018,2025-04-12,completed,beauty,card,4,2.0,333.34,5.0,4.0
O104787,C00620,2024-11-14,delivered,home,cash,5,8.0,3208.37,3.0,4.0
O104788,C00133,2024-11-01,delivered,beauty,card,2,5.0,2042.26,3.0,3.0
O104789,C00020,2025-03-28,delivered,electronics,card,5,9.0,3887.38,5.0,4.0
O104790,C00418,2024-11-25,completed,toys,card,4,8.0,2891.97,1.0,
O104791,C00463,2026-04-24,completed,home,card,3,5.0,3352.3,12.0,3.0
O104792,C00424,2025-08-02,delivered,clothing,cash,1,29.0,454.78,19.0,1.0
O104793,C01212,2026-07-26,completed,clothing,card,3,8.0,420.43,15.0,2.0
O104794,C00843,2026-07-31,completed,clothing,card,2,0.0,1093.01,16.0,2.0
O104795,C00225,2025-12-15,completed,clothing,sbp,3,13.0,4186.96,18.0,1.0
O104796,C00168,2025-02-01,delivered,electronics,card,1,23.0,657.86,12.0,2.0
O104797,C01311,2025-07-13,completed,beauty,card,4,26.0,1463.75,14.0,3.0
O104798,C01870,2026-07-10,delivered,clothing,card,1,11.0,922.72,16.0,2.0
O104799,C01640,2025-06-29,delivered,clothing,card,3,21.0,2013.26,1.0,5.0
O104800,C01516,2026-07-31,processing,toys,sbp,1,4.0,414.62,6.0,
O104801,C00637,2024-11-03,delivered,toys,sbp,2,2.0,1083.99,5.0,4.0
O104802,C01408,2026-07-09,delivered,beauty,cash,5,23.0,1911.29,12.0,3.0
O104803,C00164,2025-02-08,completed,electronics,card,1,15.0,805.83,11.0,
O104804,C00343,2026-07-09,cancelled,toys,sbp,1,0.0,239.87,,
O104805,C00280,2024-07-14,delivered,electronics,sbp,5,7.0,3207.99,3.0,5.0
O104806,C00368,2025-08-03,cancelled,clothing,sbp,1,12.0,987.73,,
O104807,C00716,2026-07-31,processing,toys,card,5,0.0,2980.29,3.0,
O104808,C00088,2025-04-02,completed,electronics,cash,4,9.0,2405.97,17.0,1.0
O104809,C01627,2026-02-18,processing,electronics,card,2,17.0,1042.27,17.0,
O104810,C01431,2025-08-23,Completed,home,card,4,1.0,3022.9,17.0,3.0
O104811,C01269,2026-07-31,delivered,clothing,sbp,3,6.0,1108.98,16.0,2.0
O104812,C00351,2025-07-31,delivered,clothing,cash,4,,1775.55,17.0,2.0
O104813,C01736,2026-07-31,completed,beauty,sbp,1,,239.66,5.0,5.0
O104814,C00013,2025-12-16,cancelled,beauty,card,5,20.0,1985.27,,
O104815,C99999,2025-03-08,completed,toys,card,3,8.0,297.37,10.0,4.0
O104816,C01454,2025-07-13,delivered,electronics,wallet,4,4.0,0.0,18.0,1.0
O104817,C00406,2026-01-22,completed,home,card,4,7.0,3226.33,20.0,1.0
O104818,C00394,2026-04-02,completed,beauty,card,4,17.0,1868.14,8.0,4.0
O104819,C01390,2026-07-31,delivered,electronics,card,3,18.0,3088.92,12.0,1.0
O104820,C01617,2026-07-31,cancelled,clothing,sbp,3,29.0,4302.33,,
O104821,,2026-06-26,cancelled,electronics,card,3,18.0,1459.36,,
O104822,C00121,2025-05-15,delivered,electronics,card,3,24.0,666.08,10.0,3.0
O104823,C00987,2026-02-28,delivered,electronics,cash,5,26.0,5899.42,14.0,3.0
O104824,C00959,2026-07-31,processing,home,cash,4,13.0,4014.5,19.0,
O104825,C00652,2025-11-22,delivered,home,cash,4,6.0,2822.71,9.0,3.0
O104826,C01806,2024-12-05,delivered,electronics,card,2,6.0,647.8,14.0,2.0
O104827,C00686,2026-01-15,cancelled,home,card,3,30.0,2000.12,,
O104828,C00488,2025-06-14,cancelled,electronics,card,1,8.0,384.08,,
O104829,,2025-05-05,cancelled,electronics,card,2,11.0,547.95,,
O104830,C01237,2024-03-18,delivered,toys,card,3,11.0,1970.29,2.0,4.0
O104831,C01242,2026-06-14,delivered,clothing,sbp,4,30.0,904.84,13.0,3.0
O104832,C01009,2026-07-31,delivered,beauty,wallet,2,3.0,1804.15,1.0,
O104833,C00638,2025-09-16,delivered,clothing,card,1,4.0,617.23,9.0,4.0
O104834,C00516,2025-02-28,delivered,electronics,card,1,19.0,450.71,1.0,5.0
O104835,C00238,2025-11-02,completed,beauty,card,1,29.0,476.62,18.0,1.0
O104836,C00372,2026-02-09,completed,electronics,card,4,19.0,835.27,17.0,1.0
O104837,C01157,2025-01-27,delivered,clothing,card,5,29.0,1095.44,13.0,3.0
O104838,C00813,2025-12-22,completed,home,card,5,15.0,9854.74,18.0,2.0
O104839,C01479,2025-03-28,completed,home,card,3,9.0,1310.14,6.0,5.0
O104840,C01609,2024-08-06,completed,toys,card,1,5.0,157.72,19.0,2.0
O104841,,2026-05-13,completed,toys,cash,5,6.0,5137.16,16.0,3.0
O104842,C00210,2026-07-31,cancelled,electronics,card,3,25.0,651.41,,
O104843,C00008,2026-06-22,delivered,electronics,card,4,18.0,3126.23,8.0,4.0
O104844,C00457,2024-07-17,cancelled,home,card,2,26.0,3205.09,,
O104845,C00565,2026-06-23,completed,electronics,card,2,,828.38,16.0,2.0
O104846,C00148,2025-04-28,completed,clothing,card,3,,3732.42,10.0,3.0
O104847,C01558,2026-06-05,completed,clothing,card,4,9.0,3545.25,3.0,5.0
O104848,C00735,2025-01-23,completed,beauty,cash,1,22.0,1734.76,20.0,3.0
O104849,C01486,2026-07-22,completed,toys,card,3,30.0,2354.51,8.0,4.0
O104850,C00418,2025-02-20,delivered,electronics,card,5,20.0,1614.07,4.0,4.0
O104851,C00021,2025-05-31,completed,electronics,card,4,23.0,372.38,12.0,5.0
O104852,C00274,2026-07-31,cancelled,toys,cash,1,26.0,261.48,,
O104853,C00941,2025-12-12,delivered,electronics,sbp,4,24.0,1318.85,3.0,5.0
O104854,C00960,2025-09-19,completed,electronics,card,5,9.0,5451.09,9.0,4.0
O104855,C00875,2026-01-10,cancelled,electronics,card,5,27.0,6507.88,,
O104856,C01919,2025-06-04,delivered,clothing,sbp,1,28.0,205.03,8.0,3.0
O104857,C01305,2025-09-11,completed,electronics,cash,1,21.0,1310.73,18.0,2.0
O104858,C01464,2024-12-27,delivered,clothing,card,4,4.0,1061.64,13.0,3.0
O104859,C00250,2024-04-26,delivered,electronics,cash,5,22.0,1264.9,2.0,4.0
O104860,C00932,2026-07-31,delivered,beauty,card,2,15.0,325.8,11.0,3.0
O104861,C01243,2026-07-31,processing,electronics,card,1,22.0,645.62,9.0,
O104862,C01170,2026-07-31,completed,beauty,cash,4,1.0,1233.67,19.0,1.0
O104863,C01894,2026-02-11,completed,home,cash,4,12.0,5634.76,16.0,2.0
O104864,C00952,2025-05-31,cancelled,clothing,card,5,16.0,1191.47,,
O104865,C00744,2025-07-02,delivered,toys,card,4,3.0,3540.63,3.0,4.0
O104866,C01889,2024-03-25,processing,clothing,wallet,5,15.0,934.09,14.0,
O104867,C00675,2025-08-13,cancelled,electronics,cash,5,18.0,5624.81,,
O104868,C01141,2026-05-28,delivered,home,card,5,18.0,2705.75,5.0,4.0
O104869,C00057,2026-05-06,delivered,electronics,card,4,24.0,2491.56,10.0,2.0
O104870,C00332,2025-01-05,completed,electronics,card,3,13.0,1109.74,19.0,1.0
O104871,C00115,2026-01-10,completed,toys,card,1,7.0,353.52,19.0,1.0
O104872,C00836,2026-07-31,completed,beauty,card,3,4.0,2199.6,2.0,3.0
O104873,C01864,2025-10-30,completed,clothing,wallet,2,5.0,4187.89,14.0,2.0
O104874,C00143,2025-03-20,delivered,clothing,cash,5,11.0,1063.91,8.0,3.0
O104875,C01952,2026-01-15,delivered,home,wallet,2,29.0,750.42,18.0,2.0
O104876,C01738,2024-12-27,processing,electronics,card,5,23.0,1509.23,18.0,
O104877,C00012,2026-07-31,completed,electronics,card,2,4.0,294.05,19.0,1.0
O104878,C00031,2025-11-28,delivered,home,wallet,3,19.0,436.65,15.0,2.0
O104879,C01802,2025-07-12,completed,clothing,sbp,4,17.0,1096.94,11.0,3.0
O104880,C01171,2026-07-02,delivered,electronics,card,2,6.0,717.95,2.0,5.0
O104881,C00348,2026-07-31,completed,home,card,4,22.0,6119.08,2.0,4.0
O104882,C01908,2024-08-25,delivered,home,cash,1,0.0,1087.3,10.0,4.0
O104883,C01123,2025-06-03,delivered,clothing,card,3,2.0,766.84,3.0,
O104884,C01271,2025-07-16,completed,toys,wallet,2,19.0,1828.81,11.0,3.0
O104885,C01357,2024-11-27,delivered,beauty,cash,1,17.0,259.96,15.0,3.0
O104886,C00404,2026-07-31,completed,home,card,3,18.0,1377.95,12.0,2.0
O104887,C00719,2024-08-15,completed,electronics,card,1,21.0,638.44,14.0,2.0
O104888,C00258,2024-10-31,processing,home,card,5,28.0,13325.58,15.0,
O104889,C01058,2026-07-31,completed,home,sbp,5,1.0,3054.85,5.0,4.0
O104890,C01975,2025-09-18,completed,home,card,2,24.0,302.1,10.0,4.0
O104891,C01256,2024-04-27,processing,home,card,2,,1787.38,16.0,
O104892,C01384,2026-07-31,completed,electronics,card,2,8.0,2447.69,12.0,3.0
O104893,C00388,2026-07-31,completed,clothing,card,5,14.0,5015.61,5.0,4.0
O104894,,2025-12-06,delivered,beauty,cash,1,16.0,222.43,8.0,4.0
O104895,C01989,2024-09-21,delivered,electronics,card,1,17.0,544.28,12.0,3.0
O104896,C00177,2026-06-17,delivered,home,card,1,8.0,485.74,3.0,4.0
O104897,C00408,2024-09-21,delivered,beauty,card,4,1.0,8118.55,8.0,3.0
O104898,C01440,2026-07-31,processing,electronics,wallet,5,20.0,4035.28,10.0,
O104899,C00021,2025-07-17,completed,toys,card,4,27.0,7782.76,15.0,3.0
O104900,C00414,2024-05-22,delivered,beauty,card,1,28.0,279.36,10.0,3.0
O104901,C01889,2024-08-22,processing,home,card,2,26.0,828.63,14.0,
O104902,C00039,2025-06-10,completed,home,card,5,6.0,1602.6,18.0,1.0
O104903,C00859,2026-06-30,processing,beauty,sbp,5,26.0,5390.54,17.0,
O104904,C00660,2025-06-10,processing,electronics,card,1,20.0,1226.19,6.0,
O104905,C00798,2026-01-07,processing,home,wallet,1,16.0,673.6,6.0,
O104906,C00517,2026-07-31,completed,clothing,cash,5,9.0,2657.8,20.0,
O104907,C00552,2025-03-15,delivered,beauty,cash,4,24.0,2753.28,9.0,3.0
O104908,C01522,2026-03-17,cancelled,clothing,card,1,3.0,163.03,,
O104909,C00052,2024-10-27,completed,beauty,card,2,24.0,709.22,5.0,4.0
O104910,C00260,2026-02-23,delivered,electronics,card,4,28.0,1512.65,5.0,4.0
O104911,C00530,2026-07-31,completed,electronics,sbp,4,29.0,1949.67,11.0,
O104912,C01653,2025-01-06,completed,beauty,wallet,4,27.0,1169.92,14.0,3.0
O104913,C00787,2024-03-02,cancelled,clothing,card,1,25.0,249.77,,
O104914,C00070,2025-09-07,processing,clothing,wallet,2,23.0,274.45,14.0,
O104915,C01041,2025-11-17,completed,home,cash,3,3.0,2088.66,18.0,3.0
O104916,C01255,2025-12-13,completed,electronics,sbp,3,10.0,493.36,7.0,3.0
O104917,C00916,2025-08-16,delivered,clothing,wallet,5,4.0,5480.81,7.0,4.0
O104918,C00178,2025-01-08,completed,clothing,wallet,4,11.0,2554.07,18.0,1.0
O104919,C01759,2026-03-20,delivered,toys,card,2,15.0,2002.78,7.0,4.0
O104920,C01717,2026-07-31,delivered,electronics,card,1,27.0,241.43,17.0,1.0
O104921,C01823,2025-02-01,completed,clothing,cash,1,21.0,2188.63,9.0,3.0
O104922,C01928,2024-11-14,cancelled,toys,card,3,25.0,8728.72,,
O104923,C00635,2024-07-10,completed,beauty,card,1,25.0,504.74,7.0,4.0
O104924,C00844,2024-03-13,completed,home,sbp,3,24.0,2025.05,20.0,1.0
O104925,C01920,2026-04-16,cancelled,clothing,card,4,0.0,1950.92,,
O104926,C00900,2026-06-23,completed,beauty,card,4,29.0,4412.31,15.0,2.0
O104927,C01730,2025-03-13,completed,toys,card,3,13.0,2787.06,19.0,
O104928,C01296,2025-07-18,delivered,toys,card,2,7.0,238.14,9.0,3.0
O104929,C01856,2026-07-31,completed,home,card,5,13.0,1271.73,11.0,3.0
O104930,C00021,2025-06-23,delivered,home,wallet,4,17.0,2698.62,15.0,2.0
O104931,C01413,2025-04-21,cancelled,beauty,sbp,4,21.0,3660.19,,
O104932,C01602,2026-04-29,completed,beauty,card,5,12.0,2776.45,9.0,
O104933,C00397,2025-01-15,completed,home,card,5,17.0,634.01,7.0,3.0
O104934,C01471,2026-07-31,completed,electronics,card,4,12.0,3076.53,7.0,4.0
O104935,C00391,2026-07-05,delivered,beauty,card,1,24.0,2121.5,9.0,3.0
O104936,C01810,2026-07-31,completed,clothing,card,1,3.0,150.0,2.0,4.0
O104937,C01818,2025-06-01,cancelled,electronics,card,3,21.0,3133.94,,
O104938,C00008,2025-10-15,completed,electronics,card,1,17.0,2133.83,10.0,3.0
O104939,C01015,2025-10-04,cancelled,electronics,card,5,14.0,5241.07,,
O104940,C00765,2025-05-09,cancelled,clothing,card,2,11.0,923.88,,
O104941,C01781,2024-05-05,cancelled,electronics,wallet,2,7.0,2019.59,,
O104942,C00641,2026-06-23,delivered,home,sbp,3,7.0,1379.28,19.0,1.0
O104943,C01442,2026-02-09,completed,toys,card,4,19.0,3040.93,17.0,2.0
O104944,C00234,2025-12-21,completed,electronics,cash,2,4.0,1053.43,17.0,2.0
O104945,C00426,2025-03-07,completed,electronics,card,1,7.0,538.63,13.0,2.0
O104946,C01971,2026-07-31,completed,electronics,sbp,3,13.0,803.61,13.0,4.0
O104947,C00770,2025-03-24,delivered,beauty,sbp,3,20.0,1020.41,3.0,4.0
O104948,C01532,2024-08-26,delivered,electronics,cash,5,12.0,9038.11,2.0,5.0
O104949,C01936,2025-01-11,delivered,electronics,cash,1,4.0,300.11,2.0,5.0
O104950,C01931,2024-03-28,processing,electronics,sbp,5,24.0,515.34,12.0,
O104951,C00040,2026-05-24,delivered,electronics,card,2,6.0,16406.97,18.0,1.0
O104952,C00466,2026-07-31,completed,home,cash,1,29.0,347.5,9.0,3.0
O104953,C01430,2026-03-27,completed,home,card,1,13.0,397.49,9.0,
O104954,C01854,2024-09-17,delivered,clothing,card,3,25.0,1071.65,13.0,3.0
O104955,C01958,2026-02-04,completed,clothing,cash,4,16.0,1996.28,10.0,4.0
O104956,C01441,2026-07-31,completed,home,card,4,8.0,1073.83,999.0,1.0
O104957,C00209,2024-09-23,delivered,toys,card,4,29.0,6488.89,4.0,5.0
O104958,C01486,2026-07-06,delivered,home,card,1,9.0,420.03,17.0,2.0
O104959,C00544,2025-01-22,completed,beauty,wallet,4,18.0,853.94,10.0,4.0
O104960,C01618,2025-05-23,completed,toys,card,1,24.0,150.0,4.0,4.0
O104961,C01095,2025-10-25,completed,clothing,card,3,13.0,3549.32,9.0,3.0
O104962,C00368,2024-12-30,completed,electronics,card,5,24.0,1731.74,15.0,2.0
O104963,C01688,2025-11-19,completed,home,wallet,4,25.0,2662.05,16.0,3.0
O104964,C01978,2024-12-01,cancelled,electronics,card,4,8.0,937.38,,
O104965,C01014,2025-08-28,delivered,clothing,card,1,,531.15,2.0,5.0
O104966,C01626,2026-07-08,completed,home,card,5,2.0,2410.56,5.0,5.0
O104967,C00120,2024-12-18,processing,home,cash,2,0.0,2058.74,13.0,
O104968,C00543,2024-11-04,delivered,clothing,sbp,4,16.0,2250.1,18.0,2.0
O104969,C00255,2026-02-09,completed,clothing,card,2,7.0,401.34,20.0,1.0
O104970,C00568,2024-09-23,cancelled,electronics,card,4,12.0,13470.18,,
O104971,C00752,2025-01-16,cancelled,electronics,card,3,16.0,2092.81,,
O104972,C00863,2024-12-02,delivered,clothing,card,4,8.0,925.55,17.0,3.0
O104973,C00646,2025-02-20,completed,electronics,sbp,5,19.0,2866.16,15.0,3.0
O104974,C01090,2024-10-28,cancelled,toys,card,3,12.0,2021.27,,
O104975,C00440,2025-07-17,completed,clothing,sbp,1,24.0,725.8,2.0,5.0
O104976,C00696,2025-04-27,completed,beauty,card,2,4.0,1317.88,2.0,4.0
O104977,C01681,2026-07-31,cancelled,toys,card,2,18.0,1199.22,,
O104978,C01125,2026-02-26,cancelled,clothing,cash,1,9.0,1026.75,,
O104979,C00054,2025-09-15,delivered,clothing,sbp,3,3.0,2646.27,8.0,3.0
O104980,,2026-04-05,completed,beauty,card,3,,2685.92,5.0,4.0
O104981,C01659,2026-07-04,completed,electronics,wallet,3,24.0,356.87,15.0,3.0
O104982,C00361,2026-06-25,cancelled,clothing,card,2,26.0,246.09,,
O104983,C01844,2026-06-18,delivered,electronics,sbp,2,0.0,522.48,20.0,2.0
O104984,C00592,2026-06-28,cancelled,beauty,card,5,7.0,2019.67,,
O104985,C01261,2024-12-28,completed,beauty,card,1,21.0,268.28,16.0,2.0
O104986,C00951,2024-12-11,processing,home,sbp,3,23.0,655.87,1.0,
O104987,C01251,2024-10-29,completed,clothing,card,4,16.0,2386.05,4.0,3.0
O104988,C01595,2026-07-06,completed,home,card,5,1.0,1225.62,15.0,2.0
O104989,C00299,2025-02-23,cancelled,home,sbp,3,15.0,216.11,,
O104990,C00705,2024-12-05,completed,home,card,2,13.0,332.47,13.0,2.0
O104991,C01137,2025-12-04,delivered,toys,cash,4,23.0,1210.14,1.0,5.0
O104992,C00522,2024-07-27,delivered,electronics,card,3,25.0,1202.31,1.0,4.0
O104993,C00751,2026-07-31,cancelled,electronics,card,4,1.0,4045.04,,
O104994,C01772,2025-10-09,completed,electronics,card,2,29.0,1395.18,2.0,5.0
O104995,C00459,2026-03-02,completed,home,card,2,12.0,198.14,1.0,5.0
O104996,C00380,2025-07-22,delivered,toys,card,2,18.0,3150.16,17.0,1.0
O104997,C01167,2024-11-21,cancelled,clothing,card,4,29.0,1680.49,,
O104998,C00200,2026-07-16,processing,clothing,cash,3,18.0,1562.34,8.0,
O104999,C00003,2025-11-15,completed,toys,card,4,0.0,2171.73,18.0,2.0
O105000,C01740,2024-09-07,delivered,electronics,card,1,7.0,249.1,4.0,5.0
O105001,C00553,2026-07-31,completed,beauty,sbp,4,27.0,3093.41,14.0,
O105002,C00241,2025-03-14,completed,toys,card,5,3.0,518.43,12.0,4.0
O105003,C01313,2026-07-31,completed,beauty,wallet,1,20.0,1439.55,5.0,5.0
O105004,C00962,2025-04-08,completed,clothing,card,1,13.0,572.51,16.0,2.0
O105005,C00911,2026-07-31,completed,home,wallet,3,28.0,1976.73,4.0,4.0
O105006,C00877,2026-03-12,completed,electronics,sbp,5,30.0,3754.58,15.0,2.0
O105007,C00292,2025-07-14,completed,electronics,card,5,1.0,1730.7,5.0,4.0
O105008,C01718,2025-04-21,cancelled,electronics,cash,2,29.0,2724.58,,
O105009,C00003,2026-05-01,completed,electronics,card,5,25.0,1379.21,7.0,3.0
O105010,C00967,2026-03-05,cancelled,toys,card,3,29.0,663.91,,
O105011,,2025-12-02,cancelled,home,card,4,16.0,2220.53,,
O105012,C01284,2026-07-31,delivered,clothing,card,5,29.0,818.29,6.0,4.0
O105013,C01099,2024-08-25,delivered,home,card,1,7.0,313.24,2.0,5.0
O105014,C00770,2025-07-10,completed,home,sbp,4,3.0,2428.22,5.0,4.0
O105015,C01070,2024-05-13,completed,electronics,card,3,14.0,2661.52,16.0,2.0
O105016,C00454,2024-09-23,delivered,electronics,sbp,2,7.0,956.43,5.0,4.0
O105017,C00263,2025-08-19,delivered,clothing,wallet,3,28.0,717.09,10.0,3.0
O105018,C01811,2025-03-19,delivered,beauty,card,2,18.0,752.49,11.0,4.0
O105019,C01228,2026-07-31,cancelled,electronics,card,4,13.0,1154.99,,
O105020,C01308,2025-05-12,delivered,beauty,card,1,1.0,455.72,5.0,5.0
O105021,C01998,2026-07-31,completed,home,wallet,3,4.0,900.01,13.0,3.0
O105022,C01809,2024-12-15,completed,clothing,sbp,4,19.0,901.85,6.0,5.0
O105023,C01170,2026-07-31,cancelled,electronics,card,5,2.0,1020.44,,
O105024,C01585,2026-07-12,processing,clothing,wallet,4,22.0,452.88,1.0,
O105025,C01056,2026-07-31,delivered,clothing,card,4,0.0,4681.21,13.0,2.0
O105026,C00476,2026-02-13,cancelled,electronics,card,5,12.0,4368.04,,
O105027,C01246,2026-07-31,delivered,beauty,card,3,6.0,553.25,9.0,4.0
O105028,C01827,2024-11-21,completed,clothing,sbp,2,8.0,1658.65,4.0,5.0
O105029,C01760,2026-01-23,processing,electronics,card,4,17.0,2038.97,10.0,
O105030,C01011,2025-05-30,delivered,clothing,cash,1,,175.29,17.0,2.0
O105031,C01892,2025-02-13,delivered,electronics,card,2,10.0,425.28,13.0,
O105032,C00396,2026-03-19,delivered,toys,card,2,6.0,874.72,14.0,2.0
O105033,C00083,2025-04-11,delivered,electronics,wallet,5,27.0,4457.68,5.0,4.0
O105034,C00807,2025-08-20,completed,clothing,cash,5,7.0,3962.96,6.0,4.0
O105035,C00410,2024-04-11,delivered,home,card,2,24.0,640.47,2.0,5.0
O105036,C01916,2026-02-08,completed,electronics,cash,5,29.0,3557.67,16.0,3.0
O105037,C00232,2026-07-31,completed,clothing,card,5,14.0,2163.1,9.0,3.0
O105038,C01070,2024-07-12,completed,home,card,2,9.0,547.42,20.0,2.0
O105039,C01545,2025-04-06,completed,beauty,card,2,7.0,2125.11,4.0,4.0
O105040,C00222,2025-03-20,processing,home,wallet,3,7.0,1674.4,18.0,
O105041,C00092,2026-04-15,completed,electronics,card,5,12.0,3707.49,2.0,4.0
O105042,C01108,2026-07-04,completed,clothing,card,5,19.0,1023.78,9.0,3.0
O105043,C01806,2024-07-13,cancelled,clothing,cash,4,19.0,1300.58,,
O105044,C00033,2024-08-02,cancelled,clothing,card,3,6.0,2849.02,,
O105045,C00042,2025-12-17,delivered,toys,card,3,0.0,1180.93,13.0,3.0
O105046,C01852,2025-04-26,processing,electronics,card,5,24.0,2061.37,16.0,
O105047,C01206,2026-07-31,delivered,clothing,wallet,3,27.0,632.53,4.0,5.0
O105048,C01403,2025-02-15,delivered,clothing,card,5,2.0,2883.99,7.0,4.0
O105049,C00552,2025-11-13,completed,electronics,card,5,20.0,1039.1,10.0,4.0
O105050,C00625,2025-11-13,completed,clothing,card,4,12.0,2641.0,11.0,2.0
O105051,C00942,2025-02-15,delivered,electronics,card,5,29.0,1113.37,19.0,1.0
O105052,C00429,2024-11-27,cancelled,beauty,card,4,25.0,1666.99,,
O105053,C00884,2024-07-08,delivered,electronics,card,3,20.0,5211.54,19.0,2.0
O105054,C01908,2024-06-22,cancelled,clothing,card,2,10.0,999999.99,,
O105055,C01498,2026-06-03,delivered,home,cash,1,11.0,373.47,9.0,4.0
O105056,C01739,2024-08-01,delivered,clothing,card,1,14.0,977.95,16.0,2.0
O105057,C00994,2025-05-10,completed,clothing,card,5,13.0,1381.1,19.0,1.0
O105058,C01576,2025-08-19,completed,clothing,card,5,2.0,1119.31,8.0,4.0
O105059,C00843,2026-07-19,delivered,beauty,sbp,3,0.0,1104.17,17.0,3.0
O105060,C01235,2026-07-20,completed,clothing,cash,2,21.0,2373.42,5.0,3.0
O105061,C01461,2026-07-31,processing,clothing,card,1,1.0,1134.55,3.0,
O105062,C01650,2026-04-09,completed,home,cash,2,14.0,662.36,13.0,2.0
O105063,C01852,2025-01-14,completed,clothing,card,2,3.0,785.24,6.0,4.0
O105064,C00211,2024-09-22,delivered,home,sbp,5,14.0,3448.49,11.0,3.0
O105065,C01588,2025-01-14,completed,electronics,cash,4,12.0,13750.53,6.0,3.0
O105066,C01420,2025-11-01,delivered,clothing,card,1,2.0,407.45,7.0,3.0
O105067,C01474,2024-12-10,completed,toys,card,1,8.0,1489.25,1.0,5.0
O105068,C00030,2025-10-13,completed,home,card,4,2.0,2406.36,14.0,2.0
O105069,C00976,2025-03-05,delivered,clothing,card,1,12.0,975.17,11.0,3.0
O105070,C01922,2025-12-08,completed,beauty,card,4,2.0,4434.41,9.0,4.0
O105071,C01801,2024-07-16,delivered,clothing,card,3,12.0,1701.71,13.0,2.0
O105072,C00462,2024-09-12,completed,clothing,cash,1,2.0,481.7,9.0,3.0
O105073,C00973,2025-06-12,delivered,electronics,card,4,10.0,1669.94,2.0,4.0
O105074,C01728,2026-03-17,completed,electronics,card,1,10.0,652.3,11.0,2.0
O105075,C01861,2026-04-26,completed,electronics,card,2,15.0,2548.88,12.0,3.0
O105076,C00663,2024-07-22,delivered,home,card,2,13.0,2839.35,14.0,2.0
O105077,C01606,2026-07-31,delivered,clothing,card,5,29.0,6489.16,5.0,4.0
O105078,C01670,2026-05-04,processing,toys,card,2,27.0,678.84,7.0,
O105079,C00301,2025-11-09,cancelled,electronics,card,2,16.0,625.53,,
O105080,C00064,2026-07-31,delivered,electronics,card,1,1.0,254.05,11.0,2.0
O105081,C00094,2025-01-03,completed,home,wallet,5,25.0,2786.83,1.0,4.0
O105082,C00291,2026-06-08,cancelled,electronics,card,5,20.0,5196.62,,
O105083,C01482,2024-07-14,delivered,clothing,card,5,24.0,1567.78,1.0,5.0
O105084,C00780,2026-07-31,cancelled,electronics,card,5,27.0,2128.24,,
O105085,C01372,2025-06-29,delivered,electronics,card,3,12.0,2479.83,14.0,3.0
O105086,C00180,2026-03-09,completed,clothing,cash,1,15.0,381.1,8.0,4.0
O105087,C01205,2025-09-16,cancelled,home,cash,3,7.0,1269.43,,
O105088,C01491,2025-03-22,cancelled,electronics,card,3,2.0,3605.03,,
O105089,C01953,2025-01-02,completed,electronics,card,4,0.0,2008.72,20.0,1.0
O105090,C00639,2026-06-24,delivered,electronics,card,3,22.0,830.81,17.0,2.0
O105091,C01091,2025-07-12,delivered,electronics,card,1,1.0,532.23,19.0,3.0
O105092,C00967,2026-04-08,delivered,toys,wallet,2,27.0,1393.84,4.0,5.0
O105093,C00696,2025-07-04,cancelled,home,card,3,6.0,10962.53,,
O105094,C01280,2026-06-02,completed,electronics,sbp,5,15.0,8305.75,7.0,3.0
O105095,C01130,2026-03-04,completed,clothing,card,4,27.0,25341.08,17.0,1.0
O105096,C01666,2025-10-16,completed,electronics,card,1,6.0,210.13,18.0,2.0
O105097,C00057,2025-07-07,processing,electronics,card,3,3.0,4498.92,14.0,
O105098,C00444,2025-03-25,completed,toys,wallet,5,11.0,8533.62,12.0,2.0
O105099,C01159,2025-09-11,delivered,electronics,card,2,25.0,1009.83,9.0,4.0
O105100,C01148,2026-07-31,cancelled,beauty,cash,2,8.0,719.97,,
O105101,C01805,2024-06-22,cancelled,beauty,card,1,14.0,888.75,,
O105102,C01350,2026-01-29,completed,home,card,3,20.0,1139.01,5.0,4.0
O105103,C00009,2025-03-21,completed,clothing,card,2,20.0,394.65,12.0,3.0
O105104,C00979,2025-11-01,processing,electronics,card,5,25.0,792.87,9.0,
O105105,C01691,2026-07-31,delivered,beauty,cash,2,4.0,297.6,19.0,2.0
O105106,C01747,2026-07-31,completed,beauty,card,4,30.0,2375.05,3.0,5.0
O105107,C01604,2025-05-14,completed,clothing,card,4,24.0,3372.14,3.0,5.0
O105108,C00955,2026-07-31,cancelled,electronics,card,4,30.0,903.79,,
O105109,C00213,2026-03-28,processing,electronics,cash,2,2.0,1451.09,19.0,
O105110,C00427,2026-04-27,delivered,electronics,card,1,23.0,721.46,12.0,3.0
O105111,C01694,2025-06-03,completed,electronics,card,1,16.0,650.27,14.0,3.0
O105112,C00682,2025-01-22,delivered,clothing,sbp,3,24.0,2546.66,2.0,4.0
O105113,C01528,2024-11-14,completed,beauty,card,2,3.0,1170.97,2.0,5.0
O105114,C00073,2025-10-04,cancelled,home,sbp,2,15.0,2862.49,,
O105115,C00983,2026-01-11,completed,home,sbp,1,26.0,811.6,10.0,3.0
O105116,C01901,2026-04-15,completed,home,card,3,25.0,541.83,10.0,
O105117,C00491,2026-07-31,completed,home,card,3,18.0,6442.31,2.0,4.0
O105118,C00062,2025-12-29,completed,clothing,sbp,2,20.0,456.93,20.0,2.0
O105119,C00577,2026-07-31,completed,beauty,wallet,4,16.0,1945.62,14.0,2.0
O105120,C00127,2024-05-14,delivered,clothing,card,4,26.0,15183.93,11.0,4.0
O105121,C01225,2025-10-18,delivered,toys,wallet,2,8.0,1458.14,2.0,5.0
O105122,C00384,2025-08-05,delivered,electronics,card,3,29.0,765.54,1.0,5.0
O105123,C00493,2026-07-31,completed,home,card,4,15.0,2580.42,8.0,5.0
O105124,C01176,2025-02-02,completed,clothing,sbp,1,30.0,748.36,6.0,5.0
O105125,C00651,2025-12-01,delivered,clothing,card,2,0.0,1157.57,3.0,5.0
O105126,C01302,2025-01-08,delivered,clothing,sbp,4,,1314.06,7.0,5.0
O105127,C01862,2025-01-03,completed,electronics,card,4,14.0,707.99,20.0,1.0
O105128,C01863,2026-06-02,cancelled,beauty,card,2,15.0,388.16,,
O105129,C01459,2025-02-15,completed,clothing,wallet,4,6.0,1056.62,6.0,5.0
O105130,C01938,2025-09-13,completed,clothing,card,3,11.0,4165.32,15.0,2.0
O105131,C01473,2025-07-20,completed,beauty,cash,3,27.0,557.5,10.0,4.0
O105132,,2024-10-07,delivered,home,wallet,5,3.0,2790.67,14.0,2.0
O105133,C01912,2026-07-31,completed,beauty,sbp,2,8.0,3016.39,5.0,4.0
O105134,C01134,2026-04-19,completed,electronics,wallet,2,19.0,1658.65,1.0,4.0
O105135,C00012,2026-07-31,delivered,electronics,wallet,3,15.0,4608.8,12.0,2.0
O105136,C01242,2025-12-30,completed,electronics,card,4,30.0,1233.02,20.0,2.0
O105137,C00489,2026-07-31,completed,beauty,cash,4,0.0,3257.81,3.0,4.0
O105138,C01069,2025-06-16,delivered,beauty,card,5,8.0,6186.74,10.0,3.0
O105139,C01316,2024-12-22,delivered,beauty,cash,1,23.0,1046.22,14.0,2.0
O105140,C00056,2024-11-09,completed,home,cash,4,4.0,4016.72,19.0,1.0
O105141,C00877,2026-02-04,completed,electronics,card,1,4.0,189.48,4.0,
O105142,C00112,2026-07-31,completed,clothing,sbp,5,8.0,4201.04,18.0,3.0
O105143,C00226,2025-08-19,processing,home,card,1,30.0,727.93,20.0,
O105144,C00423,2026-07-31,cancelled,electronics,cash,1,15.0,436.91,,
O105145,C01563,2024-10-13,completed,home,card,5,9.0,1518.54,12.0,3.0
O105146,C00827,2025-12-24,processing,beauty,card,2,26.0,1413.05,8.0,
O105147,C00095,2026-04-13,delivered,clothing,cash,2,,447.32,19.0,2.0
O105148,C01495,2025-02-02,completed,home,card,4,8.0,1395.84,15.0,
O105149,C01088,2026-07-30,processing,clothing,sbp,1,29.0,1047.03,2.0,
O105150,C00284,2025-11-30,delivered,electronics,sbp,3,30.0,3402.33,19.0,2.0
O105151,C01125,2026-07-31,delivered,electronics,sbp,2,23.0,1449.28,7.0,4.0
O105152,C00498,2024-12-19,delivered,clothing,sbp,2,11.0,682.19,14.0,3.0
O105153,C01272,2024-09-09,processing,home,wallet,1,10.0,202.51,12.0,
O105154,C01896,2026-03-27,completed,clothing,card,2,8.0,528.26,7.0,
O105155,C00632,2025-01-04,completed,electronics,cash,3,28.0,4134.41,12.0,4.0
O105156,C01491,2024-09-27,completed,electronics,card,4,2.0,2302.91,19.0,2.0
O105157,C00048,2026-07-31,processing,home,card,1,6.0,454.17,17.0,
O105158,C00815,2026-01-08,completed,clothing,sbp,4,5.0,2246.36,20.0,2.0
O105159,C01778,2025-03-10,completed,home,cash,1,19.0,852.05,1.0,5.0
O105160,C00150,2025-01-28,completed,electronics,card,4,2.0,866.99,12.0,3.0
O105161,C01859,2026-02-28,completed,beauty,cash,2,23.0,667.85,15.0,3.0
O105162,C00188,2025-10-09,delivered,clothing,card,5,4.0,4131.07,7.0,5.0
O105163,C00964,2025-04-17,completed,electronics,wallet,4,11.0,2387.77,12.0,2.0
O105164,C00363,2025-06-19,cancelled,clothing,card,3,5.0,3581.37,,
O105165,C00042,2026-07-31,delivered,home,card,1,,900.29,20.0,1.0
O105166,C00699,2024-05-03,delivered,toys,card,5,19.0,1328.47,6.0,3.0
O105167,C01162,2025-11-05,cancelled,toys,wallet,5,14.0,170.61,,
O105168,C01445,2024-08-26,completed,clothing,card,1,29.0,580.23,10.0,3.0
O105169,C00632,2025-08-26,delivered,home,card,3,26.0,640.59,7.0,3.0
O105170,C00985,2025-06-22,delivered,home,card,5,17.0,3697.88,9.0,
O105171,C00365,2024-09-14,completed,clothing,card,4,6.0,7035.22,1.0,4.0
O105172,C01460,2025-08-31,completed,electronics,card,5,3.0,1081.08,5.0,4.0
O105173,C00338,2025-08-23,delivered,home,card,5,27.0,4132.36,12.0,1.0
O105174,C01723,2025-12-03,delivered,toys,card,5,21.0,4942.52,16.0,2.0
O105175,C00359,2025-02-12,delivered,electronics,card,2,16.0,1299.48,11.0,4.0
O105176,C01329,2026-03-07,completed,clothing,card,5,2.0,3202.69,16.0,2.0
O105177,C00662,2026-07-09,completed,electronics,card,1,13.0,150.0,18.0,1.0
O105178,C01994,2026-02-14,processing,clothing,card,5,29.0,2596.37,11.0,
O105179,C00562,2024-07-15,completed,clothing,sbp,3,7.0,1468.02,2.0,5.0
O105180,C01898,2026-06-27,processing,clothing,card,1,9.0,1141.14,17.0,
O105181,C01673,2024-12-12,delivered,clothing,card,4,3.0,4248.2,12.0,3.0
O105182,C00936,2026-07-31,delivered,beauty,card,5,9.0,1637.89,8.0,3.0
O105183,C00991,2025-03-06,completed,electronics,wallet,5,9.0,538.87,20.0,1.0
O105184,C00708,2026-04-17,cancelled,beauty,wallet,1,24.0,150.0,,
O105185,C00856,2026-04-02,processing,beauty,card,5,12.0,7603.87,1.0,
O105186,C00932,2025-12-17,delivered,home,card,5,21.0,2316.02,19.0,
O105187,C00292,2024-09-17,delivered,clothing,card,5,18.0,774.43,2.0,5.0
O105188,C00646,2025-09-06,delivered,toys,card,3,8.0,513.24,18.0,1.0
O105189,C01752,2026-07-31,CANCELED,clothing,card,5,22.0,2963.36,,
O105190,C01958,2025-05-12,processing,electronics,card,2,26.0,1085.63,14.0,
O105191,C00110,2025-10-20,completed,electronics,card,3,1.0,5559.86,2.0,5.0
O105192,C01465,2026-07-31,delivered,beauty,card,2,21.0,924.25,2.0,5.0
O105193,C00480,2025-02-24,completed,electronics,card,2,29.0,1342.23,5.0,4.0
O105194,C01308,2024-11-13,cancelled,clothing,card,2,17.0,953.0,,
O105195,C01243,2026-07-31,delivered,home,card,4,7.0,3795.0,14.0,2.0
O105196,C01758,2025-10-09,delivered,home,sbp,4,2.0,8057.35,2.0,4.0
O105197,C01405,2025-04-13,completed,home,card,5,21.0,5244.81,11.0,3.0
O105198,C01648,2026-05-16,completed,clothing,card,4,3.0,9538.73,20.0,2.0
O105199,C01603,2026-07-04,completed,home,wallet,1,25.0,759.58,2.0,4.0
O105200,C01295,2026-07-31,processing,electronics,card,3,24.0,415.62,19.0,
O105201,C00821,2024-04-12,completed,electronics,card,4,12.0,1019.51,8.0,3.0
O105202,C00675,2026-07-19,processing,electronics,cash,3,19.0,2850.64,5.0,
O105203,C00694,2026-07-31,completed,clothing,card,1,13.0,406.25,9.0,3.0
O105204,C00718,2026-02-11,cancelled,electronics,card,2,23.0,986.96,,
O105205,C00578,2026-02-27,delivered,clothing,sbp,3,1.0,773.17,13.0,2.0
O105206,C00622,2025-10-02,cancelled,electronics,card,2,15.0,3129.69,,
O105207,C01137,2025-12-06,delivered,clothing,sbp,4,12.0,6710.52,6.0,5.0
O105208,C00541,2026-07-09,cancelled,electronics,card,4,14.0,1641.06,,
O105209,,2026-03-03,CANCELED,clothing,card,2,29.0,826.97,,
O105210,C01419,2026-07-31,completed,beauty,card,4,15.0,5467.81,1.0,5.0
O105211,C00657,2026-02-19,processing,clothing,card,3,11.0,3413.46,2.0,
O105212,C00214,2025-05-11,delivered,home,cash,1,,150.0,2.0,4.0
O105213,C00034,2025-09-25,completed,clothing,cash,5,27.0,4243.01,2.0,5.0
O105214,C01531,2024-08-03,completed,electronics,card,4,25.0,2930.52,5.0,3.0
O105215,C01897,2025-06-08,delivered,clothing,wallet,5,21.0,2860.57,17.0,2.0
O105216,C01366,2024-03-13,cancelled,clothing,card,5,28.0,1220.92,,
O105217,C00122,2026-02-22,cancelled,home,wallet,2,27.0,496.95,,
O105218,C01127,2026-07-31,completed,electronics,card,5,6.0,206.57,1.0,4.0
O105219,C00542,2024-04-06,delivered,toys,cash,5,6.0,1457.24,6.0,4.0
O105220,C00642,2026-07-12,completed,home,cash,1,,150.0,1.0,5.0
O105221,C01843,2026-07-31,completed,clothing,card,4,20.0,1278.68,7.0,3.0
O105222,C01649,2026-06-23,cancelled,toys,sbp,5,28.0,3398.76,,
O105223,C01471,2026-05-03,completed,electronics,card,1,3.0,193.61,17.0,1.0
O105224,C01002,2026-07-31,completed,beauty,cash,1,27.0,1430.16,11.0,3.0
O105225,C01157,2024-07-19,completed,electronics,sbp,2,15.0,4712.14,16.0,3.0
O105226,C01832,2026-07-31,completed,clothing,card,1,19.0,595.58,13.0,2.0
O105227,C01322,2024-09-12,completed,electronics,card,1,22.0,801.78,15.0,2.0
O105228,C01158,2026-07-12,completed,beauty,cash,2,6.0,269.99,5.0,4.0
O105229,C00195,2026-07-31,delivered,clothing,card,2,5.0,1141.24,13.0,
O105230,C01993,2025-09-12,processing,home,card,3,10.0,480.34,19.0,
O105231,C01618,2025-11-27,completed,toys,card,5,29.0,620.32,12.0,2.0
O105232,C00730,2026-04-25,cancelled,electronics,card,5,,894.81,,
O105233,C00501,2024-12-03,delivered,toys,cash,1,14.0,435.51,20.0,2.0
O105234,C01936,2025-02-06,completed,clothing,cash,5,23.0,2384.84,14.0,3.0
O105235,C01913,2024-07-10,completed,beauty,card,4,13.0,1859.48,1.0,5.0
O105236,C00841,2024-12-04,completed,clothing,card,2,,388.44,10.0,3.0
O105237,C00463,2026-07-31,cancelled,beauty,card,3,27.0,1609.27,,
O105238,C01596,2025-04-16,delivered,beauty,wallet,3,25.0,847.52,5.0,4.0
O105239,C01251,2024-09-29,completed,clothing,cash,5,26.0,2730.93,14.0,3.0
O105240,C01801,2024-03-27,completed,home,card,1,19.0,407.98,5.0,5.0
O105241,C01091,2026-01-17,completed,toys,card,3,,349.49,999.0,1.0
O105242,C01104,2024-06-03,delivered,beauty,sbp,5,29.0,1430.74,6.0,4.0
O105243,C00287,2025-03-16,completed,toys,card,4,20.0,3046.36,20.0,1.0
O105244,C01207,2026-04-07,delivered,home,card,2,23.0,1927.7,18.0,
O105245,C00726,2024-04-29,delivered,clothing,card,5,20.0,919.62,16.0,2.0
O105246,C00411,2025-03-25,delivered,beauty,card,2,11.0,534.77,8.0,4.0
O105247,C01563,2024-10-01,completed,home,wallet,2,7.0,689.07,12.0,3.0
O105248,C00692,2026-04-10,delivered,electronics,sbp,5,19.0,6289.63,17.0,2.0
O105249,C00426,2025-01-16,delivered,electronics,card,4,23.0,2868.7,6.0,4.0
O105250,C01922,2026-01-07,cancelled,electronics,cash,2,23.0,353.96,,
O105251,C01926,2024-06-01,delivered,home,sbp,4,19.0,2921.85,18.0,2.0
O105252,C00990,2026-01-27,completed,beauty,card,1,21.0,1359.67,9.0,3.0
O105253,C00591,2026-04-13,completed,beauty,sbp,2,10.0,1171.77,7.0,4.0
O105254,C00324,2026-07-31,delivered,electronics,card,5,0.0,1325.35,11.0,2.0
O105255,C01254,2026-05-20,delivered,electronics,card,2,29.0,1942.42,15.0,2.0
O105256,C01222,2025-08-27,delivered,electronics,wallet,1,5.0,571.34,1.0,5.0
O105257,C01238,2024-06-18,delivered,home,cash,5,15.0,2017.67,7.0,4.0
O105258,C01536,2025-01-16,cancelled,beauty,card,1,28.0,1006.76,,
O105259,C00942,2025-09-17,cancelled,beauty,card,5,22.0,2456.06,,
O105260,C01367,2025-09-26,completed,electronics,cash,3,28.0,1576.81,13.0,2.0
O105261,C01311,2025-10-20,completed,beauty,cash,2,20.0,1961.19,9.0,3.0
O105262,C01592,2025-09-05,processing,home,card,2,0.0,660.09,2.0,
O105263,C01488,2024-08-22,delivered,toys,cash,1,0.0,195.38,10.0,3.0
O105264,C00072,2024-12-29,processing,beauty,sbp,5,24.0,3195.95,1.0,
O105265,C01239,2025-03-20,delivered,clothing,sbp,5,14.0,8560.37,9.0,3.0
O105266,C01951,2026-07-31,processing,beauty,card,4,16.0,319.48,3.0,
O105267,C01120,2025-08-22,completed,clothing,wallet,2,18.0,1771.99,16.0,3.0
O105268,C01060,2025-05-31,delivered,beauty,card,3,17.0,1519.95,16.0,
O105269,C01214,2026-07-31,delivered,beauty,sbp,4,30.0,1285.6,12.0,3.0
O105270,C01120,2026-03-14,completed,beauty,card,1,1.0,293.81,17.0,2.0
O105271,C00804,2026-07-31,completed,electronics,wallet,4,4.0,4058.88,11.0,2.0
O105272,C01988,2024-12-28,completed,beauty,sbp,2,2.0,1697.74,19.0,1.0
O105273,C00142,2024-12-05,completed,electronics,sbp,4,21.0,859.73,10.0,3.0
O105274,C01629,2025-09-23,processing,beauty,card,5,16.0,3143.63,1.0,
O105275,C00320,2026-07-24,processing,toys,sbp,2,13.0,2954.23,10.0,
O105276,C00413,2024-12-04,cancelled,electronics,card,2,27.0,1721.72,,
O105277,C01214,2026-07-31,processing,home,card,3,14.0,389.28,17.0,
O105278,C01276,2026-06-18,cancelled,home,wallet,1,25.0,826.17,,
O105279,C01855,2024-11-19,processing,beauty,cash,2,4.0,363.29,10.0,
O105280,C00589,2026-07-31,completed,electronics,cash,2,10.0,1173.34,7.0,4.0
O105281,C00052,2024-09-16,completed,toys,card,1,16.0,270.93,10.0,4.0
O105282,C00511,2026-07-31,cancelled,toys,card,4,26.0,2719.74,,
O105283,C01089,2025-09-29,delivered,home,card,3,1.0,865.09,3.0,3.0
O105284,C00715,2026-07-31,delivered,clothing,card,5,13.0,1066.72,6.0,4.0
O105285,C00505,2025-04-09,delivered,home,wallet,2,12.0,1267.84,5.0,4.0
O105286,C01829,2026-02-10,completed,electronics,card,2,24.0,1080.8,3.0,5.0
O105287,C01124,2025-05-02,completed,beauty,card,3,12.0,2852.37,17.0,2.0
O105288,C01345,2024-10-10,delivered,electronics,card,2,9.0,644.8,17.0,2.0
O105289,C01500,2026-07-31,delivered,clothing,card,4,5.0,587.07,17.0,3.0
O105290,C00819,2025-09-08,completed,electronics,card,5,23.0,4231.35,9.0,3.0
O105291,,2026-07-31,delivered,home,sbp,4,30.0,6271.77,8.0,3.0
O105292,C01928,2025-02-07,completed,home,card,1,23.0,310.36,6.0,4.0
O105293,C01450,2024-04-04,delivered,home,card,4,22.0,2907.96,4.0,5.0
O105294,C00594,2026-07-31,delivered,electronics,card,2,17.0,767.99,8.0,3.0
O105295,C01558,2026-07-31,delivered,clothing,cash,5,29.0,11561.93,16.0,
O105296,C00473,2025-08-07,processing,clothing,card,2,7.0,647.04,2.0,
O105297,C00146,2026-07-31,delivered,home,card,4,23.0,1899.64,19.0,2.0
O105298,C00889,2024-02-05,processing,electronics,wallet,2,8.0,195.49,8.0,
O105299,C01020,2025-04-10,cancelled,home,card,5,15.0,8672.45,,
O105300,C00940,2026-03-26,cancelled,clothing,card,1,3.0,321.34,,
O105301,C00524,2026-07-31,cancelled,toys,sbp,5,18.0,6961.95,,
O105302,C00546,2024-02-23,delivered,clothing,card,5,13.0,1441.36,12.0,3.0
O105303,C01843,2026-06-20,delivered,electronics,sbp,1,5.0,462.67,10.0,3.0
O105304,C00584,2024-12-11,delivered,electronics,card,2,24.0,527.45,5.0,4.0
O105305,C01566,2025-10-22,completed,electronics,card,2,4.0,466.58,18.0,1.0
O105306,C00516,2025-03-02,completed,electronics,card,2,22.0,779.52,11.0,3.0
O105307,C00216,2025-04-17,completed,beauty,card,3,15.0,1323.22,4.0,
O105308,C00127,2024-11-28,delivered,home,card,4,30.0,1472.07,13.0,3.0
O105309,C00487,2025-03-03,completed,electronics,card,1,6.0,150.0,1.0,5.0
O105310,C01683,2024-11-24,delivered,beauty,card,5,,3091.38,9.0,4.0
O105311,C00911,2026-06-15,completed,electronics,card,1,,150.0,19.0,2.0
O105312,C01391,2025-07-25,completed,beauty,card,3,13.0,1128.11,9.0,4.0
O105313,C01926,2024-07-13,delivered,electronics,card,4,9.0,556.64,12.0,3.0
O105314,C00097,2024-11-11,cancelled,clothing,card,2,9.0,2025.13,,
O105315,C00220,2026-05-05,completed,beauty,sbp,3,2.0,3961.23,13.0,4.0
O105316,C01841,2025-09-25,processing,electronics,wallet,1,27.0,791.16,11.0,
O105317,C01136,2024-11-15,completed,electronics,card,1,18.0,336.64,3.0,5.0
O105318,C01236,2025-02-23,delivered,beauty,card,3,14.0,816.79,16.0,2.0
O105319,C00683,2026-07-31,completed,home,card,1,17.0,402.24,15.0,3.0
O105320,C01654,2026-01-20,completed,beauty,card,3,0.0,1414.8,9.0,4.0
O105321,C01293,2025-11-10,completed,home,card,5,8.0,3624.76,12.0,4.0
O105322,C00516,2024-07-25,completed,electronics,sbp,2,2.0,1354.83,9.0,3.0
O105323,C99999,2026-03-06,delivered,home,wallet,4,3.0,385.93,7.0,4.0
O105324,C00008,2025-12-03,delivered,beauty,card,4,27.0,3347.64,2.0,4.0
O105325,C00482,2026-07-31,completed,electronics,card,4,19.0,2683.24,14.0,2.0
O105326,C00408,2025-03-25,processing,electronics,card,4,1.0,1054.51,4.0,
O105327,C01572,2025-08-21,delivered,home,cash,4,22.0,908.95,19.0,2.0
O105328,C01471,2026-07-31,completed,beauty,sbp,1,21.0,517.65,20.0,
O105329,C00183,2026-01-01,completed,clothing,card,5,5.0,2845.52,19.0,2.0
O105330,C01813,2026-07-08,completed,home,card,5,10.0,1020.27,12.0,3.0
O105331,C01637,2024-11-02,cancelled,electronics,cash,2,23.0,1032.52,,
O105332,C00870,2024-04-21,delivered,clothing,card,3,,1713.37,15.0,4.0
O105333,C00424,2026-05-29,completed,home,cash,5,20.0,4894.54,2.0,5.0
O105334,C00841,2024-09-20,completed,electronics,card,2,13.0,901.74,17.0,1.0
O105335,C01180,2024-06-18,completed,clothing,card,1,24.0,150.0,11.0,2.0
O105336,C01261,2025-05-22,completed,home,card,4,16.0,2411.31,12.0,3.0
O105337,C00695,2025-01-06,delivered,clothing,sbp,2,1.0,254.83,13.0,2.0
O105338,C00204,2026-06-07,processing,beauty,card,4,19.0,998.57,16.0,
O105339,C01220,2025-08-02,completed,toys,card,3,,501.7,19.0,1.0
O105340,C01411,2025-01-26,completed,home,card,4,24.0,2925.99,11.0,4.0
O105341,C00535,2025-09-03,completed,beauty,sbp,1,20.0,206.66,13.0,2.0
O105342,C01280,2026-04-20,completed,toys,card,3,3.0,3288.12,17.0,
O105343,C01138,2025-07-17,delivered,home,sbp,3,8.0,585.39,16.0,2.0
O105344,C01003,2025-09-17,Processing ,beauty,wallet,3,27.0,295.24,9.0,
O105345,C00017,2025-10-01,delivered,electronics,card,5,27.0,1865.16,15.0,3.0
O105346,C00615,2026-03-02,completed,beauty,wallet,3,1.0,510.96,3.0,4.0
O105347,C00749,2025-01-16,cancelled,electronics,card,5,18.0,7063.54,,
O105348,C01668,2026-07-31,cancelled,electronics,cash,2,25.0,572.21,,
O105349,C01653,2024-07-05,completed,home,card,5,4.0,6203.08,7.0,3.0
O105350,C01748,2025-08-10,processing,electronics,cash,1,29.0,385.78,10.0,
O105351,C00927,2025-07-05,delivered,electronics,cash,3,26.0,1965.61,13.0,2.0
O105352,C00654,2026-07-31,cancelled,home,card,5,17.0,1613.16,,
O105353,C00999,2026-07-31,delivered,electronics,card,5,22.0,16500.68,13.0,2.0
O105354,C01584,2025-02-06,completed,beauty,card,1,1.0,196.55,2.0,4.0
O105355,C01244,2025-11-11,cancelled,toys,card,2,8.0,150.0,,
O105356,C01203,2026-07-31,delivered,home,card,4,3.0,2427.1,2.0,
O105357,C00869,2025-04-15,processing,electronics,cash,1,16.0,217.03,7.0,
O105358,C01393,2026-07-31,completed,home,card,2,24.0,1160.48,6.0,3.0
O105359,C01735,2026-07-31,completed,electronics,card,5,12.0,2330.85,3.0,4.0
O105360,C01336,2026-07-31,delivered,home,wallet,5,12.0,1613.1,9.0,3.0
O105361,C00807,2025-12-16,delivered,electronics,card,3,0.0,1067.48,2.0,4.0
O105362,C01680,2025-12-28,completed,clothing,cash,3,4.0,2050.85,14.0,3.0
O105363,C01886,2025-03-02,delivered,electronics,card,2,14.0,738.14,2.0,4.0
O105364,C01594,2024-10-24,delivered,toys,cash,1,14.0,436.07,18.0,3.0
O105365,C01754,2025-07-26,delivered,electronics,sbp,4,7.0,1323.51,14.0,3.0
O105366,C00531,2026-03-27,completed,clothing,card,1,5.0,1812.94,7.0,2.0
O105367,C00843,2026-05-01,delivered,electronics,card,4,4.0,5619.37,11.0,3.0
O105368,C00499,2026-07-31,delivered,clothing,card,2,21.0,303.45,11.0,3.0
O105369,C00732,2025-03-31,cancelled,toys,card,4,2.0,1975.01,,
O105370,C01467,2025-12-28,delivered,electronics,cash,3,11.0,770.45,5.0,4.0
O105371,C01354,2026-07-31,Completed,electronics,cash,5,6.0,909.82,3.0,4.0
O105372,C00007,2024-04-29,completed,electronics,card,4,10.0,152.57,9.0,
O105373,C01511,2025-08-02,completed,home,card,5,23.0,1898.99,20.0,2.0
O105374,C00385,2024-05-03,completed,home,card,5,25.0,2019.31,6.0,5.0
O105375,C00372,2026-05-28,delivered,beauty,card,4,11.0,5831.42,10.0,
O105376,C01088,2026-07-31,cancelled,beauty,card,2,25.0,2278.1,,
O105377,C00483,2024-08-21,processing,electronics,card,1,4.0,730.31,16.0,
O105378,C01926,2024-07-24,delivered,toys,card,4,23.0,3556.79,4.0,4.0
O105379,C00293,2026-07-31,delivered,beauty,wallet,4,5.0,3895.84,5.0,5.0
O105380,C00304,2026-07-30,delivered,home,card,2,9.0,1455.68,4.0,4.0
O105381,C01522,2026-03-19,completed,clothing,card,1,20.0,1491.9,7.0,3.0
O105382,C00574,2024-02-19,delivered,home,card,5,9.0,892.27,5.0,4.0
O105383,C01429,2025-05-11,completed,home,cash,3,12.0,1000.93,3.0,5.0
O105384,C01363,2024-12-19,delivered,clothing,sbp,1,3.0,298.0,2.0,4.0
O105385,C00379,2025-03-21,processing,electronics,cash,5,19.0,1584.88,8.0,
O105386,C01160,2025-04-29,delivered,home,card,5,14.0,2182.3,6.0,4.0
O105387,C01074,2026-01-28,completed,home,card,3,1.0,5457.1,8.0,3.0
O105388,C00190,2025-03-31,delivered,electronics,sbp,2,7.0,2017.11,6.0,4.0
O105389,C01529,2025-01-11,processing,toys,sbp,2,22.0,2621.88,7.0,
O105390,C01715,2026-02-16,completed,electronics,wallet,4,11.0,1851.87,3.0,5.0
O105391,C01895,2024-08-02,processing,electronics,sbp,2,29.0,893.0,19.0,
O105392,C00176,2025-05-05,processing,clothing,card,3,28.0,2347.98,5.0,
O105393,C00358,2026-07-31,delivered,home,card,1,24.0,696.2,17.0,2.0
O105394,C01651,2024-12-06,completed,electronics,cash,3,27.0,2087.6,15.0,3.0
O105395,C00609,2026-07-31,completed,home,cash,2,22.0,6297.25,3.0,5.0
O105396,C01252,2025-05-25,completed,clothing,card,5,13.0,3936.79,10.0,2.0
O105397,C00697,2026-01-27,completed,electronics,cash,4,6.0,1050.06,8.0,4.0
O105398,C00436,2024-11-26,cancelled,electronics,wallet,3,19.0,841.75,,
O105399,C01250,2026-07-31,processing,clothing,card,3,,2898.93,7.0,
O105400,C00412,2025-07-27,completed,clothing,card,2,30.0,1815.6,13.0,3.0
O105401,C00273,2025-02-09,delivered,electronics,card,4,4.0,4312.53,19.0,1.0
O105402,C01061,2026-07-31,delivered,clothing,card,3,16.0,2242.44,7.0,4.0
O105403,C00387,2024-06-13,completed,clothing,sbp,1,,214.42,13.0,3.0
O105404,C00385,2024-02-09,delivered,toys,cash,1,16.0,1684.71,7.0,4.0
O105405,C01561,2024-10-09,processing,home,card,3,23.0,4328.24,18.0,
O105406,C01058,2026-07-31,completed,electronics,sbp,2,0.0,723.9,7.0,4.0
O105407,C01085,2025-05-15,completed,clothing,card,1,3.0,660.63,9.0,4.0
O105408,C00287,2025-01-29,delivered,electronics,card,2,1.0,1143.43,7.0,3.0
O105409,C00321,2025-05-21,completed,clothing,cash,5,23.0,1830.24,13.0,3.0
O105410,C00782,2025-10-19,processing,clothing,sbp,4,20.0,779.73,19.0,
O105411,C00777,2025-10-24,processing,toys,card,1,17.0,780.23,3.0,
O105412,C00904,2026-07-31,completed,clothing,card,5,13.0,746.84,7.0,3.0
O105413,C00269,2026-02-17,delivered,beauty,cash,5,30.0,1530.17,3.0,4.0
O105414,C01797,2026-06-16,cancelled,home,sbp,2,14.0,3876.18,,
O105415,C00726,2024-10-21,delivered,clothing,sbp,3,30.0,2062.53,13.0,3.0
O105416,C01633,2024-12-02,delivered,electronics,wallet,5,4.0,3347.48,14.0,3.0
O105417,C00801,2024-10-19,processing,electronics,card,3,2.0,1167.93,12.0,
O105418,C00945,2024-06-19,completed,beauty,card,5,25.0,706.52,16.0,2.0
O105419,C00225,2025-10-31,delivered,beauty,card,3,25.0,2059.13,18.0,1.0
O105420,C01354,2026-07-31,completed,clothing,card,4,19.0,2937.81,1.0,5.0
O105421,C00120,2024-08-05,completed,clothing,sbp,5,4.0,4650.73,14.0,3.0
O105422,C01496,2025-07-19,cancelled,electronics,card,4,,-1439.72,,
O105423,C01764,2026-02-16,delivered,clothing,card,1,17.0,355.33,5.0,4.0
O105424,C00724,2024-10-15,delivered,beauty,cash,4,24.0,3104.99,2.0,4.0
O105425,C01776,2025-04-08,completed,electronics,card,1,15.0,180.14,11.0,3.0
O105426,C01398,2026-06-21,cancelled,electronics,card,2,19.0,1888.62,,
O105427,C00006,2026-07-15,completed,home,cash,1,8.0,433.46,1.0,5.0
O105428,C00406,2025-06-09,delivered,clothing,sbp,5,0.0,3114.63,7.0,4.0
O105429,C01283,2025-12-14,completed,electronics,card,4,22.0,12487.13,14.0,2.0
O105430,C01404,2025-07-06,delivered,clothing,card,2,1.0,792.84,2.0,4.0
O105431,C00188,2025-09-14,delivered,home,card,5,16.0,2754.21,3.0,5.0
O105432,C01370,2026-01-17,completed,toys,card,1,13.0,504.7,6.0,4.0
O105433,C01621,2025-02-21,delivered,beauty,card,2,19.0,202.36,9.0,5.0
O105434,C00184,2025-12-02,completed,home,card,4,18.0,3214.63,9.0,4.0
O105435,C01760,2025-11-16,delivered,beauty,sbp,5,21.0,379.62,1.0,5.0
O105436,C01067,2026-07-31,delivered,home,cash,2,2.0,1806.45,7.0,5.0
O105437,C01234,2025-12-31,cancelled,clothing,card,4,12.0,1133.43,,
O105438,C00102,2025-02-17,completed,electronics,card,1,9.0,272.98,10.0,3.0
O105439,C01227,2024-11-17,completed,electronics,card,2,,955.65,14.0,4.0
O105440,C00909,2025-10-06,completed,clothing,wallet,1,29.0,170.6,11.0,3.0
O105441,C00743,2025-08-20,completed,toys,sbp,3,7.0,1351.53,3.0,4.0
O105442,C01561,2024-12-13,delivered,home,sbp,2,2.0,410.12,5.0,4.0
O105443,C00499,2026-07-31,completed,toys,card,1,5.0,175.66,4.0,4.0
O105444,C00120,2025-03-01,completed,electronics,sbp,2,22.0,827.49,13.0,4.0
O105445,C00999,2026-07-31,completed,electronics,card,1,23.0,1311.35,7.0,4.0
O105446,C01488,2024-12-21,delivered,toys,card,1,6.0,878.13,11.0,3.0
O105447,C00268,2025-10-27,delivered,clothing,card,4,7.0,1275.73,20.0,1.0
O105448,C01970,2024-06-22,completed,clothing,card,1,15.0,432.26,3.0,5.0
O105449,C01345,2024-10-29,processing,electronics,card,1,11.0,319.13,18.0,
O105450,C01869,2024-05-01,completed,beauty,card,4,,758.17,12.0,3.0
O105451,C00941,2026-03-19,delivered,electronics,card,4,13.0,852.81,10.0,4.0
O105452,C00247,2026-07-31,completed,toys,card,1,16.0,608.96,14.0,3.0
O105453,C00356,2026-07-31,cancelled,electronics,card,2,25.0,549.44,,
O105454,C01002,2026-07-01,completed,electronics,card,4,20.0,1877.66,14.0,2.0
O105455,C01177,2024-12-04,processing,beauty,cash,1,26.0,217.78,1.0,
O105456,C01469,2026-07-06,delivered,clothing,card,5,7.0,4641.78,19.0,3.0
O105457,C01591,2026-03-10,delivered,electronics,card,4,6.0,3286.22,3.0,4.0
O105458,C01526,2025-01-12,delivered,home,wallet,4,15.0,6847.25,10.0,4.0
O105459,C01178,2025-04-03,completed,electronics,card,5,,7322.62,15.0,1.0
O105460,C00037,2026-05-10,completed,electronics,card,2,25.0,471.46,17.0,2.0
O105461,C01060,2025-05-24,processing,electronics,card,2,7.0,495.31,18.0,
O105462,C01639,2024-10-17,cancelled,clothing,card,3,13.0,1958.05,,
O105463,C01696,2026-02-20,completed,electronics,card,4,30.0,969.94,3.0,4.0
O105464,C01669,2025-10-15,completed,beauty,sbp,1,10.0,594.78,8.0,4.0
O105465,C00022,2025-09-29,completed,beauty,sbp,4,16.0,1494.16,16.0,2.0
O105466,C00871,2025-06-05,cancelled,electronics,card,5,14.0,5129.42,,
O105467,C01234,2025-11-15,delivered,clothing,card,4,0.0,4198.59,2.0,5.0
O105468,C00496,2025-03-22,delivered,home,card,1,6.0,385.63,8.0,3.0
O105469,C00820,2026-07-31,completed,home,cash,1,2.0,150.0,7.0,3.0
O105470,C00195,2026-07-31,processing,clothing,sbp,2,29.0,2211.53,18.0,
O105471,C00388,2026-02-17,completed,home,card,2,26.0,604.42,16.0,3.0
O105472,C00012,2026-07-31,completed,electronics,sbp,1,7.0,483.58,14.0,2.0
O105473,C01960,2025-05-02,processing,clothing,card,4,12.0,1766.8,10.0,
O105474,C01720,2026-02-28,delivered,electronics,cash,5,26.0,3350.06,2.0,4.0
O105475,C00808,2025-03-21,delivered,toys,card,2,28.0,598.99,15.0,2.0
O105476,C00009,2025-03-08,cancelled,clothing,card,1,17.0,201.35,,
O105477,C00671,2026-07-31,completed,home,cash,4,20.0,2225.05,6.0,5.0
O105478,C00869,2025-11-20,completed,clothing,cash,1,,954.51,7.0,4.0
O105479,C00339,2024-07-10,completed,electronics,sbp,2,16.0,893.0,14.0,2.0
O105480,C01324,2026-07-31,completed,electronics,card,1,9.0,445.41,1.0,5.0
O105481,C01996,2024-07-13,delivered,electronics,card,4,25.0,762.86,16.0,3.0
O105482,C01688,2025-06-25,delivered,home,cash,5,26.0,3717.07,12.0,3.0
O105483,C01713,2026-07-31,completed,home,card,2,22.0,1575.36,4.0,5.0
O105484,C01662,2026-07-04,cancelled,electronics,wallet,3,24.0,1356.7,,
O105485,C00140,2025-08-19,completed,clothing,sbp,3,18.0,677.99,4.0,4.0
O105486,C01103,2026-05-23,completed,clothing,card,5,18.0,2630.43,6.0,3.0
O105487,C01132,2026-01-12,completed,home,card,4,2.0,2250.72,1.0,5.0
O105488,C00202,2026-06-19,cancelled,clothing,cash,5,4.0,2384.29,,
O105489,C00295,2025-10-30,delivered,beauty,card,2,24.0,414.32,8.0,4.0
O105490,C01131,2025-04-01,processing,clothing,card,4,29.0,2414.44,14.0,
O105491,C01432,2024-07-16,cancelled,clothing,card,5,25.0,2806.16,,
O105492,C00419,2024-11-28,cancelled,home,card,1,21.0,688.84,,
O105493,C00969,2026-07-31,cancelled,beauty,sbp,3,27.0,1325.56,,
O105494,C00151,2026-04-11,delivered,clothing,card,5,16.0,6879.36,4.0,3.0
O105495,C00221,2024-05-06,processing,electronics,sbp,3,3.0,1476.01,6.0,
O105496,C01161,2025-09-25,delivered,electronics,sbp,3,8.0,4512.57,9.0,3.0
O105497,C01115,2025-02-16,completed,clothing,sbp,4,30.0,2355.68,20.0,3.0
O105498,C01501,2025-12-14,completed,home,sbp,3,26.0,585.21,19.0,1.0
O105499,C01822,2026-04-19,cancelled,home,card,3,13.0,2884.95,,
O105500,C00380,2025-04-26,completed,electronics,card,4,2.0,1472.82,4.0,5.0
O105501,C00683,2026-07-31,cancelled,electronics,cash,1,6.0,345.4,,
O105502,C01712,2025-11-22,processing,home,card,4,24.0,4522.28,1.0,
O105503,C00102,2024-07-07,completed,home,card,5,22.0,906.79,18.0,2.0
O105504,C01657,2026-04-01,completed,beauty,wallet,5,26.0,606.68,2.0,5.0
O105505,C01891,2025-05-19,completed,home,cash,4,24.0,1654.08,20.0,1.0
O105506,C00200,2026-07-31,delivered,electronics,card,5,24.0,3135.67,4.0,4.0
O105507,C00284,2025-10-12,delivered,home,cash,3,0.0,2959.15,13.0,
O105508,C01369,2026-07-31,completed,clothing,sbp,3,8.0,1659.86,17.0,3.0
O105509,C00951,2024-11-17,delivered,home,wallet,4,10.0,325.63,8.0,4.0
O105510,C01976,2024-11-14,delivered,clothing,cash,1,19.0,226.6,6.0,4.0
O105511,C01090,2025-02-17,completed,beauty,card,3,14.0,539.62,18.0,1.0
O105512,C01311,2025-07-22,completed,electronics,sbp,5,4.0,545.27,14.0,3.0
O105513,C00475,2026-03-17,completed,electronics,cash,1,26.0,430.04,6.0,4.0
O105514,C00649,2026-07-31,cancelled,electronics,card,1,11.0,741.54,,
O105515,C00355,2026-07-31,completed,beauty,sbp,4,0.0,4286.66,7.0,3.0
O105516,C00294,2025-03-17,completed,home,card,3,25.0,2198.97,6.0,5.0
O105517,C00227,2026-07-31,completed,electronics,wallet,4,23.0,1261.22,13.0,2.0
O105518,C01786,2025-03-07,delivered,electronics,wallet,1,29.0,1171.32,8.0,3.0
O105519,C00140,2025-05-05,cancelled,electronics,card,3,28.0,1249.26,,
O105520,C01033,2026-07-31,completed,home,card,2,12.0,1034.34,14.0,3.0
O105521,C01017,2025-07-08,delivered,clothing,card,5,29.0,1450.44,3.0,
O105522,C00112,2026-07-07,delivered,home,card,3,24.0,1215.1,3.0,4.0
O105523,C01685,2025-02-05,cancelled,home,card,1,6.0,351.8,,
O105524,C01002,2026-07-06,delivered,beauty,card,4,21.0,652.68,7.0,5.0
O105525,C00254,2025-02-30,delivered,clothing,card,4,19.0,3281.06,3.0,5.0
O105526,C00258,2024-12-25,completed,beauty,sbp,5,8.0,2817.43,13.0,
O105527,C01402,2025-02-09,completed,clothing,card,3,14.0,2792.03,18.0,1.0
O105528,C01240,2024-09-26,cancelled,home,card,5,6.0,1402.85,,
O105529,C00826,2024-06-16,completed,home,card,2,19.0,1732.85,18.0,2.0
O105530,C00811,2024-03-03,completed,toys,card,3,,421.4,2.0,5.0
O105531,C00071,2026-07-31,delivered,clothing,card,2,16.0,1519.74,11.0,5.0
O105532,C00064,2026-07-31,processing,home,sbp,2,20.0,1692.2,15.0,
O105533,C01072,2024-08-10,completed,home,card,3,28.0,644.08,2.0,5.0
O105534,C00728,2024-12-27,cancelled,toys,wallet,3,12.0,3611.98,,
O105535,C00505,2025-02-11,completed,electronics,card,5,22.0,8571.74,6.0,4.0
O105536,,2025-03-03,cancelled,home,card,2,15.0,622.21,,
O105537,C01211,2026-06-03,cancelled,electronics,sbp,4,16.0,6284.32,,
O105538,C00587,2025-11-03,cancelled,beauty,card,3,,378.89,,
O105539,C00699,2024-11-21,processing,beauty,card,5,30.0,2209.29,2.0,
O105540,C00566,2024-12-03,processing,home,card,5,17.0,304.34,18.0,
O105541,C01333,2025-10-05,processing,clothing,sbp,2,29.0,2073.23,8.0,
O105542,C00110,2025-10-21,delivered,home,card,3,20.0,-434.56,11.0,2.0
O105543,C01838,2025-03-24,delivered,home,card,2,4.0,206.89,4.0,4.0
O105544,C01110,2024-09-26,completed,electronics,sbp,1,19.0,607.81,9.0,3.0
O105545,C00490,2025-12-16,completed,beauty,cash,5,,5644.65,12.0,4.0
O105546,C01519,2025-10-14,delivered,clothing,sbp,4,24.0,1426.11,20.0,
O105547,C01880,2024-04-05,completed,electronics,card,5,29.0,2747.6,18.0,2.0
O105548,C00117,2024-02-05,processing,home,cash,2,1.0,4034.63,19.0,
O105549,C00409,2026-07-31,completed,electronics,card,2,26.0,460.63,18.0,1.0
O105550,C00288,2025-11-03,completed,home,card,2,18.0,449.44,6.0,4.0
O105551,C00142,2025-02-09,completed,clothing,card,2,,2348.77,2.0,5.0
O105552,C01478,2025-05-05,completed,home,wallet,4,12.0,2358.45,10.0,3.0
O105553,C00386,2024-04-22,completed,electronics,card,5,19.0,7702.57,2.0,5.0
O105554,C00768,2025-11-23,delivered,home,card,1,5.0,174.76,14.0,3.0
O105555,C01630,2024-06-14,completed,home,card,1,2.0,150.0,15.0,2.0
O105556,C01224,2026-06-01,cancelled,home,cash,4,1.0,625.79,,
O105557,C01356,2025-04-02,completed,clothing,cash,1,0.0,867.29,1.0,5.0
O105558,C00196,2025-02-22,delivered,home,card,5,14.0,6437.44,1.0,5.0
O105559,C01942,2024-11-18,delivered,clothing,card,1,9.0,1160.44,10.0,4.0
O105560,C00166,2026-07-31,completed,electronics,card,2,9.0,1536.82,9.0,3.0
O105561,C01420,2025-03-11,completed,electronics,card,2,,2684.9,14.0,3.0
O105562,C01279,2024-06-20,cancelled,clothing,cash,3,28.0,909.32,,
O105563,C00826,2024-08-22,delivered,beauty,card,5,28.0,503.09,8.0,4.0
O105564,C01677,2024-07-14,completed,clothing,card,3,18.0,405.49,17.0,2.0
O105565,C01785,2026-04-16,delivered,home,card,2,12.0,308.15,9.0,2.0
O105566,C00141,2026-07-31,completed,home,card,4,12.0,419.13,14.0,4.0
O105567,C01917,2025-02-20,completed,clothing,cash,3,19.0,497.8,9.0,2.0
O105568,C00483,2024-12-30,completed,electronics,cash,5,28.0,1175.04,2.0,5.0
O105569,C01584,2025-03-25,cancelled,clothing,sbp,5,16.0,4003.24,,
O105570,C01642,2024-11-29,completed,clothing,card,5,12.0,3117.78,20.0,1.0
O105571,C01114,2025-04-02,delivered,electronics,cash,1,7.0,1647.12,9.0,3.0
O105572,C01727,2026-07-31,completed,beauty,card,2,2.0,365.57,12.0,3.0
O105573,C01652,2024-11-09,completed,toys,card,1,9.0,664.15,17.0,3.0
O105574,C01046,2024-08-23,completed,electronics,cash,3,24.0,4236.39,11.0,3.0
O105575,C00359,2024-07-07,delivered,electronics,card,5,11.0,1637.17,17.0,2.0
O105576,C00870,2025-01-18,cancelled,home,card,1,26.0,345.1,,
O105577,C01801,2024-06-15,cancelled,toys,card,5,23.0,7441.49,,
O105578,C00406,2025-05-05,completed,toys,cash,1,24.0,370.66,8.0,4.0
O105579,C02000,2025-03-30,completed,toys,card,3,20.0,4652.67,7.0,4.0
O105580,C00364,2026-07-31,completed,clothing,sbp,2,0.0,301.26,8.0,4.0
O105581,C01331,2025-05-10,cancelled,toys,card,5,14.0,8998.01,,
O105582,C01282,2026-06-25,delivered,clothing,card,2,22.0,2694.81,9.0,4.0
O105583,C00392,2024-10-13,cancelled,electronics,card,1,30.0,229.27,,
O105584,C00945,2024-09-14,completed,home,sbp,3,23.0,1155.2,18.0,1.0
O105585,C00289,2025-10-21,delivered,home,cash,1,9.0,182.57,10.0,2.0
O105586,C00730,2025-10-13,delivered,beauty,card,4,17.0,1328.01,12.0,4.0
O105587,C01919,2025-07-06,delivered,home,sbp,1,22.0,150.0,3.0,4.0
O105588,C00109,2025-06-13,delivered,beauty,card,2,26.0,237.23,9.0,3.0
O105589,C01743,2025-12-14,completed,clothing,wallet,3,3.0,542.12,14.0,3.0
O105590,C01356,2025-06-20,completed,electronics,card,5,,5647.16,16.0,2.0
O105591,C01498,2026-07-31,processing,beauty,card,4,14.0,445.05,2.0,
O105592,C00565,2026-03-27,completed,clothing,sbp,5,27.0,7388.3,11.0,2.0
O105593,C01899,2026-04-08,delivered,electronics,card,5,24.0,5120.84,20.0,2.0
O105594,C00507,2025-08-04,processing,clothing,cash,4,16.0,5654.58,9.0,
O105595,C01007,2026-07-27,delivered,beauty,card,2,14.0,1298.45,7.0,4.0
O105596,C00074,2025-02-03,delivered,toys,card,2,8.0,3686.61,15.0,
O105597,C01776,2025-04-13,completed,beauty,card,5,18.0,782.12,4.0,4.0
O105598,,2025-06-07,cancelled,home,card,2,9.0,2944.87,,
O105599,C00326,2025-01-27,processing,beauty,card,5,14.0,28073.81,12.0,
O105600,C01325,2026-07-31,processing,electronics,card,1,7.0,399.09,8.0,
O105601,,2026-04-15,completed,home,cash,5,6.0,2357.02,16.0,1.0
O105602,C00889,2025-01-10,processing,home,card,2,28.0,471.55,6.0,
O105603,C01025,2026-07-31,completed,toys,card,4,27.0,2078.5,15.0,3.0
O105604,C01863,2026-04-12,delivered,electronics,sbp,5,17.0,2859.36,11.0,4.0
O105605,C00666,2025-12-30,completed,toys,card,5,20.0,372.05,6.0,3.0
O105606,C00026,2025-11-17,completed,home,sbp,3,0.0,2412.06,20.0,2.0
O105607,C00866,2025-12-20,delivered,electronics,card,1,23.0,1197.13,11.0,3.0
O105608,C01854,2025-05-14,delivered,clothing,sbp,3,29.0,730.46,15.0,2.0
O105609,C01597,2025-10-21,processing,electronics,cash,4,29.0,1403.55,14.0,
O105610,C00119,2025-06-18,completed,home,card,3,1.0,2913.69,19.0,2.0
O105611,C00107,2026-07-31,cancelled,clothing,card,4,21.0,937.23,,
O105612,C01514,2025-05-08,delivered,beauty,card,4,14.0,3572.09,4.0,5.0
O105613,C01442,2025-08-02,completed,home,card,1,2.0,619.47,10.0,4.0
O105614,C01115,2024-10-01,completed,beauty,card,5,24.0,15952.16,14.0,2.0
O105615,C00177,2026-06-18,cancelled,clothing,cash,2,19.0,889.44,,
O105616,C00561,2026-01-03,cancelled,beauty,cash,1,8.0,321.49,,
O105617,C01696,2026-03-30,completed,beauty,card,2,15.0,1200.93,9.0,4.0
O105618,C00279,2024-09-23,completed,home,cash,5,10.0,2702.61,4.0,4.0
O105619,C00404,2026-07-31,delivered,electronics,card,4,6.0,7272.49,13.0,4.0
O105620,C00905,2025-11-24,delivered,toys,card,3,13.0,5230.08,7.0,3.0
O105621,C01470,2024-11-25,delivered,beauty,card,3,18.0,824.65,3.0,5.0
O105622,C01657,2026-05-24,cancelled,beauty,card,2,1.0,845.03,,
O105623,C01184,2025-03-07,completed,electronics,card,5,20.0,1413.39,19.0,1.0
O105624,C00985,2025-12-03,completed,beauty,card,3,15.0,735.99,4.0,3.0
O105625,C00772,2026-07-31,completed,electronics,card,1,17.0,150.0,4.0,5.0
O105626,C00088,2025-02-10,processing,clothing,wallet,3,4.0,5708.32,3.0,
O105627,C00536,2024-11-25,delivered,home,cash,1,4.0,288.22,4.0,5.0
O105628,C00430,2026-07-31,completed,clothing,wallet,1,16.0,344.85,9.0,3.0
O105629,C00115,2026-01-24,cancelled,electronics,card,2,19.0,9038.71,,
O105630,C01491,2025-05-11,delivered,clothing,sbp,1,19.0,295.26,3.0,5.0
O105631,C00707,2024-09-24,completed,electronics,card,5,0.0,2128.09,5.0,5.0
O105632,C01020,2024-09-13,completed,home,card,4,14.0,2440.64,1.0,4.0
O105633,C00402,2026-06-27,cancelled,electronics,card,3,4.0,1937.36,,
O105634,C01183,2026-02-27,delivered,clothing,card,4,16.0,1201.54,7.0,4.0
O105635,C00272,2024-11-11,completed,home,card,4,24.0,4841.22,15.0,2.0
O105636,C01356,2026-03-25,completed,toys,cash,4,29.0,2241.2,14.0,3.0
O105637,C01477,2025-08-28,completed,clothing,sbp,3,15.0,1617.24,4.0,5.0
O105638,C00623,2025-02-17,delivered,clothing,card,2,15.0,574.88,3.0,4.0
O105639,C00426,2024-07-21,completed,toys,sbp,1,18.0,443.87,19.0,1.0
O105640,C01561,2025-02-15,completed,toys,card,3,1.0,3224.01,10.0,4.0
O105641,C00447,2025-08-26,CANCELED,home,card,4,10.0,4310.02,,
O105642,C00357,2025-01-23,processing,clothing,card,5,9.0,1747.87,14.0,
O105643,C00681,2026-05-01,delivered,electronics,card,2,17.0,530.56,11.0,
O105644,C01934,2026-07-31,completed,home,card,5,4.0,4975.39,14.0,2.0
O105645,C00926,2026-07-31,delivered,beauty,card,1,1.0,999999.99,3.0,5.0
O105646,C00526,2025-09-29,Completed,toys,card,2,10.0,1987.48,19.0,1.0
O105647,C01028,2025-02-02,cancelled,electronics,sbp,5,0.0,1134.91,,
O105648,C00697,2026-07-31,processing,electronics,sbp,1,21.0,484.36,16.0,
O105649,C01330,2025-06-09,delivered,beauty,wallet,3,28.0,2987.15,13.0,2.0
O105650,C00878,2026-04-04,Completed,beauty,card,4,21.0,1114.99,9.0,5.0
O105651,C01178,2024-10-21,completed,home,card,1,8.0,2230.13,3.0,
O105652,C00873,2024-10-13,cancelled,electronics,card,1,21.0,1815.62,,
O105653,C00964,2024-12-13,delivered,home,cash,2,24.0,837.2,10.0,3.0
O105654,C00895,2026-06-27,completed,clothing,card,5,27.0,2104.98,16.0,3.0
O105655,C00788,2025-11-09,delivered,clothing,sbp,4,16.0,2548.43,1.0,5.0
O105656,C01928,2024-10-15,completed,electronics,wallet,2,,1129.05,9.0,3.0
O105657,C00532,2025-02-24,delivered,clothing,card,2,2.0,2604.07,2.0,5.0
O105658,C01611,2026-07-31,completed,clothing,wallet,1,14.0,243.55,13.0,3.0
O105659,C01420,2025-06-20,completed,electronics,card,3,1.0,736.89,4.0,5.0
O105660,C01056,2026-07-31,completed,clothing,card,5,11.0,3060.17,11.0,2.0
O105661,C00636,2026-01-05,completed,electronics,card,1,1.0,732.13,9.0,3.0
O105662,C00968,2025-07-31,completed,clothing,card,2,11.0,957.61,11.0,2.0
O105663,C01700,2026-07-31,delivered,toys,card,2,15.0,2017.38,17.0,
O105664,C00364,2026-07-31,delivered,home,card,1,10.0,1471.28,4.0,5.0
O105665,C01173,2025-05-29,delivered,electronics,card,5,,4478.99,14.0,1.0
O105666,C01530,2026-07-23,completed,home,card,5,22.0,3315.67,8.0,3.0
O105667,C01268,2025-07-03,cancelled,electronics,cash,2,30.0,828.74,,
O105668,C00289,2025-12-22,cancelled,clothing,card,1,8.0,523.23,,
O105669,C01018,2025-11-30,delivered,electronics,card,3,3.0,495.52,2.0,5.0
O105670,C00367,2025-12-17,delivered,toys,wallet,3,1.0,570.76,7.0,4.0
O105671,C01858,2026-02-17,cancelled,electronics,sbp,1,12.0,1348.8,,
O105672,C00704,2025-04-11,delivered,beauty,wallet,2,15.0,4007.96,11.0,3.0
O105673,C00844,2024-07-05,completed,home,card,5,0.0,825.89,9.0,3.0
O105674,C01715,2026-02-11,delivered,clothing,card,1,15.0,762.96,18.0,
O105675,C00854,2025-01-27,completed,beauty,sbp,5,19.0,727.62,19.0,1.0
O105676,C00388,2026-07-31,cancelled,clothing,wallet,1,14.0,1841.57,,
O105677,C01787,2024-08-19,delivered,home,card,3,2.0,1458.65,13.0,2.0
O105678,C01296,2026-02-19,processing,beauty,wallet,1,14.0,3697.53,3.0,
O105679,C01210,2026-07-31,completed,electronics,card,4,21.0,1184.4,5.0,4.0
O105680,C00152,2025-04-02,delivered,electronics,sbp,3,15.0,983.21,5.0,3.0
O105681,C00899,2025-01-19,delivered,beauty,card,4,22.0,2713.42,1.0,5.0
O105682,C00919,2025-02-05,cancelled,electronics,card,5,29.0,5076.63,,
O105683,C00525,2025-04-03,cancelled,toys,card,5,30.0,4714.64,,
O105684,C01129,2025-12-14,completed,clothing,card,4,7.0,4296.23,8.0,5.0
O105685,C00491,2026-07-31,processing,clothing,cash,2,6.0,822.49,4.0,
O105686,C00942,2025-04-05,processing,clothing,card,4,5.0,4336.01,20.0,
O105687,C01603,2026-03-20,processing,clothing,card,3,20.0,8755.62,13.0,
O105688,C01471,2026-05-07,delivered,toys,cash,4,18.0,3741.59,2.0,4.0
O105689,C00559,2026-07-31,cancelled,electronics,card,4,9.0,1024.44,,
O105690,C00416,2025-09-13,completed,home,card,4,4.0,2773.48,18.0,1.0
O105691,C00012,2026-07-31,completed,electronics,card,4,9.0,411.63,1.0,5.0
O105692,C00692,2026-07-31,completed,electronics,card,3,4.0,2592.82,12.0,3.0
O105693,C00039,2025-05-15,delivered,electronics,card,1,26.0,150.0,12.0,3.0
O105694,C00257,2025-11-11,CANCELED,home,wallet,5,15.0,4376.77,,
O105695,C01957,2025-12-24,delivered,home,wallet,1,27.0,477.1,4.0,3.0
O105696,C01712,2025-08-12,delivered,electronics,card,4,27.0,4403.41,20.0,
O105697,C01120,2025-04-02,cancelled,toys,card,2,8.0,1024.5,,
O105698,C01550,2024-03-17,delivered,clothing,sbp,4,3.0,6105.43,2.0,5.0
O105699,C00979,2025-08-12,delivered,beauty,card,3,18.0,2336.97,20.0,1.0
O105700,C01203,2026-07-31,delivered,electronics,card,1,4.0,1189.52,16.0,2.0
O105701,C01836,2024-11-03,delivered,home,wallet,5,22.0,1811.96,17.0,2.0
O105702,C00158,2026-03-02,delivered,clothing,sbp,4,21.0,1389.78,19.0,
O105703,C00704,2024-12-13,cancelled,clothing,wallet,2,10.0,323.14,,
O105704,C00239,2025-09-26,delivered,beauty,card,2,15.0,396.67,20.0,
O105705,C01590,2024-02-15,completed,home,card,3,4.0,1597.45,1.0,5.0
O105706,C01646,2025-01-07,delivered,clothing,sbp,4,7.0,2077.06,6.0,5.0
O105707,C01444,2025-04-07,processing,home,card,5,25.0,3398.44,20.0,
O105708,C01218,2026-03-29,completed,clothing,sbp,5,11.0,1419.71,10.0,3.0
O105709,C00955,2026-07-31,cancelled,electronics,card,1,16.0,564.63,,
O105710,C00048,2026-07-31,delivered,home,sbp,1,25.0,1447.04,10.0,3.0
O105711,C01550,2024-04-29,completed,toys,card,1,8.0,697.19,2.0,5.0
O105712,C01788,2024-04-30,delivered,electronics,card,2,15.0,1017.61,11.0,3.0
O105713,C01932,2025-08-05,completed,home,wallet,1,0.0,619.48,7.0,4.0
O105714,,2026-07-31,completed,beauty,cash,5,3.0,6665.01,7.0,3.0
O105715,C00402,2026-02-16,completed,home,card,4,26.0,2265.51,3.0,4.0
O105716,C01308,2024-09-21,delivered,clothing,wallet,1,25.0,325.23,16.0,2.0
O105717,C00036,2024-10-15,delivered,electronics,cash,5,13.0,1639.16,7.0,3.0
O105718,C00121,2025-10-20,delivered,electronics,card,4,12.0,1275.37,11.0,3.0
O105719,C01643,2025-11-08,delivered,clothing,card,2,17.0,625.03,3.0,5.0
O105720,C01914,2025-12-28,completed,home,sbp,2,16.0,1853.63,2.0,
O105721,C99999,2025-03-12,cancelled,clothing,card,4,4.0,7682.9,,
O105722,C01016,2026-07-31,processing,clothing,cash,3,5.0,1066.08,4.0,
O105723,C01089,2026-03-09,cancelled,home,wallet,5,2.0,1197.16,,
O105724,C00277,2026-01-16,completed,electronics,card,5,18.0,891.75,13.0,1.0
O105725,C00445,2025-07-17,processing,home,sbp,5,11.0,9804.36,6.0,
O105726,C00597,2025-12-12,cancelled,home,sbp,4,18.0,4270.43,,
O105727,C01684,2026-01-20,completed,home,card,4,7.0,1143.08,7.0,4.0
O105728,C00877,2025-11-02,completed,clothing,cash,3,11.0,1653.82,16.0,3.0
O105729,C01443,2026-07-31,completed,clothing,sbp,4,1.0,6055.24,19.0,2.0
O105730,C00389,2026-05-29,delivered,clothing,card,4,12.0,1873.09,20.0,
O105731,C01907,2025-05-10,delivered,beauty,card,3,5.0,2947.52,4.0,4.0
O105732,C01767,2025-05-21,completed,home,card,2,29.0,869.79,14.0,3.0
O105733,C99999,2025-03-16,completed,home,card,5,20.0,1945.13,17.0,1.0
O105734,C00452,2026-07-16,delivered,electronics,card,1,16.0,150.0,14.0,2.0
O105735,C01954,2025-03-28,delivered,beauty,cash,1,7.0,356.5,17.0,
O105736,C01617,2026-06-06,delivered,clothing,card,4,9.0,1283.56,4.0,
O105737,C01022,2024-07-25,completed,electronics,card,2,29.0,1494.4,12.0,3.0
O105738,C00536,2025-01-15,delivered,electronics,card,5,6.0,3008.61,1.0,5.0
O105739,C01243,2026-07-31,processing,beauty,cash,1,27.0,577.22,9.0,
O105740,C00741,2026-07-31,completed,home,sbp,4,27.0,4223.02,3.0,5.0
O105741,C01349,2026-05-29,delivered,beauty,sbp,2,10.0,151.9,9.0,3.0
O105742,C01665,2026-02-01,completed,home,cash,3,5.0,1420.85,14.0,3.0
O105743,C00980,2026-01-22,completed,beauty,card,3,24.0,579.86,19.0,3.0
O105744,C00097,2024-09-25,cancelled,home,wallet,1,27.0,181.05,,
O105745,C01126,2026-07-27,processing,home,sbp,3,5.0,1171.63,20.0,
O105746,C01718,2025-08-19,completed,electronics,wallet,1,28.0,501.36,2.0,4.0
O105747,C00447,2025-01-18,completed,home,cash,5,14.0,3682.4,15.0,2.0
O105748,C01919,2025-12-27,completed,home,card,2,23.0,1396.81,19.0,1.0
O105749,C00725,2026-06-11,delivered,electronics,card,1,13.0,254.37,18.0,1.0
O105750,C01369,2026-07-31,completed,electronics,card,5,21.0,2104.47,8.0,4.0
O105751,C01404,2025-03-09,delivered,clothing,card,4,27.0,6222.63,16.0,2.0
O105752,C00365,2024-11-26,completed,electronics,card,3,6.0,5376.21,14.0,2.0
O105753,C00078,2025-04-09,delivered,home,wallet,3,12.0,1156.43,15.0,2.0
O105754,C01898,2026-06-09,processing,clothing,card,5,16.0,2653.72,16.0,
O105755,C01401,2026-04-21,completed,toys,card,3,5.0,721.68,5.0,4.0
O105756,C01263,2025-03-14,cancelled,clothing,cash,1,3.0,1120.83,,
O105757,C00608,2025-10-11,cancelled,home,card,4,21.0,12570.5,,
O105758,C00217,2025-02-14,completed,home,card,3,25.0,963.41,13.0,2.0
O105759,C00544,2025-05-24,processing,home,cash,1,19.0,1262.66,5.0,
O105760,C01096,2024-10-04,delivered,clothing,card,2,18.0,1776.57,3.0,4.0
O105761,C01387,2025-12-06,delivered,clothing,card,2,9.0,861.7,16.0,2.0
O105762,C00639,2026-06-24,delivered,electronics,card,5,27.0,1411.73,8.0,3.0
O105763,C00430,2026-01-08,completed,home,card,5,,17892.76,7.0,4.0
O105764,C00500,2025-06-23,completed,clothing,card,1,15.0,909.52,20.0,1.0
O105765,,2026-01-07,completed,clothing,card,2,19.0,2121.83,15.0,3.0
O105766,C01262,2026-07-31,delivered,toys,wallet,1,24.0,416.02,15.0,2.0
O105767,C01982,2025-10-18,processing,home,card,2,4.0,1034.78,7.0,
O105768,C00013,2025-12-03,completed,electronics,card,1,17.0,186.15,3.0,5.0
O105769,C00917,2026-02-08,completed,clothing,card,3,6.0,2717.09,2.0,4.0
O105770,C00915,2026-05-18,completed,home,cash,1,11.0,365.17,16.0,2.0
O105771,C00803,2025-05-24,processing,beauty,card,3,20.0,650.28,18.0,
O105772,C00784,2024-09-04,completed,beauty,cash,2,,497.3,17.0,2.0
O105773,C00159,2026-02-10,processing,clothing,sbp,4,18.0,13558.67,9.0,
O105774,C00065,2025-04-11,completed,toys,card,5,28.0,1941.96,8.0,3.0
O105775,C01557,2026-06-01,completed,electronics,sbp,5,1.0,3307.68,5.0,5.0
O105776,C00882,2026-07-08,completed,electronics,card,5,6.0,947.16,18.0,2.0
O105777,C00326,2024-12-18,delivered,electronics,sbp,3,7.0,1270.73,11.0,3.0
O105778,C00696,2025-02-10,completed,clothing,cash,3,22.0,493.83,3.0,
O105779,C01867,2025-03-29,processing,clothing,card,3,2.0,1990.38,3.0,
O105780,C00936,2026-07-31,delivered,electronics,card,5,6.0,1189.18,2.0,4.0
O105781,C01982,2026-02-17,completed,electronics,card,2,30.0,1866.2,1.0,5.0
O105782,C00324,2026-05-12,delivered,electronics,card,2,12.0,235.42,15.0,2.0
O105783,C00245,2025-10-31,completed,toys,card,2,14.0,594.36,1.0,5.0
O105784,C01128,2025-10-08,delivered,home,cash,5,28.0,6315.89,15.0,2.0
O105785,C01367,2024-10-02,cancelled,home,card,2,15.0,3359.72,,
O105786,C01963,2024-09-26,processing,beauty,card,2,6.0,990.22,17.0,
O105787,C00932,2025-10-02,delivered,home,card,2,4.0,722.33,16.0,2.0
O105788,C00401,2026-07-31,completed,electronics,sbp,3,9.0,1622.63,16.0,1.0
O105789,C01083,2026-07-31,completed,toys,card,4,14.0,10177.06,17.0,2.0
O105790,C00614,2025-09-07,completed,clothing,card,1,19.0,397.52,2.0,5.0
O105791,C00360,2026-05-24,delivered,clothing,wallet,2,29.0,988.23,10.0,3.0
O105792,C00177,2026-07-31,completed,beauty,card,5,13.0,1061.16,7.0,3.0
O105793,C01448,2026-07-31,completed,electronics,card,4,26.0,1146.14,11.0,3.0
O105794,C01286,2024-04-11,processing,clothing,wallet,2,0.0,1401.97,8.0,
O105795,C00334,2026-07-31,processing,beauty,cash,5,14.0,5033.78,4.0,
O105796,C01118,2025-10-08,completed,clothing,card,2,12.0,1255.21,13.0,2.0
O105797,C01771,2025-08-09,processing,clothing,card,4,27.0,3830.84,10.0,
O105798,C01637,2025-03-11,cancelled,toys,card,2,29.0,442.63,,
O105799,C00908,2025-05-09,completed,beauty,sbp,4,13.0,817.79,12.0,3.0
O105800,C00115,2025-11-25,processing,beauty,card,3,,2790.96,3.0,
O105801,C01270,2024-08-18,processing,electronics,sbp,1,18.0,336.66,17.0,
O105802,C01033,2026-03-17,delivered,beauty,card,3,13.0,577.67,13.0,3.0
O105803,C01844,2026-07-23,cancelled,home,card,3,11.0,1738.68,,
O105804,C01107,2025-05-21,completed,home,card,4,0.0,2111.12,10.0,3.0
O105805,C01476,2025-04-26,delivered,electronics,card,5,21.0,2116.58,17.0,2.0
O105806,C01057,2025-03-03,delivered,home,sbp,5,11.0,8769.58,5.0,3.0
O105807,C01082,2026-07-31,delivered,electronics,card,2,21.0,4415.48,20.0,1.0
O105808,C00635,2025-05-14,completed,toys,cash,4,11.0,4247.64,20.0,2.0
O105809,C00806,2026-02-27,delivered,home,card,3,3.0,2084.34,19.0,1.0
O105810,C00592,2026-07-31,cancelled,home,card,3,27.0,4459.04,,
O105811,C00925,2025-06-15,cancelled,electronics,card,2,27.0,1118.09,,
O105812,C01904,2024-11-27,completed,clothing,card,3,9.0,1265.99,13.0,3.0
O105813,C00684,2026-07-31,completed,clothing,wallet,2,7.0,617.86,4.0,4.0
O105814,C00927,2026-02-18,completed,beauty,card,5,18.0,1317.71,8.0,3.0
O105815,C01893,2026-07-08,delivered,home,card,3,23.0,3105.81,8.0,4.0
O105816,C00303,2024-12-01,completed,electronics,card,3,15.0,444.58,3.0,5.0
O105817,C00506,2025-07-29,processing,clothing,card,1,29.0,306.3,2.0,
O105818,C00987,2025-11-01,delivered,electronics,card,2,15.0,742.62,5.0,4.0
O105819,C00819,2025-11-20,completed,clothing,wallet,5,9.0,799.13,17.0,1.0
O105820,C00683,2026-07-31,delivered,clothing,cash,4,21.0,1441.11,12.0,3.0
O105821,C01557,2026-07-31,completed,electronics,cash,4,30.0,2124.5,10.0,3.0
O105822,C00998,2025-02-14,completed,electronics,card,4,20.0,4483.26,19.0,2.0
O105823,C00729,2025-07-29,completed,home,card,3,24.0,986.13,3.0,5.0
O105824,C00958,2026-04-17,Processing ,clothing,sbp,5,30.0,2670.42,3.0,
O105825,C01774,2025-11-09,cancelled,electronics,card,2,22.0,298.2,,
O105826,C01968,2025-11-05,completed,home,cash,2,26.0,372.4,14.0,2.0
O105827,C00487,2025-05-11,cancelled,clothing,cash,4,3.0,429.84,,
O105828,C00081,2026-07-31,completed,electronics,wallet,3,5.0,3234.79,18.0,1.0
O105829,C00063,2025-04-29,completed,electronics,card,2,14.0,758.13,8.0,3.0
O105830,C00891,2024-07-08,delivered,clothing,sbp,4,24.0,2352.09,14.0,3.0
O105831,C01258,2026-02-18,cancelled,beauty,card,5,14.0,3745.22,,
O105832,C00103,2026-02-22,processing,electronics,card,4,25.0,3763.38,6.0,
O105833,C01017,2025-11-11,delivered,toys,cash,3,27.0,7353.23,9.0,2.0
O105834,C00800,2025-07-13,delivered,clothing,card,1,9.0,476.72,12.0,3.0
O105835,C01867,2025-02-03,completed,beauty,card,5,15.0,1394.38,6.0,3.0
O105836,C01208,2025-11-24,completed,toys,card,5,23.0,4307.51,20.0,2.0
O105837,C00847,2024-11-18,processing,electronics,card,4,11.0,13050.88,8.0,
O105838,C01174,2024-11-11,delivered,home,card,1,1.0,320.11,10.0,4.0
O105839,C00272,2024-05-30,completed,clothing,card,5,13.0,1304.34,15.0,2.0
O105840,C00951,2024-09-28,completed,electronics,card,2,22.0,150.0,7.0,4.0
O105841,C00660,2025-05-18,completed,beauty,card,5,29.0,471.42,19.0,2.0
O105842,C00362,2026-07-31,cancelled,electronics,card,4,6.0,6135.19,,
O105843,C00787,2024-11-23,completed,beauty,cash,3,19.0,1286.65,2.0,5.0
O105844,C01278,2026-02-28,processing,beauty,card,1,18.0,198.3,8.0,
O105845,C01167,2025-01-12,delivered,home,card,3,15.0,1481.85,20.0,2.0
O105846,C01928,2024-10-22,cancelled,home,sbp,1,27.0,3948.29,,
O105847,C00550,2026-02-25,completed,beauty,sbp,4,23.0,1977.61,9.0,4.0
O105848,C01400,2024-10-04,completed,electronics,card,5,1.0,11398.02,20.0,3.0
O105849,C01101,2025-11-11,completed,home,card,5,8.0,1164.32,17.0,2.0
O105850,C01748,2025-10-28,completed,electronics,card,4,0.0,6339.34,11.0,3.0
O105851,C01817,2024-11-15,processing,electronics,card,5,26.0,1572.75,14.0,
O105852,C01416,2026-07-31,cancelled,clothing,card,5,15.0,1331.07,,
O105853,C00848,2024-03-19,completed,clothing,card,5,19.0,1161.87,17.0,2.0
O105854,C01067,2026-07-31,delivered,electronics,wallet,1,6.0,380.26,4.0,5.0
O105855,C01304,2026-06-27,delivered,home,card,5,8.0,5378.46,4.0,4.0
O105856,C01612,2024-11-02,delivered,home,card,1,8.0,335.17,8.0,3.0
O105857,C00458,2025-08-06,completed,toys,card,2,3.0,2318.96,3.0,5.0
O105858,C01746,2026-07-31,completed,beauty,card,2,12.0,555.16,5.0,4.0
O105859,C01603,2026-07-27,completed,beauty,card,5,15.0,2307.19,1.0,4.0
O105860,C00177,2026-07-31,processing,toys,card,1,22.0,322.27,19.0,
O105861,C00540,2024-06-04,completed,beauty,card,5,23.0,10498.41,5.0,4.0
O105862,C00472,2026-01-24,delivered,electronics,sbp,3,11.0,2236.42,6.0,4.0
O105863,C01160,2025-07-11,processing,electronics,cash,1,10.0,618.55,13.0,
O105864,C00418,2024-06-19,completed,clothing,sbp,5,0.0,1971.09,7.0,
O105865,C00601,2026-02-25,completed,clothing,card,1,29.0,309.11,11.0,3.0
O105866,C00379,2024-12-24,completed,beauty,card,2,5.0,440.48,1.0,5.0
O105867,C00135,2026-02-24,delivered,clothing,sbp,2,16.0,2837.67,14.0,2.0
O105868,C00919,2025-04-09,delivered,beauty,card,4,18.0,541.68,19.0,1.0
O105869,C00640,2026-07-31,completed,clothing,sbp,2,26.0,737.52,20.0,2.0
O105870,C01010,2025-06-13,completed,toys,card,4,3.0,3993.16,19.0,1.0
O105871,C00425,2025-03-24,delivered,electronics,card,1,3.0,150.0,4.0,3.0
O105872,C00573,2025-07-24,delivered,clothing,card,1,30.0,568.28,5.0,4.0
O105873,C01786,2024-08-12,completed,toys,card,1,16.0,245.55,5.0,3.0
O105874,C01611,2026-03-02,cancelled,clothing,cash,2,5.0,1006.73,,
O105875,C00533,2025-05-11,completed,home,sbp,3,30.0,1291.77,5.0,4.0
O105876,C00324,2026-07-31,completed,clothing,sbp,4,21.0,324.53,15.0,3.0
O105877,C01949,2024-01-11,completed,beauty,sbp,4,13.0,3283.55,15.0,
O105878,C01362,2025-01-21,delivered,home,sbp,1,,223.58,19.0,2.0
O105879,C00985,2025-10-21,delivered,beauty,sbp,2,24.0,635.36,1.0,3.0
O105880,C01399,2024-10-10,delivered,clothing,cash,3,23.0,1539.42,3.0,
O105881,C00443,2024-12-18,completed,home,sbp,2,21.0,1331.03,7.0,4.0
O105882,C00857,2024-12-22,completed,clothing,card,4,23.0,2819.18,15.0,2.0
O105883,C00783,2024-09-03,completed,home,wallet,3,10.0,2783.06,11.0,2.0
O105884,C01442,2025-10-29,completed,home,card,2,25.0,150.0,7.0,
O105885,C00367,2025-07-21,delivered,electronics,card,2,25.0,1450.07,1.0,5.0
O105886,C00979,2025-01-17,delivered,beauty,card,2,2.0,994.19,1.0,
O105887,C01668,2026-05-30,completed,clothing,sbp,5,13.0,1582.45,19.0,1.0
O105888,C00393,2025-08-03,completed,electronics,cash,4,26.0,2431.75,20.0,
O105889,C00240,2026-03-02,completed,home,card,3,11.0,3087.3,20.0,2.0
O105890,C01643,2025-11-08,delivered,home,card,3,10.0,733.17,15.0,2.0
O105891,C01748,2025-06-16,completed,home,sbp,2,20.0,3025.22,17.0,2.0
O105892,C00862,2026-07-31,delivered,toys,cash,3,3.0,3698.46,11.0,3.0
O105893,C00092,2026-07-31,completed,clothing,card,5,6.0,3312.8,10.0,3.0
O105894,C01082,2026-07-31,completed,toys,cash,1,6.0,185.22,20.0,
O105895,C00600,2025-09-16,completed,home,cash,3,28.0,8288.28,12.0,3.0
O105896,C01175,2024-02-14,completed,clothing,card,4,7.0,2474.6,16.0,2.0
O105897,C00280,2024-09-03,cancelled,home,card,1,2.0,554.83,,
O105898,C01611,2026-07-31,completed,electronics,card,3,16.0,1618.9,4.0,4.0
O105899,C01371,2026-06-09,completed,toys,cash,3,27.0,2300.0,17.0,2.0
O105900,C01291,2024-09-12,completed,clothing,wallet,5,2.0,5171.86,10.0,3.0
O105901,,2026-02-01,completed,electronics,wallet,2,16.0,965.88,1.0,5.0
O105902,C00441,2026-07-31,processing,home,cash,4,30.0,729.29,13.0,
O105903,C01879,2026-07-31,processing,electronics,card,1,20.0,1127.71,13.0,
O105904,C00532,2024-11-15,completed,electronics,card,3,18.0,769.98,6.0,4.0
O105905,C00733,2026-07-31,completed,electronics,card,2,29.0,441.13,2.0,5.0
O105906,C01853,2025-03-08,delivered,beauty,card,4,1.0,1873.08,9.0,3.0
O105907,C00082,2025-04-21,Completed,electronics,cash,4,29.0,1368.75,16.0,
O105908,C00251,2025-02-15,delivered,clothing,wallet,2,5.0,1335.63,1.0,4.0
O105909,C01524,2024-10-10,completed,clothing,card,5,26.0,3887.53,11.0,3.0
O105910,C00736,2025-09-13,completed,toys,card,3,23.0,1014.91,12.0,2.0
O105911,C01160,2025-01-27,completed,toys,card,2,23.0,1085.9,4.0,4.0
O105912,C01162,2026-01-13,completed,toys,card,4,12.0,1336.8,10.0,3.0
O105913,C01655,2025-01-26,delivered,clothing,card,3,17.0,2730.03,2.0,5.0
O105914,C01241,2026-01-28,cancelled,clothing,card,3,16.0,2188.16,,
O105915,C00853,2026-07-31,completed,beauty,card,1,6.0,874.79,5.0,
O105916,C01099,2025-01-11,cancelled,electronics,card,5,30.0,1962.73,,
O105917,C01477,2026-02-21,completed,electronics,wallet,2,13.0,1211.74,20.0,1.0
O105918,C00759,2024-09-07,completed,toys,card,3,22.0,2223.09,5.0,5.0
O105919,C00343,2025-10-04,delivered,electronics,card,1,17.0,897.03,3.0,5.0
O105920,C00973,2026-02-25,completed,clothing,sbp,1,2.0,837.38,12.0,3.0
O105921,C02000,2025-01-18,processing,electronics,card,4,7.0,1786.54,10.0,
O105922,C00225,2026-04-19,processing,electronics,card,1,30.0,196.42,1.0,
O105923,C00348,2026-07-31,completed,toys,wallet,4,18.0,2944.24,6.0,4.0
O105924,C01991,2025-08-05,completed,electronics,sbp,1,10.0,707.42,13.0,3.0
O105925,C01660,2025-07-07,completed,clothing,card,2,17.0,408.81,14.0,2.0
O105926,C00235,2025-05-22,processing,electronics,cash,5,16.0,4850.29,17.0,
O105927,C00425,2025-05-02,completed,clothing,card,3,22.0,1675.01,16.0,2.0
O105928,C01382,2025-02-04,cancelled,beauty,sbp,2,28.0,888.94,,
O105929,C01566,2025-08-13,completed,home,card,1,19.0,584.51,19.0,2.0
O105930,C01468,2025-03-14,delivered,home,cash,5,4.0,5189.0,9.0,3.0
O105931,C01723,2026-07-06,completed,clothing,card,3,26.0,5143.18,10.0,5.0
O105932,C01014,2025-06-12,cancelled,electronics,card,3,4.0,1416.17,,
O105933,C01754,2025-08-26,delivered,clothing,card,4,13.0,1639.24,10.0,3.0
O105934,C01193,2025-02-26,completed,toys,card,5,7.0,4006.47,19.0,2.0
O105935,C00952,2025-05-24,completed,beauty,card,4,17.0,674.69,6.0,3.0
O105936,C01273,2026-07-31,delivered,electronics,card,3,29.0,2946.79,20.0,1.0
O105937,C00858,2024-10-20,delivered,beauty,card,4,18.0,666.79,15.0,3.0
O105938,C01213,2025-11-14,cancelled,beauty,card,5,0.0,820.53,,
O105939,C01668,2026-07-31,completed,beauty,card,2,10.0,3414.49,20.0,2.0
O105940,C01917,2024-11-24,processing,beauty,sbp,4,7.0,372.46,17.0,
O105941,C01159,2025-06-22,completed,toys,sbp,3,20.0,4206.56,8.0,3.0
O105942,C00012,2026-07-31,cancelled,electronics,card,2,11.0,3432.1,,
O105943,C01243,2026-07-31,processing,clothing,wallet,2,10.0,1293.1,15.0,
O105944,C00504,2026-07-31,delivered,toys,cash,3,29.0,2399.95,1.0,5.0
O105945,C00473,2025-07-20,processing,home,card,1,24.0,150.0,16.0,
O105946,C01763,2024-09-23,completed,home,card,2,16.0,664.62,18.0,2.0
O105947,C00893,2026-01-12,delivered,clothing,card,2,28.0,1312.79,17.0,2.0
O105948,C01581,2024-10-08,completed,electronics,card,1,21.0,641.27,10.0,4.0
O105949,C00739,2026-05-02,completed,toys,card,2,7.0,1406.17,13.0,3.0
O105950,C01214,2026-05-05,delivered,clothing,card,2,11.0,1282.0,16.0,3.0
O105951,C01331,2025-06-08,cancelled,home,sbp,1,18.0,501.1,,
O105952,C01787,2024-09-05,processing,electronics,card,2,10.0,370.82,8.0,
O105953,C00393,2025-07-31,delivered,toys,card,4,26.0,2612.11,12.0,2.0
O105954,C01123,2024-10-20,cancelled,electronics,card,3,12.0,595.34,,
O105955,C00812,2026-07-31,cancelled,toys,card,2,18.0,736.06,,
O105956,C00928,2025-01-20,cancelled,electronics,card,4,1.0,6002.99,,
O105957,C01698,2025-05-02,completed,toys,card,1,13.0,150.0,20.0,1.0
O105958,C00272,2024-11-03,delivered,clothing,card,5,9.0,2230.54,9.0,3.0
O105959,C01093,2026-06-15,delivered,beauty,card,1,21.0,986.92,4.0,4.0
O105960,C00776,2026-07-31,cancelled,home,card,3,27.0,2464.12,,
O105961,C01793,2025-07-28,delivered,electronics,card,4,12.0,2516.93,5.0,5.0
O105962,C00433,2026-07-31,cancelled,electronics,sbp,4,0.0,1146.5,,
O105963,C00466,2026-07-31,processing,beauty,sbp,3,14.0,4218.69,12.0,
O105964,C00182,2024-06-13,delivered,home,card,3,13.0,555.25,6.0,4.0
O105965,C00880,2025-08-25,cancelled,clothing,cash,5,30.0,4288.9,,
O105966,C00022,2025-07-24,delivered,electronics,wallet,3,5.0,1670.77,14.0,
O105967,C01001,2026-06-27,delivered,beauty,card,1,11.0,262.6,2.0,5.0
O105968,C00448,2026-07-31,delivered,home,wallet,3,1.0,1082.81,12.0,2.0
O105969,C00802,2024-10-12,processing,home,sbp,1,28.0,2098.35,12.0,
O105970,C01211,2025-09-27,cancelled,clothing,card,5,24.0,972.37,,
O105971,C01369,2026-07-31,cancelled,clothing,card,2,,241.1,,
O105972,C00123,2026-07-31,completed,clothing,wallet,1,18.0,295.79,20.0,1.0
O105973,C00298,2025-10-30,delivered,electronics,card,4,13.0,2742.59,10.0,3.0
O105974,C00636,2025-09-21,cancelled,toys,card,2,24.0,3078.51,,
O105975,C01039,2025-02-20,processing,clothing,card,4,27.0,2011.28,12.0,
O105976,C01768,2026-01-16,processing,clothing,card,4,5.0,535.64,4.0,
O105977,C00278,2026-06-14,delivered,clothing,card,3,4.0,1595.72,3.0,5.0
O105978,C00136,2025-04-03,delivered,clothing,card,2,19.0,1954.52,14.0,2.0
O105979,C01259,2026-04-22,completed,home,sbp,2,29.0,1273.56,18.0,2.0
O105980,C01958,2025-07-29,cancelled,home,card,1,20.0,731.44,,
O105981,C01661,2025-10-30,completed,beauty,sbp,5,21.0,551.06,20.0,2.0
O105982,,2025-09-13,cancelled,electronics,wallet,2,10.0,336.79,,
O105983,C00040,2026-06-25,Processing ,beauty,card,3,16.0,1328.05,13.0,
O105984,C01153,2025-06-09,processing,toys,wallet,1,4.0,1220.23,13.0,
O105985,C00914,2026-07-31,delivered,toys,card,3,13.0,786.09,12.0,4.0
O105986,C00894,2026-07-02,completed,electronics,card,2,27.0,1160.87,6.0,
O105987,C00986,2025-08-20,delivered,clothing,card,3,28.0,1688.51,15.0,2.0
O105988,C01124,2024-12-24,delivered,toys,card,2,,427.94,11.0,4.0
O105989,C01441,2026-06-22,cancelled,beauty,wallet,4,25.0,1093.68,,
O105990,C00385,2024-07-26,delivered,electronics,card,5,14.0,2414.58,3.0,4.0
O105991,C00150,2024-05-20,delivered,beauty,card,4,17.0,1471.15,4.0,4.0
O105992,C00103,2026-07-31,completed,beauty,sbp,5,11.0,4750.04,13.0,3.0
O105993,C00813,2026-07-31,cancelled,beauty,wallet,3,25.0,1055.73,,
O105994,C01016,2026-04-27,processing,clothing,wallet,1,1.0,1001.91,9.0,
O105995,C01571,2024-11-13,cancelled,home,card,2,17.0,737.84,,
O105996,C00867,2026-07-31,completed,home,card,1,9.0,502.27,14.0,3.0
O105997,C01065,2026-07-25,cancelled,clothing,card,1,22.0,934.42,,
O105998,C01954,2025-03-05,completed,beauty,card,5,16.0,2261.27,10.0,4.0
O105999,C01500,2026-07-31,processing,electronics,sbp,3,19.0,1051.24,9.0,
O106000,C01382,2025-06-15,completed,electronics,cash,4,22.0,1864.86,12.0,3.0
O106001,C00729,2025-11-23,completed,beauty,wallet,3,6.0,3020.65,18.0,2.0
O106002,C00305,2026-03-12,completed,clothing,card,4,24.0,2569.89,1.0,5.0
O106003,C01841,2025-10-21,cancelled,electronics,card,2,6.0,177.23,,
O106004,C01107,2025-08-04,delivered,beauty,card,3,19.0,829.59,10.0,3.0
O106005,C00155,2025-10-02,delivered,beauty,card,3,22.0,835.33,4.0,
O106006,C00965,2026-07-31,completed,beauty,sbp,1,3.0,785.88,12.0,2.0
O106007,C00183,2026-01-27,cancelled,clothing,cash,3,8.0,319.13,,
O106008,C01963,2025-01-18,completed,home,sbp,2,6.0,1232.67,20.0,2.0
O106009,C01057,2025-09-05,completed,electronics,sbp,3,27.0,2458.8,5.0,3.0
O106010,C01570,2026-07-31,cancelled,electronics,card,3,10.0,2459.08,,
O106011,C00942,2025-05-11,delivered,electronics,card,2,16.0,920.95,4.0,5.0
O106012,C00040,2026-03-10,delivered,clothing,cash,3,12.0,405.81,15.0,2.0
O106013,C01277,2026-02-08,completed,home,card,1,4.0,401.11,19.0,1.0
O106014,C01307,2024-10-06,delivered,electronics,card,5,5.0,8010.37,7.0,4.0
O106015,C00459,2026-07-15,completed,beauty,card,3,23.0,917.74,9.0,3.0
O106016,C01433,2025-05-17,delivered,toys,wallet,1,11.0,2820.49,20.0,
O106017,C00453,2025-07-30,completed,electronics,sbp,1,23.0,942.86,5.0,5.0
O106018,C01384,2026-07-31,delivered,beauty,card,1,25.0,439.48,2.0,5.0
O106019,C01499,2025-07-31,completed,home,cash,2,20.0,1180.55,11.0,2.0
O106020,C00275,2025-04-30,completed,clothing,card,5,5.0,3324.07,12.0,3.0
O106021,C00584,2024-07-06,completed,clothing,card,4,28.0,1242.11,2.0,5.0
O106022,C00327,2025-07-19,CANCELED,home,card,5,18.0,1769.34,,
O106023,C01455,2025-07-15,completed,electronics,card,3,23.0,7290.44,5.0,5.0
O106024,C00472,2026-07-31,delivered,home,wallet,2,28.0,3250.35,3.0,5.0
O106025,C01282,2026-07-31,completed,electronics,card,2,23.0,728.46,12.0,4.0
O106026,C00836,2026-02-14,completed,electronics,card,2,14.0,528.52,18.0,2.0
O106027,C00167,2025-07-22,delivered,home,sbp,5,15.0,688.77,4.0,5.0
O106028,C01766,2026-07-31,completed,electronics,card,3,0.0,8298.84,3.0,5.0
O106029,C01423,2025-10-22,delivered,home,card,5,23.0,5590.77,19.0,2.0
O106030,C00524,2026-03-27,delivered,home,card,2,7.0,2671.23,17.0,2.0
O106031,C01760,2026-05-23,cancelled,electronics,card,5,13.0,1595.16,,
O106032,C01418,2025-04-15,delivered,beauty,card,5,15.0,1513.31,6.0,4.0
O106033,C01634,2026-07-31,completed,clothing,sbp,3,13.0,707.27,6.0,5.0
O106034,C00357,2025-01-09,completed,home,card,2,29.0,150.0,9.0,4.0
O106035,C00018,2025-03-04,completed,electronics,card,3,18.0,734.33,15.0,2.0
O106036,C00124,2025-06-21,cancelled,electronics,card,1,25.0,636.3,,
O106037,C01080,2026-02-11,completed,beauty,sbp,1,23.0,601.07,18.0,3.0
O106038,C01574,2026-07-31,completed,toys,cash,3,,902.97,20.0,2.0
O106039,C01827,2024-08-18,delivered,clothing,wallet,5,2.0,4159.54,2.0,5.0
O106040,C01922,2025-11-20,delivered,clothing,sbp,4,4.0,1149.37,14.0,2.0
O106041,C01198,2026-07-31,processing,home,card,2,15.0,1821.32,12.0,
O106042,C01263,2025-06-06,completed,electronics,card,5,25.0,4506.64,18.0,2.0
O106043,C00581,2024-12-13,cancelled,beauty,card,3,0.0,2846.78,,
O106044,C00003,2026-02-17,delivered,electronics,card,4,25.0,2090.95,17.0,1.0
O106045,C00390,2025-01-05,cancelled,electronics,card,5,15.0,1282.42,,
O106046,C00112,2026-07-31,completed,electronics,cash,1,16.0,189.83,17.0,1.0
O106047,C01370,2026-04-05,completed,clothing,card,1,13.0,150.0,2.0,5.0
O106048,C01007,2026-06-14,completed,beauty,wallet,4,14.0,3612.05,13.0,3.0
O106049,C01543,2024-12-27,cancelled,home,card,3,1.0,383.73,,
O106050,C00297,2026-05-04,completed,electronics,cash,1,13.0,442.28,10.0,3.0
O106051,C01826,2026-07-31,completed,electronics,card,1,10.0,586.63,2.0,5.0
O106052,C01440,2026-07-31,completed,electronics,cash,1,,209.5,1.0,4.0
O106053,C01812,2026-03-07,cancelled,home,wallet,3,8.0,1339.47,,
O106054,C01297,2024-10-31,completed,home,card,2,17.0,1271.98,18.0,2.0
O106055,C00679,2026-03-17,completed,electronics,card,5,27.0,1979.81,3.0,4.0
O106056,C01253,2024-09-26,delivered,beauty,cash,1,2.0,712.17,20.0,1.0
O106057,C01208,2026-07-31,cancelled,home,sbp,3,13.0,1035.79,,
O106058,C00362,2026-04-02,cancelled,toys,cash,2,7.0,789.12,,
O106059,C00204,2026-01-31,delivered,home,card,1,2.0,242.01,7.0,2.0
O106060,C01301,2026-03-12,completed,clothing,cash,4,23.0,1768.36,5.0,3.0
O106061,C00189,2025-05-28,completed,electronics,cash,4,12.0,1980.59,7.0,5.0
O106062,C00201,2025-05-18,completed,toys,card,1,16.0,235.31,3.0,4.0
O106063,C00143,2024-10-21,completed,electronics,cash,3,19.0,2083.43,8.0,3.0
O106064,C01245,2026-07-31,completed,clothing,card,3,6.0,205.66,4.0,4.0
O106065,C01855,2024-06-03,delivered,clothing,card,1,28.0,1170.99,15.0,
O106066,C00995,2025-10-08,completed,home,card,2,27.0,317.08,15.0,1.0
O106067,C00305,2026-05-07,delivered,home,sbp,2,27.0,2265.36,8.0,
O106068,C01026,2024-07-27,completed,home,card,3,8.0,2428.43,20.0,2.0
O106069,,2026-07-31,processing,electronics,card,3,13.0,3323.22,19.0,
O106070,C01187,2024-05-23,cancelled,home,cash,3,8.0,600.44,,
O106071,C00867,2026-07-04,completed,beauty,card,4,19.0,1674.75,4.0,5.0
O106072,C01065,2026-07-31,completed,electronics,card,1,9.0,623.32,10.0,2.0
O106073,C00650,2026-07-31,processing,electronics,wallet,1,29.0,693.93,1.0,
O106074,C01813,2026-07-31,processing,toys,card,5,7.0,4824.96,2.0,
O106075,C01076,2024-10-08,completed,clothing,card,2,4.0,1659.42,4.0,5.0
O106076,C00622,2025-04-03,completed,clothing,card,3,15.0,2162.94,14.0,1.0
O106077,C00006,2026-05-19,processing,clothing,card,1,27.0,730.03,20.0,
O106078,C01358,2024-07-18,delivered,home,cash,5,0.0,4257.52,1.0,5.0
O106079,C00761,2024-07-07,delivered,home,card,4,26.0,2002.54,13.0,2.0
O106080,C00499,2026-07-31,completed,beauty,card,5,25.0,6161.9,10.0,3.0
O106081,C00959,2026-07-31,cancelled,clothing,wallet,5,28.0,2316.62,,
O106082,C00971,2025-06-19,delivered,electronics,cash,2,17.0,254.7,9.0,4.0
O106083,C01607,2024-07-25,delivered,clothing,sbp,3,29.0,4003.47,20.0,2.0
O106084,C01086,2026-07-31,delivered,clothing,cash,5,12.0,3582.63,5.0,
O106085,C01402,2024-08-31,completed,home,wallet,3,5.0,1312.17,10.0,3.0
O106086,C01295,2026-07-31,completed,home,card,4,0.0,2159.31,15.0,2.0
O106087,C01700,2026-07-31,delivered,beauty,card,3,17.0,4935.64,7.0,4.0
O106088,C00013,2026-02-02,delivered,electronics,card,3,1.0,1601.45,20.0,1.0
O106089,C00753,2024-07-16,processing,electronics,card,3,5.0,4983.35,1.0,
O106090,C01431,2025-08-09,delivered,beauty,sbp,5,29.0,3593.11,13.0,3.0
O106091,C00282,2025-10-16,completed,home,cash,3,8.0,1105.82,6.0,4.0
O106092,C00884,2024-11-30,completed,electronics,card,3,5.0,518.44,3.0,4.0
O106093,C00803,2025-05-23,delivered,toys,card,3,24.0,1590.35,10.0,
O106094,C01612,2024-09-26,completed,home,cash,3,9.0,4229.85,12.0,3.0
O106095,C01927,2025-05-27,delivered,clothing,card,2,27.0,625.37,1.0,5.0
O106096,C00213,2026-07-31,completed,beauty,sbp,2,8.0,1321.35,13.0,3.0
O106097,C00429,2024-09-09,completed,home,wallet,4,14.0,6730.06,18.0,1.0
O106098,C01549,2025-11-24,completed,clothing,sbp,5,0.0,596.54,1.0,
O106099,C00350,2024-11-10,delivered,electronics,card,3,23.0,2031.76,11.0,2.0
O106100,C00994,2025-07-30,completed,clothing,cash,5,28.0,3837.88,20.0,1.0
O106101,C01889,2024-06-28,delivered,clothing,card,5,6.0,3275.77,18.0,2.0
O106102,C01951,2026-07-22,completed,home,sbp,1,20.0,150.0,10.0,3.0
O106103,C01900,2025-02-26,processing,clothing,card,2,14.0,536.86,999.0,
O106104,C00269,2025-12-19,delivered,electronics,cash,3,26.0,278.65,7.0,5.0
O106105,C00299,2024-10-25,cancelled,home,card,2,0.0,343.44,,
O106106,C00353,2024-12-17,cancelled,electronics,card,1,29.0,967.74,,
O106107,C01539,2025-11-17,cancelled,beauty,card,4,24.0,1513.69,,
O106108,C00359,2024-08-19,cancelled,home,card,5,15.0,4744.94,,
O106109,C00860,2026-06-29,completed,home,sbp,2,8.0,1816.71,15.0,2.0
O106110,C01637,2024-07-28,completed,clothing,card,2,8.0,401.11,17.0,1.0
O106111,C00985,2025-08-08,delivered,electronics,card,5,1.0,2821.03,9.0,3.0
O106112,C01882,2025-03-08,delivered,home,card,1,2.0,150.0,6.0,4.0
O106113,C00998,2025-02-13,delivered,electronics,card,1,10.0,613.86,15.0,2.0
O106114,C00760,2026-07-31,delivered,home,cash,4,19.0,2766.33,8.0,5.0
O106115,C01937,2025-02-03,completed,electronics,card,1,11.0,410.78,18.0,1.0
O106116,C01095,2025-04-19,completed,home,card,4,2.0,513.17,10.0,3.0
O106117,C00370,2026-07-31,delivered,electronics,card,3,22.0,449.64,16.0,3.0
O106118,C01269,2026-06-25,delivered,electronics,card,3,3.0,11301.74,19.0,1.0
O106119,C01547,2026-03-01,cancelled,clothing,card,5,11.0,4050.33,,
O106120,C01677,2024-11-04,delivered,home,sbp,4,30.0,1576.91,12.0,2.0
O106121,C00012,2026-07-31,completed,electronics,card,2,9.0,2124.04,17.0,1.0
O106122,C00217,2025-01-30,completed,clothing,card,4,11.0,6397.14,17.0,3.0
O106123,C01258,2025-12-19,completed,beauty,card,1,0.0,1297.8,5.0,4.0
O106124,C01484,2024-08-27,completed,clothing,card,1,1.0,422.08,8.0,3.0
O106125,C01306,2026-01-26,cancelled,home,card,2,24.0,754.49,,
O106126,C00766,2026-07-27,delivered,electronics,wallet,2,7.0,1862.83,17.0,1.0
O106127,C01508,2025-06-29,cancelled,electronics,card,5,2.0,2040.8,,
O106128,C01159,2025-08-22,delivered,electronics,card,3,27.0,3856.58,3.0,5.0
O106129,C01852,2025-01-04,completed,toys,wallet,3,10.0,1616.93,5.0,4.0
O106130,C00736,2025-09-26,Completed,electronics,cash,4,3.0,3718.54,6.0,
O106131,C01508,2025-09-24,completed,electronics,card,3,7.0,3395.69,14.0,2.0
O106132,C00288,2025-09-04,completed,electronics,cash,4,4.0,697.25,12.0,3.0
O106133,C01465,2026-06-26,delivered,beauty,cash,3,,1660.99,16.0,3.0
O106134,C01464,2024-06-13,completed,clothing,sbp,3,24.0,3704.29,9.0,4.0
O106135,C00508,2024-10-02,completed,beauty,card,5,18.0,1292.16,1.0,5.0
O106136,C00124,2025-06-18,delivered,clothing,card,4,22.0,1271.5,7.0,3.0
O106137,C01986,2026-07-31,delivered,beauty,cash,1,,1288.37,14.0,3.0
O106138,C00154,2025-01-18,completed,beauty,wallet,1,13.0,1672.91,7.0,3.0
O106139,C00937,2025-02-15,delivered,clothing,cash,3,20.0,150.0,1.0,4.0
O106140,C00003,2026-01-15,completed,toys,card,2,23.0,2571.1,17.0,2.0
O106141,C00835,2026-03-14,delivered,toys,wallet,3,27.0,230.15,1.0,5.0
O106142,C01642,2024-12-17,delivered,electronics,card,3,,1405.45,15.0,2.0
O106143,C01004,2026-07-31,delivered,home,card,5,20.0,813.07,3.0,5.0
O106144,C00480,2024-07-04,delivered,home,card,2,5.0,635.94,16.0,1.0
O106145,C00789,2025-07-12,completed,beauty,sbp,4,16.0,2143.65,5.0,5.0
O106146,C00185,2026-03-02,completed,home,card,5,16.0,3767.08,12.0,2.0
O106147,C01188,2025-08-03,delivered,home,wallet,2,10.0,3092.3,18.0,1.0
O106148,C99999,2025-05-22,completed,electronics,card,5,18.0,839.85,4.0,4.0
O106149,C00700,2024-05-29,completed,beauty,card,5,19.0,6213.18,12.0,2.0
O106150,C00122,2026-07-14,delivered,electronics,sbp,2,24.0,789.14,17.0,
O106151,C00480,2025-03-15,completed,home,card,4,1.0,1605.39,2.0,4.0
O106152,C00135,2026-03-22,delivered,electronics,card,2,6.0,3841.02,9.0,3.0
O106153,C01856,2026-05-06,delivered,beauty,wallet,1,6.0,966.76,20.0,1.0
O106154,C01545,2024-09-05,cancelled,beauty,wallet,2,7.0,256.54,,
O106155,C01856,2026-07-31,cancelled,electronics,sbp,1,28.0,462.82,,
O106156,C01367,2025-02-06,delivered,beauty,card,3,9.0,812.77,1.0,4.0
O106157,C00993,2025-02-17,cancelled,beauty,cash,2,22.0,696.06,,
O106158,C00349,2025-01-23,delivered,electronics,card,5,27.0,2217.86,1.0,4.0
O106159,C01925,2025-06-02,delivered,clothing,card,3,2.0,2141.37,15.0,3.0
O106160,C01836,2024-08-01,cancelled,electronics,card,2,24.0,361.0,,
O106161,C00832,2024-12-18,cancelled,electronics,card,2,20.0,825.3,,
O106162,C00452,2026-07-31,cancelled,beauty,card,2,30.0,718.66,,
O106163,C00775,2026-03-15,processing,electronics,card,1,27.0,670.03,12.0,
O106164,C00789,2025-10-05,delivered,home,card,3,9.0,1416.91,4.0,4.0
O106165,C01834,2024-11-20,processing,electronics,sbp,1,20.0,1043.37,13.0,
O106166,C00134,2025-10-24,completed,electronics,sbp,3,,1817.98,10.0,3.0
O106167,C01266,2024-06-26,completed,home,card,4,18.0,3193.64,2.0,3.0
O106168,C01538,2025-02-10,completed,clothing,wallet,4,30.0,2374.67,14.0,2.0
O106169,C01526,2024-08-26,delivered,beauty,sbp,1,15.0,196.44,2.0,5.0
O106170,C00387,2024-11-26,completed,electronics,sbp,4,,1460.52,19.0,2.0
O106171,C00826,2024-04-10,completed,home,sbp,3,18.0,865.77,6.0,4.0
O106172,C00685,2025-05-07,completed,home,card,4,28.0,3617.02,10.0,3.0
O106173,C00815,2026-07-31,delivered,home,sbp,3,27.0,2921.35,11.0,3.0
O106174,C00175,2026-07-25,completed,home,card,3,0.0,1384.52,13.0,
O106175,,2025-06-28,delivered,electronics,wallet,3,9.0,1660.41,18.0,1.0
O106176,C00049,2026-03-25,delivered,beauty,card,1,2.0,150.0,10.0,3.0
O106177,C01934,2026-07-31,cancelled,home,cash,3,23.0,1082.25,,
O106178,C00834,2024-12-23,delivered,beauty,card,4,22.0,266.3,19.0,1.0
O106179,C00456,2025-11-18,completed,electronics,card,5,19.0,4706.73,19.0,2.0
O106180,C01596,2025-02-20,processing,electronics,card,3,3.0,8793.46,8.0,
O106181,C00989,2024-12-13,cancelled,clothing,card,2,4.0,643.28,,
O106182,C00730,2026-05-29,completed,clothing,card,2,26.0,1183.48,15.0,2.0
O106183,C00230,2024-10-12,completed,electronics,card,5,7.0,3440.0,17.0,3.0
O106184,C00773,2024-06-26,delivered,electronics,wallet,5,17.0,992.46,3.0,4.0
O106185,C01294,2024-01-29,cancelled,electronics,sbp,2,27.0,887.11,,
O106186,C01247,2026-07-31,cancelled,electronics,card,4,9.0,2865.44,,
O106187,C00782,2026-04-11,cancelled,electronics,sbp,5,10.0,2820.41,,
O106188,C01227,2024-07-07,processing,beauty,card,3,5.0,1550.41,12.0,
O106189,C01536,2024-02-14,delivered,toys,wallet,3,12.0,1166.21,15.0,3.0
O106190,C01861,2026-07-31,completed,clothing,cash,5,18.0,1282.48,17.0,2.0
O106191,C01057,2025-02-14,completed,electronics,cash,4,10.0,3384.89,18.0,1.0
O106192,C00456,2025-11-12,completed,clothing,card,4,7.0,8059.36,9.0,5.0
O106193,C00259,2024-06-19,completed,beauty,sbp,5,17.0,495.28,5.0,4.0
O106194,C00316,2026-05-04,completed,toys,sbp,5,1.0,440.03,2.0,4.0
O106195,C00022,2025-02-16,delivered,electronics,card,4,2.0,745.96,16.0,1.0
O106196,C01117,2026-07-31,cancelled,electronics,card,4,20.0,1384.83,,
O106197,C00425,2025-08-11,completed,clothing,sbp,2,13.0,798.97,20.0,1.0
O106198,C00453,2025-08-13,cancelled,clothing,wallet,4,30.0,2182.06,,
O106199,C01449,2026-07-11,processing,electronics,cash,2,15.0,1044.34,8.0,
O106200,C00640,2026-07-31,completed,home,card,2,10.0,882.03,15.0,1.0
O106201,C01658,2026-07-31,completed,electronics,card,5,25.0,6816.91,2.0,
O106202,C00275,2025-05-13,delivered,electronics,card,3,3.0,704.82,5.0,3.0
O106203,C00683,2026-07-31,cancelled,home,sbp,4,6.0,4072.88,,
O106204,C00104,2024-05-03,delivered,beauty,card,4,23.0,9646.8,10.0,3.0
O106205,C01072,2025-02-04,completed,electronics,card,4,12.0,607.8,5.0,5.0
O106206,C00250,2024-11-12,delivered,beauty,card,5,14.0,517.82,7.0,4.0
O106207,C00481,2025-04-24,cancelled,electronics,cash,5,16.0,2858.15,,
O106208,C01471,2026-04-09,completed,clothing,wallet,5,18.0,4133.58,18.0,2.0
O106209,C01761,2025-10-20,delivered,electronics,card,5,25.0,2536.16,13.0,3.0
O106210,C01091,2026-01-14,delivered,electronics,card,1,17.0,150.0,18.0,2.0
O106211,C01931,2025-01-14,completed,electronics,card,3,21.0,383.43,8.0,2.0
O106212,C01514,2024-11-15,processing,home,cash,4,24.0,1312.73,17.0,
O106213,C01506,2025-06-05,completed,beauty,card,5,1.0,3435.9,7.0,4.0
O106214,C01982,2026-01-07,cancelled,electronics,cash,2,16.0,742.13,,
O106215,C00178,2025-03-31,delivered,electronics,card,5,10.0,2922.33,19.0,1.0
O106216,C00465,2024-10-17,completed,clothing,card,4,11.0,2285.88,8.0,3.0
O106217,C00875,2026-07-31,delivered,clothing,card,3,6.0,3113.58,3.0,3.0
O106218,C01237,2024-02-18,completed,beauty,wallet,2,22.0,389.35,13.0,2.0
O106219,C01982,2026-02-08,completed,electronics,cash,3,3.0,1586.27,9.0,4.0
O106220,C00199,2025-07-28,completed,home,card,3,3.0,4673.14,18.0,2.0
O106221,C00459,2026-07-31,cancelled,clothing,card,2,8.0,523.82,,
O106222,C00597,2026-04-04,processing,beauty,card,3,29.0,895.24,17.0,
O106223,C01341,2026-01-22,completed,clothing,card,3,17.0,1583.87,13.0,2.0
O106224,C01904,2024-08-27,delivered,electronics,sbp,5,12.0,1057.5,3.0,
O106225,C01878,2026-06-08,processing,electronics,card,1,25.0,194.14,13.0,
O106226,C01496,2025-09-16,delivered,home,card,4,1.0,1493.06,12.0,3.0
O106227,C01547,2026-01-27,completed,clothing,wallet,1,27.0,405.35,17.0,1.0
O106228,C00832,2024-12-15,completed,home,card,2,10.0,1797.8,1.0,4.0
O106229,C01218,2026-07-31,completed,electronics,card,5,10.0,1202.39,7.0,4.0
O106230,C00342,2024-10-24,CANCELED,electronics,card,4,27.0,2019.65,,
O106231,C01014,2025-04-21,delivered,home,card,2,7.0,2645.45,10.0,4.0
O106232,C00586,2026-07-31,delivered,electronics,cash,4,7.0,5044.97,20.0,
O106233,C01858,2025-07-04,delivered,toys,wallet,5,17.0,2255.86,7.0,4.0
O106234,C00736,2026-01-18,completed,beauty,card,2,7.0,1146.28,1.0,4.0
O106235,C00790,2024-06-08,delivered,electronics,card,4,20.0,955.37,6.0,3.0
O106236,C00806,2026-05-27,delivered,home,card,2,,1241.69,15.0,2.0
O106237,C01803,2025-04-17,cancelled,electronics,card,2,17.0,3352.37,,
O106238,C01866,2025-09-26,completed,toys,sbp,5,14.0,6966.76,5.0,5.0
O106239,C00863,2024-08-27,completed,home,card,1,25.0,484.06,7.0,2.0
O106240,C01992,2025-08-31,completed,clothing,wallet,1,23.0,649.84,14.0,3.0
O106241,C01514,2025-05-14,completed,home,card,1,,273.58,9.0,3.0
O106242,C01693,2026-03-16,delivered,electronics,sbp,1,6.0,234.21,6.0,
O106243,C01832,2026-07-31,delivered,electronics,cash,4,10.0,1472.75,18.0,2.0
O106244,C00666,2026-01-12,completed,electronics,card,3,4.0,1835.77,11.0,3.0
O106245,C01102,2025-08-30,delivered,clothing,sbp,1,17.0,877.91,7.0,4.0
O106246,C00571,2026-07-31,delivered,electronics,cash,2,27.0,924.95,18.0,2.0
O106247,C00620,2024-05-13,delivered,toys,sbp,5,20.0,3503.64,9.0,3.0
O106248,C00929,2025-10-07,cancelled,clothing,card,3,24.0,191.94,,
O106249,C00102,2024-12-10,cancelled,beauty,cash,4,10.0,2258.94,,
O106250,C00431,2024-07-01,delivered,electronics,card,2,29.0,600.02,16.0,3.0
O106251,C01619,2024-04-30,completed,beauty,cash,5,7.0,905.76,6.0,3.0
O106252,C00332,2025-03-25,cancelled,home,sbp,2,17.0,1417.06,,
O106253,C01245,2026-07-31,completed,home,cash,5,29.0,7841.35,10.0,4.0
O106254,C01532,2024-11-09,delivered,beauty,sbp,3,0.0,1462.11,18.0,1.0
O106255,C99999,2026-07-31,processing,clothing,wallet,4,21.0,3984.35,18.0,
O106256,C00917,2025-10-09,completed,home,card,3,15.0,1058.33,18.0,1.0
O106257,C01755,2025-09-08,completed,beauty,cash,4,19.0,10184.12,6.0,5.0
O106258,C01671,2026-03-06,completed,electronics,sbp,1,25.0,150.0,17.0,2.0
O106259,C01841,2025-12-22,processing,electronics,card,4,8.0,1818.19,10.0,
O106260,C01257,2024-09-05,completed,toys,card,3,30.0,2696.64,7.0,4.0
O106261,C01775,2026-07-20,cancelled,beauty,card,2,28.0,961.46,,
O106262,C00797,2026-07-31,completed,clothing,sbp,4,16.0,5927.91,15.0,3.0
O106263,C01204,2026-02-12,completed,beauty,wallet,4,16.0,375.34,14.0,3.0
O106264,C01335,2026-03-15,completed,beauty,wallet,4,23.0,1803.24,16.0,2.0
O106265,C01954,2025-07-21,cancelled,clothing,card,5,8.0,2018.22,,
O106266,C00737,2026-06-26,completed,electronics,cash,2,10.0,902.26,4.0,5.0
O106267,C01750,2025-11-22,processing,clothing,card,1,11.0,150.0,5.0,
O106268,C01019,2025-01-24,delivered,clothing,wallet,3,2.0,1170.91,5.0,3.0
O106269,C00209,2024-09-05,processing,electronics,wallet,2,11.0,752.3,8.0,
O106270,C01312,2025-03-06,completed,toys,card,2,30.0,1197.13,3.0,5.0
O106271,C01963,2025-04-09,delivered,home,card,4,1.0,4745.27,4.0,5.0
O106272,C00907,2025-08-30,completed,beauty,wallet,1,25.0,538.72,14.0,2.0
O106273,C01098,2026-07-23,delivered,home,sbp,3,12.0,2064.88,2.0,4.0
O106274,C01855,2024-07-30,delivered,electronics,wallet,3,10.0,4042.53,12.0,3.0
O106275,C01841,2025-11-02,completed,home,card,1,8.0,1275.85,4.0,4.0
O106276,C00801,2024-12-17,processing,home,card,4,6.0,292.59,5.0,
O106277,C01521,2026-07-31,completed,home,card,5,14.0,4662.74,2.0,5.0
O106278,C01262,2026-07-11,completed,electronics,card,5,7.0,4639.37,12.0,3.0
O106279,C01296,2026-03-10,delivered,beauty,wallet,5,17.0,1997.54,2.0,4.0
O106280,C01442,2025-04-13,delivered,electronics,card,1,23.0,341.44,19.0,1.0
O106281,C00654,2026-07-31,completed,clothing,cash,2,10.0,399.35,3.0,4.0
O106282,C00610,2026-02-24,processing,home,wallet,3,27.0,312.83,8.0,
O106283,C00055,2025-04-19,completed,toys,card,3,0.0,2917.39,8.0,4.0
O106284,C01713,2026-03-28,delivered,clothing,card,5,4.0,4543.85,3.0,4.0
O106285,C00554,2024-12-25,completed,electronics,sbp,2,28.0,909.75,3.0,
O106286,C01349,2026-07-24,completed,toys,card,3,26.0,2608.42,10.0,3.0
O106287,C01372,2025-04-02,delivered,toys,card,4,3.0,4470.04,10.0,4.0
O106288,C01408,2026-04-05,cancelled,electronics,sbp,5,13.0,585.7,,
O106289,C01727,2026-07-31,delivered,beauty,card,4,10.0,0.0,6.0,3.0
O106290,C01736,2026-07-31,completed,toys,cash,4,3.0,1623.14,20.0,1.0
O106291,C00005,2025-08-08,completed,electronics,wallet,5,22.0,3481.57,17.0,2.0
O106292,C01681,2026-07-31,processing,beauty,card,5,13.0,2859.83,7.0,
O106293,C00416,2025-12-16,completed,electronics,card,5,27.0,4561.24,3.0,4.0
O106294,C01291,2025-02-07,delivered,beauty,card,4,10.0,555.58,9.0,4.0
O106295,C01347,2026-07-31,completed,electronics,cash,2,20.0,2819.52,15.0,2.0
O106296,C00108,2026-05-02,completed,home,card,1,27.0,324.11,17.0,2.0
O106297,C00568,2024-08-17,completed,beauty,card,4,7.0,1770.27,2.0,4.0
O106298,C01821,2025-05-21,completed,electronics,cash,4,12.0,482.34,5.0,3.0
O106299,C00284,2026-01-05,delivered,beauty,card,4,20.0,1814.29,20.0,1.0
O106300,C00464,2025-03-07,completed,electronics,cash,1,21.0,485.64,8.0,3.0
O106301,C00164,2025-05-28,cancelled,electronics,sbp,5,12.0,2311.39,,
O106302,C00334,2026-07-31,completed,toys,card,4,2.0,1093.95,16.0,3.0
O106303,C01276,2025-10-13,completed,toys,sbp,4,23.0,742.93,18.0,3.0
O106304,C01683,2024-10-18,completed,home,card,3,21.0,2469.23,20.0,1.0
O106305,C01190,2024-11-11,completed,beauty,card,1,12.0,150.0,2.0,4.0
O106306,C00570,2025-12-13,completed,electronics,card,4,25.0,3751.71,7.0,3.0
O106307,C01718,2025-05-23,completed,clothing,cash,2,2.0,3822.9,13.0,3.0
O106308,C00735,2024-08-10,completed,beauty,cash,1,16.0,2902.78,3.0,5.0
O106309,C00630,2025-08-21,completed,beauty,sbp,1,16.0,207.09,1.0,5.0
O106310,C01012,2026-07-31,completed,clothing,card,1,2.0,790.5,11.0,3.0
O106311,C00274,2026-07-31,completed,clothing,sbp,2,,628.36,8.0,3.0
O106312,C00713,2026-05-13,completed,home,card,1,30.0,1312.41,4.0,4.0
O106313,C01599,2026-02-21,completed,electronics,cash,1,19.0,674.81,20.0,2.0
O106314,C01217,2025-07-20,completed,beauty,card,2,26.0,780.03,10.0,
O106315,C01977,2026-07-31,delivered,electronics,card,1,9.0,237.86,8.0,4.0
O106316,C01552,2026-02-19,completed,clothing,card,1,16.0,366.63,19.0,1.0
O106317,C00721,2024-06-18,processing,electronics,card,2,27.0,574.6,999.0,
O106318,C01534,2025-01-15,completed,home,card,1,13.0,483.25,5.0,4.0
O106319,C01731,2026-01-15,completed,toys,card,2,15.0,1007.17,11.0,3.0
O106320,C01262,2026-05-07,cancelled,clothing,wallet,5,26.0,1580.99,,
O106321,C01526,2025-01-23,completed,toys,sbp,3,1.0,883.0,7.0,4.0
O106322,C01007,2026-07-31,completed,clothing,wallet,4,17.0,3255.94,6.0,3.0
O106323,C01824,2026-07-31,cancelled,electronics,card,3,19.0,2588.96,,
O106324,C00476,2026-03-16,delivered,beauty,card,3,26.0,771.55,12.0,3.0
O106325,C00849,2026-05-30,delivered,electronics,card,1,25.0,471.71,18.0,2.0
O106326,C00508,2025-03-24,completed,electronics,cash,4,5.0,987.24,2.0,5.0
O106327,C00203,2025-12-02,completed,home,wallet,2,1.0,7938.33,14.0,3.0
O106328,C01232,2026-03-14,completed,electronics,card,2,6.0,464.36,3.0,4.0
O106329,C00237,2026-07-28,cancelled,beauty,card,2,23.0,1206.87,,
O106330,C00453,2025-12-12,completed,clothing,card,4,7.0,2813.99,4.0,4.0
O106331,C01527,2025-01-05,delivered,electronics,cash,4,23.0,1157.51,999.0,1.0
O106332,C00483,2024-09-20,processing,clothing,wallet,3,29.0,742.74,20.0,
O106333,C01727,2026-05-21,processing,electronics,cash,2,21.0,788.06,3.0,
O106334,C00099,2026-06-07,completed,home,cash,1,3.0,246.65,11.0,3.0
O106335,C00915,2026-04-19,delivered,electronics,card,5,15.0,2864.56,9.0,3.0
O106336,C00135,2026-06-17,delivered,beauty,card,4,8.0,998.77,1.0,4.0
O106337,C00120,2025-01-02,cancelled,electronics,card,3,20.0,1662.22,,
O106338,C01582,2025-06-03,processing,electronics,sbp,5,13.0,472.45,14.0,
O106339,C00134,2025-07-21,delivered,home,cash,1,15.0,258.38,19.0,1.0
O106340,C01785,2026-07-31,delivered,clothing,card,2,18.0,704.24,15.0,2.0
O106341,C01198,2026-07-31,completed,clothing,card,5,11.0,5486.1,5.0,3.0
O106342,C00966,2025-11-26,delivered,home,card,1,29.0,150.0,12.0,3.0
O106343,C01838,2024-12-01,delivered,electronics,card,2,1.0,2220.35,9.0,4.0
O106344,C00776,2026-07-31,delivered,clothing,card,4,22.0,3341.14,7.0,4.0
O106345,C00800,2025-09-14,delivered,toys,sbp,3,15.0,354.31,19.0,1.0
O106346,C00820,2026-07-10,completed,electronics,card,2,21.0,1515.65,4.0,4.0
O106347,C01302,2025-08-25,delivered,home,wallet,2,24.0,468.3,2.0,5.0
O106348,C01695,2024-07-15,processing,clothing,card,3,26.0,2334.56,5.0,
O106349,C01085,2024-10-09,completed,beauty,card,2,1.0,1632.06,15.0,2.0
O106350,C00563,2025-11-03,cancelled,electronics,sbp,1,11.0,929.39,,
O106351,C01780,2026-06-28,delivered,electronics,card,4,1.0,1247.78,13.0,3.0
O106352,C01198,2026-07-31,completed,clothing,wallet,1,10.0,850.38,9.0,3.0
O106353,C01665,2025-10-13,completed,home,cash,4,5.0,6756.51,9.0,4.0
O106354,C00865,2026-05-25,delivered,electronics,card,4,20.0,1561.3,6.0,4.0
O106355,C00399,2025-05-27,cancelled,beauty,wallet,5,9.0,2160.36,,
O106356,C01889,2024-12-24,completed,clothing,card,5,15.0,4349.25,6.0,3.0
O106357,C01356,2025-11-17,processing,toys,card,5,,252.68,17.0,
O106358,C00616,2026-05-23,cancelled,toys,sbp,3,2.0,674.11,,
O106359,C01696,2026-02-25,completed,beauty,card,1,25.0,1102.94,1.0,5.0
O106360,C00019,2026-07-31,completed,home,cash,5,14.0,2786.24,11.0,5.0
O106361,C01861,2026-02-19,completed,home,card,5,0.0,2073.62,16.0,1.0
O106362,C01158,2026-07-31,completed,beauty,wallet,2,,463.99,14.0,3.0
O106363,C01180,2024-04-06,completed,electronics,card,2,24.0,1006.69,13.0,3.0
O106364,C00027,2025-12-04,completed,beauty,card,1,29.0,322.24,9.0,4.0
O106365,C00352,2024-11-08,processing,home,wallet,2,22.0,243.63,4.0,
O106366,C01442,2026-04-07,delivered,beauty,cash,2,9.0,2794.04,4.0,4.0
O106367,C01117,2026-07-31,cancelled,clothing,sbp,5,15.0,1413.1,,
O106368,C00256,2024-09-16,delivered,home,card,2,8.0,792.89,13.0,3.0
O106369,C01332,2026-01-26,delivered,clothing,cash,1,5.0,150.0,14.0,2.0
O106370,C01493,2024-04-01,cancelled,clothing,card,4,26.0,1284.59,,
O106371,C00545,2026-07-31,completed,clothing,card,4,,4407.43,8.0,4.0
O106372,C01379,2025-05-11,delivered,home,card,5,13.0,5188.47,17.0,2.0
O106373,C01947,2025-03-14,cancelled,electronics,card,4,4.0,2011.24,,
O106374,C00965,2026-07-31,processing,toys,card,2,15.0,597.82,3.0,
O106375,C00459,2026-03-23,completed,beauty,sbp,4,10.0,2012.14,20.0,2.0
O106376,C01924,2025-12-31,cancelled,beauty,card,5,12.0,3692.21,,
O106377,C01823,2024-11-30,delivered,toys,card,5,16.0,743.87,15.0,2.0
O106378,C00914,2026-07-31,completed,clothing,cash,3,9.0,1806.41,16.0,2.0
O106379,C00851,2026-07-31,completed,beauty,card,2,10.0,1819.55,1.0,5.0
O106380,C01668,2025-10-16,delivered,clothing,card,1,8.0,469.55,10.0,3.0
O106381,C00002,2026-01-12,completed,electronics,card,2,17.0,970.26,7.0,3.0
O106382,C00625,2026-02-17,completed,electronics,card,3,20.0,826.75,1.0,5.0
O106383,C01087,2026-07-31,completed,electronics,sbp,5,27.0,3124.97,19.0,1.0
O106384,C01309,2025-02-01,cancelled,electronics,card,3,30.0,5351.93,,
O106385,C01257,2025-03-10,cancelled,clothing,card,4,4.0,6071.41,,
O106386,C00742,2026-07-03,cancelled,toys,card,4,21.0,1243.65,,
O106387,C01739,2024-01-27,delivered,electronics,card,3,27.0,1095.51,4.0,4.0
O106388,C01300,2024-03-22,processing,toys,card,4,3.0,5876.55,9.0,
O106389,C01082,2026-07-31,delivered,beauty,card,5,,3965.69,3.0,3.0
O106390,C01878,2026-07-31,delivered,beauty,card,4,4.0,3121.85,3.0,5.0
O106391,C00189,2024-10-25,delivered,beauty,cash,4,15.0,463.91,17.0,2.0
O106392,C01420,2025-08-15,completed,toys,card,4,24.0,4097.56,1.0,5.0
O106393,C01854,2024-11-21,delivered,electronics,card,5,22.0,1968.57,5.0,4.0
O106394,C01324,2026-07-31,completed,clothing,cash,4,21.0,2375.78,6.0,4.0
O106395,C01131,2025-04-06,processing,clothing,card,1,21.0,280.24,10.0,
O106396,C00729,2025-11-27,completed,electronics,card,2,25.0,3687.95,16.0,1.0
O106397,C00544,2025-04-07,completed,clothing,wallet,2,23.0,451.78,11.0,3.0
O106398,C01092,2025-09-12,completed,clothing,card,5,14.0,11748.18,3.0,4.0
O106399,C01798,2025-03-08,completed,toys,cash,1,22.0,504.18,20.0,1.0
O106400,C00925,2024-10-14,processing,electronics,sbp,2,1.0,862.0,16.0,
O106401,C00242,2026-05-12,delivered,toys,card,4,0.0,972.48,13.0,3.0
O106402,C00968,2025-02-02,completed,electronics,card,3,14.0,973.04,15.0,2.0
O106403,C00195,2026-07-31,delivered,home,card,1,15.0,418.78,20.0,2.0
O106404,C01873,2026-01-20,delivered,clothing,card,4,25.0,2195.39,17.0,2.0
O106405,C01071,2026-01-25,completed,toys,card,1,11.0,758.68,5.0,
O106406,C00428,2026-06-20,completed,home,wallet,1,7.0,417.02,12.0,3.0
O106407,C01250,2026-07-31,completed,electronics,card,5,28.0,3790.94,18.0,1.0
O106408,C01076,2024-12-10,delivered,toys,sbp,3,21.0,3807.88,13.0,2.0
O106409,C01022,2024-07-20,cancelled,electronics,card,3,29.0,3448.14,,
O106410,C01184,2025-12-01,completed,toys,cash,1,,813.51,9.0,4.0
O106411,C01858,2025-11-01,CANCELED,electronics,card,1,7.0,735.28,,
O106412,C01713,2026-07-31,delivered,electronics,card,2,9.0,421.97,10.0,3.0
O106413,C00526,2025-10-04,completed,electronics,card,2,22.0,1164.79,20.0,
O106414,C00480,2024-09-27,delivered,home,card,4,4.0,827.58,7.0,4.0
O106415,C01981,2026-05-30,completed,beauty,sbp,2,7.0,2223.28,10.0,3.0
O106416,C01290,2026-04-05,completed,home,sbp,5,23.0,3103.55,20.0,1.0
O106417,C00039,2025-07-20,completed,electronics,card,2,23.0,2433.06,8.0,4.0
O106418,C01060,2025-03-27,completed,clothing,card,2,20.0,2523.44,20.0,2.0
O106419,C00238,2025-06-26,delivered,clothing,sbp,1,9.0,701.29,14.0,2.0
O106420,C00060,2025-12-23,cancelled,clothing,card,5,2.0,1434.21,,
O106421,C00372,2026-03-27,completed,clothing,sbp,4,22.0,327.75,16.0,1.0
O106422,C00510,2025-03-15,processing,clothing,card,3,7.0,2282.15,7.0,
O106423,C00160,2026-05-28,completed,home,card,5,0.0,2153.76,10.0,3.0
O106424,C01672,2025-09-22,completed,home,card,4,17.0,3738.99,3.0,4.0
O106425,C00877,2025-10-18,delivered,electronics,card,3,21.0,2584.36,17.0,2.0
O106426,C01104,2024-11-16,delivered,toys,cash,5,12.0,3976.49,6.0,
O106427,C01731,2026-01-26,processing,beauty,card,2,,1200.91,13.0,
O106428,C01675,2026-06-13,completed,beauty,wallet,4,14.0,522.87,2.0,5.0
O106429,C01642,2024-12-19,completed,beauty,card,3,22.0,4062.9,18.0,1.0
O106430,C00393,2025-03-27,delivered,clothing,cash,3,27.0,540.79,15.0,
O106431,C01490,2025-08-28,delivered,toys,cash,4,2.0,1174.37,19.0,2.0
O106432,C01992,2025-03-08,cancelled,clothing,card,3,5.0,1134.82,,
O106433,C00015,2026-05-16,cancelled,clothing,sbp,5,26.0,2500.19,,
O106434,C01737,2025-09-06,completed,beauty,card,4,10.0,1526.91,15.0,3.0
O106435,C01732,2026-07-31,cancelled,beauty,card,3,20.0,947.66,,
O106436,C01683,2024-12-29,delivered,clothing,card,5,1.0,4682.05,20.0,
O106437,C00793,2026-07-29,delivered,beauty,card,5,11.0,849.09,2.0,5.0
O106438,C00398,2024-09-12,completed,home,card,3,18.0,1061.14,10.0,3.0
O106439,C01464,2024-04-28,processing,clothing,card,2,10.0,184.17,999.0,
O106440,C01247,2026-07-31,delivered,toys,wallet,5,8.0,1079.98,4.0,4.0
O106441,C01454,2025-03-25,completed,clothing,sbp,4,9.0,564.43,20.0,3.0
O106442,C00512,2025-11-22,completed,beauty,sbp,2,20.0,1772.88,13.0,2.0
O106443,C00356,2026-07-31,delivered,beauty,cash,3,18.0,1716.51,10.0,2.0
O106444,C01804,2024-09-24,processing,electronics,cash,4,9.0,1031.95,2.0,
O106445,C01031,2025-06-22,delivered,beauty,sbp,4,1.0,152.52,9.0,3.0
O106446,C01703,2026-01-22,cancelled,electronics,card,4,8.0,581.51,,
O106447,C01853,2025-03-04,completed,beauty,wallet,4,22.0,818.18,14.0,3.0
O106448,C00919,2024-11-23,completed,beauty,card,1,25.0,369.28,15.0,2.0
O106449,C00527,2026-07-31,delivered,home,card,2,24.0,1806.98,5.0,5.0
O106450,C01792,2026-07-31,completed,toys,card,3,30.0,467.62,8.0,4.0
O106451,C01431,2025-12-13,completed,home,card,2,7.0,334.47,3.0,5.0
O106452,C01332,2026-02-04,delivered,clothing,card,4,22.0,515.71,16.0,3.0
O106453,C01917,2025-08-23,completed,home,wallet,2,4.0,987.7,19.0,1.0
O106454,C00493,2026-04-27,completed,home,card,4,27.0,347.57,9.0,4.0
O106455,C00722,2026-07-31,completed,clothing,card,3,30.0,360.13,2.0,5.0
O106456,C00079,2026-04-03,completed,electronics,wallet,3,15.0,2155.38,19.0,2.0
O106457,C00776,2026-07-31,completed,clothing,wallet,1,19.0,1667.72,14.0,3.0
O106458,C00894,2026-07-31,completed,beauty,cash,4,9.0,2074.05,10.0,5.0
O106459,C00906,2025-12-07,processing,home,card,2,21.0,766.58,7.0,
O106460,C00302,2026-05-24,delivered,beauty,card,5,,14070.88,6.0,3.0
O106461,C01619,2025-04-14,delivered,clothing,sbp,5,19.0,1623.21,1.0,4.0
O106462,C00979,2025-02-12,completed,toys,card,1,14.0,325.51,14.0,3.0
O106463,C00879,2026-03-21,completed,beauty,card,1,7.0,320.82,5.0,4.0
O106464,C01728,2025-11-20,cancelled,clothing,card,2,23.0,3273.68,,
O106465,C00973,2026-02-23,delivered,clothing,cash,2,24.0,1516.74,17.0,2.0
O106466,C01785,2026-03-25,cancelled,toys,card,5,2.0,3759.86,,
O106467,C00445,2025-10-05,completed,toys,wallet,1,14.0,639.86,1.0,5.0
O106468,C01702,2024-11-02,delivered,clothing,sbp,2,20.0,683.9,10.0,4.0
O106469,C01977,2026-07-14,delivered,beauty,wallet,1,8.0,380.49,5.0,3.0
O106470,C01501,2026-03-01,completed,toys,card,5,8.0,1138.85,15.0,2.0
O106471,C01785,2026-05-22,cancelled,electronics,card,4,18.0,1435.67,,
O106472,C01481,2024-11-18,completed,clothing,cash,3,12.0,1853.23,9.0,4.0
O106473,C01201,2026-07-25,delivered,beauty,wallet,5,27.0,2107.09,20.0,1.0
O106474,C01528,2025-02-11,completed,electronics,card,2,21.0,1882.85,16.0,3.0
O106475,C01922,2025-09-07,delivered,beauty,card,2,24.0,1215.81,14.0,2.0
O106476,C01211,2025-10-16,cancelled,electronics,cash,4,26.0,2294.23,,
O106477,C01374,2025-02-17,completed,clothing,cash,5,22.0,1230.47,11.0,3.0
O106478,C00159,2026-02-17,Completed,clothing,card,4,17.0,738.85,7.0,3.0
O106479,C01919,2025-03-13,completed,home,card,1,8.0,200.13,8.0,4.0
O106480,C01556,2025-04-01,cancelled,electronics,card,2,8.0,2352.96,,
O106481,C00324,2026-07-31,delivered,clothing,card,5,8.0,618.76,15.0,1.0
O106482,C00580,2024-04-02,processing,electronics,card,1,1.0,573.59,12.0,
O106483,C00451,2026-07-31,delivered,electronics,cash,3,25.0,1721.52,5.0,4.0
O106484,C00640,2026-07-31,delivered,beauty,card,4,29.0,1140.12,11.0,3.0
O106485,C01771,2025-07-25,completed,electronics,card,5,24.0,2393.98,2.0,5.0
O106486,C00929,2025-08-03,cancelled,electronics,card,4,9.0,2260.36,,
O106487,C00840,2026-07-31,cancelled,electronics,card,5,26.0,977.82,,
O106488,C01558,2026-01-22,delivered,clothing,cash,1,18.0,262.03,1.0,4.0
O106489,C00743,2025-10-25,delivered,electronics,card,2,29.0,885.25,19.0,2.0
O106490,C01772,2025-06-26,delivered,home,card,1,23.0,453.67,15.0,3.0
O106491,C01509,2026-07-31,completed,home,card,5,11.0,789.9,18.0,1.0
O106492,C00515,2026-07-31,completed,electronics,card,4,17.0,1976.2,8.0,4.0
O106493,C01261,2025-01-25,delivered,electronics,cash,5,18.0,2546.23,8.0,4.0
O106494,C00966,2026-02-20,delivered,clothing,card,4,12.0,4100.78,1.0,5.0
O106495,C00689,2025-03-03,Processing ,beauty,card,4,17.0,1811.89,19.0,
O106496,C01813,2026-03-10,delivered,electronics,sbp,4,,1335.05,6.0,5.0
O106497,C00796,2025-02-17,completed,home,card,3,9.0,2554.44,2.0,4.0
O106498,C00234,2026-05-22,completed,toys,card,5,7.0,5616.59,3.0,3.0
O106499,C00817,2024-03-27,completed,electronics,card,5,16.0,760.88,2.0,5.0
O106500,C01034,2025-09-07,Processing ,clothing,card,4,24.0,1210.72,1.0,
O106501,C00253,2025-04-27,delivered,beauty,sbp,2,30.0,169.49,11.0,4.0
O106502,C01486,2026-07-31,cancelled,toys,sbp,4,27.0,851.93,,
O106503,C00460,2025-02-06,processing,electronics,card,5,29.0,7532.34,14.0,
O106504,C00185,2025-11-25,completed,home,card,3,10.0,583.15,3.0,5.0
O106505,C01076,2024-09-10,cancelled,home,card,4,16.0,2662.28,,
O106506,C00322,2024-05-19,delivered,clothing,cash,3,8.0,1909.11,11.0,3.0
O106507,C01564,2026-07-31,completed,home,card,3,7.0,861.77,12.0,3.0
O106508,C00137,2026-06-13,delivered,clothing,card,5,,1592.83,20.0,2.0
O106509,C00839,2024-05-25,processing,toys,wallet,2,25.0,2791.19,2.0,
O106510,C00104,2025-01-03,completed,clothing,sbp,1,12.0,974.48,9.0,3.0
O106511,C00767,2025-09-06,delivered,clothing,cash,4,26.0,10973.26,18.0,1.0
O106512,C01867,2024-07-23,completed,home,wallet,3,7.0,178.0,14.0,3.0
O106513,C01302,2025-08-26,completed,electronics,card,1,17.0,702.26,12.0,4.0
O106514,C01071,2026-03-05,completed,clothing,card,2,12.0,150.0,20.0,1.0
O106515,C00315,2025-05-14,completed,electronics,card,4,14.0,1772.13,19.0,1.0
O106516,C00626,2024-12-03,delivered,home,card,4,20.0,1529.74,12.0,3.0
O106517,C00762,2026-02-25,completed,clothing,card,3,5.0,547.16,12.0,3.0
O106518,C01158,2026-06-03,delivered,beauty,wallet,4,13.0,1124.38,20.0,1.0
O106519,C00417,2026-07-27,cancelled,beauty,sbp,5,10.0,1793.96,,
O106520,C02000,2025-04-08,cancelled,clothing,card,2,30.0,1293.36,,
O106521,C01304,2026-07-31,completed,home,cash,2,0.0,364.27,20.0,
O106522,C00624,2025-08-09,completed,clothing,card,4,26.0,1010.33,2.0,5.0
O106523,C00225,2025-10-28,completed,clothing,card,2,13.0,1380.88,10.0,4.0
O106524,C01191,2025-06-12,completed,electronics,card,4,29.0,3239.5,17.0,1.0
O106525,C00896,2025-08-12,completed,electronics,cash,3,3.0,11202.62,7.0,4.0
O106526,C01348,2026-07-21,delivered,beauty,cash,5,11.0,2604.04,18.0,2.0
O106527,C01193,2024-07-03,delivered,toys,cash,1,16.0,755.53,7.0,5.0
O106528,C01281,2026-07-31,completed,clothing,wallet,5,9.0,1902.09,16.0,2.0
O106529,C01668,2025-09-29,completed,electronics,card,5,7.0,6989.12,8.0,3.0
O106530,C01051,2025-11-16,cancelled,electronics,card,4,0.0,863.34,,
O106531,C01450,2024-08-02,processing,electronics,card,5,27.0,2156.79,6.0,
O106532,C00719,2024-09-11,delivered,beauty,wallet,1,18.0,556.33,7.0,4.0
O106533,C01886,2024-10-20,delivered,clothing,card,5,3.0,3363.4,19.0,2.0
O106534,C00816,2026-02-16,delivered,beauty,card,5,25.0,4811.61,16.0,1.0
O106535,C01360,2025-08-10,completed,clothing,wallet,5,13.0,1933.41,11.0,2.0
O106536,C01997,2026-04-01,cancelled,home,card,4,30.0,3717.43,,
O106537,C00699,2024-06-14,completed,home,card,2,4.0,293.49,13.0,3.0
O106538,C00204,2026-03-09,delivered,electronics,card,5,10.0,2783.11,9.0,5.0
O106539,C00464,2025-03-09,completed,home,card,1,17.0,150.0,2.0,5.0
O106540,C00488,2025-10-21,delivered,beauty,cash,4,21.0,1518.79,5.0,3.0
O106541,C00114,2026-02-02,cancelled,electronics,wallet,1,9.0,3363.21,,
O106542,C01088,2026-07-31,delivered,electronics,card,5,10.0,2814.46,15.0,3.0
O106543,C00556,2026-02-18,completed,clothing,cash,2,3.0,621.21,2.0,4.0
O106544,C00195,2026-07-31,delivered,toys,card,4,26.0,2746.77,16.0,1.0
O106545,C00274,2026-07-08,delivered,toys,sbp,1,18.0,437.98,11.0,3.0
O106546,C00547,2025-02-14,delivered,electronics,card,1,,184.97,17.0,3.0
O106547,C00739,2026-03-16,delivered,beauty,card,1,16.0,150.0,18.0,2.0
O106548,C01949,2024-12-10,delivered,beauty,card,3,25.0,1351.12,14.0,2.0
O106549,C01406,2024-07-21,delivered,beauty,sbp,5,6.0,1946.56,3.0,5.0
O106550,C01430,2026-01-04,completed,electronics,card,2,8.0,742.56,4.0,3.0
O106551,C01385,2025-12-03,delivered,toys,card,2,29.0,1786.95,17.0,2.0
O106552,C01607,2024-07-25,completed,beauty,card,2,5.0,2770.65,6.0,4.0
O106553,C00637,2024-12-09,delivered,home,wallet,1,24.0,825.35,15.0,3.0
O106554,C00199,2025-08-16,completed,electronics,card,2,26.0,706.74,11.0,2.0
O106555,C01018,2025-04-30,cancelled,electronics,wallet,2,19.0,1029.19,,
O106556,C00003,2025-10-20,completed,clothing,card,4,21.0,4503.82,14.0,3.0
O106557,C99999,2025-01-19,delivered,beauty,card,4,29.0,3772.32,7.0,4.0
O106558,C01507,2026-04-15,completed,beauty,card,4,0.0,2962.37,10.0,2.0
O106559,C01006,2026-07-31,cancelled,toys,card,2,23.0,634.06,,
O106560,C01382,2025-04-01,completed,clothing,card,5,26.0,5647.95,16.0,3.0
O106561,C01021,2024-05-18,delivered,toys,card,4,14.0,5782.25,19.0,2.0
O106562,C01086,2026-07-31,completed,beauty,card,5,0.0,4747.81,4.0,4.0
O106563,C00603,2026-03-02,cancelled,electronics,card,4,29.0,20761.83,,
O106564,C00438,2026-07-31,completed,electronics,cash,1,20.0,897.07,18.0,2.0
O106565,C00519,2025-08-07,delivered,beauty,card,2,,2467.69,1.0,4.0
O106566,C01597,2026-05-24,completed,home,card,4,23.0,3290.69,17.0,1.0
O106567,C01960,2024-09-24,completed,electronics,sbp,1,4.0,444.22,1.0,5.0
O106568,C00164,2025-11-05,completed,beauty,cash,5,26.0,961.59,10.0,3.0
O106569,C01075,2025-06-14,delivered,clothing,cash,2,,532.58,20.0,2.0
O106570,C00941,2026-03-26,completed,home,card,4,2.0,1074.02,12.0,2.0
O106571,C01125,2026-07-31,processing,toys,sbp,2,2.0,374.66,12.0,
O106572,C00466,2026-07-31,completed,electronics,card,1,23.0,391.77,13.0,3.0
O106573,C00016,2026-07-31,delivered,electronics,card,2,11.0,988.05,11.0,4.0
O106574,C00407,2025-09-30,completed,home,card,5,27.0,6390.27,1.0,5.0
O106575,C00364,2026-07-31,completed,home,sbp,3,0.0,563.66,4.0,5.0
O106576,C00105,2026-05-24,cancelled,clothing,card,3,7.0,3017.38,,
O106577,C00714,2026-07-31,cancelled,clothing,card,3,17.0,1831.94,,
O106578,,2025-09-14,delivered,clothing,card,3,13.0,1997.86,8.0,5.0
O106579,C01932,2025-09-21,cancelled,beauty,card,4,13.0,1825.01,,
O106580,C01315,2026-07-26,completed,home,card,2,3.0,5253.6,1.0,5.0
O106581,C00351,2025-09-06,processing,electronics,card,1,11.0,262.7,3.0,
O106582,C00725,2026-01-31,delivered,electronics,sbp,5,0.0,1576.18,13.0,2.0
O106583,,2025-07-10,cancelled,clothing,card,2,13.0,1082.83,,
O106584,C00425,2025-01-23,delivered,electronics,card,5,7.0,3380.94,14.0,3.0
O106585,C01981,2025-10-03,completed,electronics,card,4,13.0,2359.55,1.0,5.0
O106586,C01312,2025-02-27,delivered,beauty,card,5,20.0,2367.26,13.0,2.0
O106587,C00963,2026-03-28,processing,beauty,card,4,30.0,3003.19,15.0,
O106588,C00874,2025-01-21,completed,electronics,card,2,15.0,1594.7,20.0,1.0
O106589,C00637,2024-09-17,completed,beauty,card,1,12.0,477.76,5.0,4.0
O106590,C00834,2024-10-23,delivered,home,card,1,2.0,2141.78,16.0,2.0
O106591,C01269,2026-07-31,completed,home,card,2,28.0,1403.12,20.0,1.0
O106592,C01857,2025-07-10,completed,beauty,sbp,5,26.0,1976.34,7.0,4.0
O106593,C00993,2025-01-29,delivered,clothing,sbp,1,26.0,1332.43,20.0,
O106594,C00370,2026-04-09,processing,home,card,5,19.0,485.91,12.0,
O106595,C01915,2025-04-08,delivered,clothing,card,3,13.0,600.91,2.0,5.0
O106596,C00630,2025-09-05,processing,toys,card,5,2.0,2092.86,15.0,
O106597,C99999,2025-04-10,completed,electronics,cash,5,1.0,960.16,10.0,2.0
O106598,C01089,2026-04-28,completed,home,card,4,27.0,3747.87,2.0,5.0
O106599,C01582,2025-05-14,completed,electronics,card,2,26.0,1823.58,6.0,5.0
O106600,C00516,2024-07-04,completed,clothing,card,1,22.0,1816.9,11.0,3.0
O106601,C00559,2026-02-05,delivered,clothing,cash,3,6.0,931.24,12.0,2.0
O106602,C00579,2026-07-31,completed,beauty,card,3,1.0,2327.64,10.0,3.0
O106603,C01614,2026-02-10,completed,electronics,cash,2,1.0,2743.36,12.0,3.0
O106604,C01915,2024-12-19,delivered,clothing,card,1,26.0,561.17,15.0,2.0
O106605,C01696,2026-06-18,delivered,electronics,card,3,27.0,3252.96,16.0,3.0
O106606,C00453,2025-11-13,delivered,clothing,cash,3,18.0,1364.54,11.0,4.0
O106607,C01699,2025-07-22,delivered,electronics,cash,1,20.0,1410.6,13.0,3.0
O106608,C00620,2025-01-20,processing,clothing,card,1,25.0,268.05,17.0,
O106609,C01734,2026-07-31,delivered,clothing,card,3,5.0,427.26,4.0,5.0
O106610,C01983,2024-08-23,processing,toys,card,3,26.0,1091.72,8.0,
O106611,C01437,2025-04-15,processing,clothing,sbp,3,8.0,1377.91,11.0,
O106612,C01911,2024-11-29,cancelled,electronics,card,4,5.0,2797.1,,
O106613,C00285,2026-01-17,completed,beauty,sbp,4,23.0,-2827.4,19.0,2.0
O106614,C01310,2026-07-31,delivered,electronics,sbp,5,28.0,1396.75,11.0,
O106615,C00104,2024-06-03,completed,beauty,card,5,3.0,1108.33,1.0,4.0
O106616,C01305,2025-07-28,completed,clothing,sbp,1,9.0,1810.12,3.0,5.0
O106617,C00682,2025-03-21,delivered,electronics,card,2,22.0,882.69,1.0,
O106618,C01940,2025-02-02,completed,toys,card,5,22.0,1683.88,6.0,
O106619,C00991,2025-08-18,delivered,clothing,card,5,14.0,3179.79,5.0,5.0
O106620,C01525,2025-10-21,cancelled,beauty,cash,1,17.0,226.82,,
O106621,C99999,2026-03-13,completed,clothing,wallet,2,25.0,556.26,16.0,2.0
O106622,C00150,2024-12-24,processing,clothing,card,5,9.0,4642.18,6.0,
O106623,C01485,2025-01-19,cancelled,clothing,card,1,19.0,218.85,,
O106624,C99999,2025-10-13,cancelled,clothing,card,3,9.0,510.42,,
O106625,C01445,2024-10-28,completed,beauty,card,5,30.0,1853.7,4.0,5.0
O106626,C00930,2026-02-06,processing,electronics,cash,1,1.0,606.21,14.0,
O106627,C01944,2024-05-01,completed,clothing,card,5,26.0,7399.74,6.0,4.0
O106628,C00706,2025-07-04,cancelled,electronics,sbp,4,13.0,2588.16,,
O106629,C00802,2025-01-10,completed,home,card,5,10.0,3723.17,18.0,3.0
O106630,C01482,2024-07-11,completed,electronics,card,1,6.0,217.43,8.0,4.0
O106631,C01572,2025-03-03,completed,clothing,card,1,14.0,572.18,14.0,2.0
O106632,C00252,2025-09-11,delivered,clothing,cash,4,26.0,805.03,9.0,2.0
O106633,C01483,2025-02-10,cancelled,home,sbp,2,29.0,2049.76,,
O106634,C00983,2026-01-21,delivered,toys,card,4,10.0,2158.45,2.0,4.0
O106635,C01978,2025-04-06,delivered,electronics,card,1,4.0,472.75,14.0,2.0
O106636,C01263,2025-04-02,completed,clothing,card,3,2.0,2215.29,7.0,3.0
O106637,C01548,2026-07-31,processing,clothing,wallet,1,12.0,332.78,4.0,
O106638,C00688,2025-09-10,completed,home,cash,4,28.0,1337.13,3.0,5.0
O106639,C00568,2024-12-02,processing,clothing,sbp,4,17.0,999999.99,15.0,
O106640,C01571,2024-11-25,cancelled,electronics,card,3,6.0,6145.55,,
O106641,C00031,2025-05-24,completed,home,card,3,10.0,1231.92,3.0,4.0
O106642,C01161,2025-07-07,CANCELED,electronics,card,1,14.0,382.68,,
O106643,C01937,2025-04-15,delivered,electronics,card,2,2.0,1716.67,12.0,4.0
O106644,C01983,2024-07-09,processing,beauty,card,4,30.0,1989.48,17.0,
O106645,C01433,2025-02-10,delivered,beauty,card,2,6.0,153.82,10.0,4.0
O106646,C00995,2026-01-11,cancelled,home,card,5,3.0,12427.25,,
O106647,C01626,2026-06-24,processing,electronics,card,1,13.0,335.72,9.0,
O106648,C00030,2025-11-11,completed,clothing,card,2,17.0,503.4,15.0,2.0
O106649,C01587,2026-07-31,delivered,clothing,cash,2,27.0,865.24,11.0,3.0
O106650,C00380,2024-10-29,delivered,home,sbp,1,4.0,326.07,6.0,4.0
O106651,C01472,2026-01-29,completed,beauty,card,5,17.0,1655.54,20.0,1.0
O106652,C00697,2026-07-26,cancelled,clothing,wallet,2,18.0,1081.56,,
O106653,C01503,2025-02-22,completed,clothing,wallet,5,9.0,556.34,11.0,3.0
O106654,C01207,2025-08-15,delivered,electronics,card,4,7.0,3547.98,17.0,2.0
O106655,C01859,2026-01-24,delivered,home,sbp,3,5.0,3171.41,4.0,3.0
O106656,C01575,2024-12-31,cancelled,clothing,card,5,13.0,637.67,,
O106657,C01829,2026-01-15,delivered,home,card,1,19.0,709.43,4.0,5.0
O106658,C00303,2024-01-12,delivered,home,card,5,14.0,1242.2,17.0,3.0
O106659,C00759,2024-12-18,completed,electronics,card,5,5.0,1735.71,5.0,3.0
O106660,C00875,2025-12-02,cancelled,beauty,card,4,9.0,2611.49,,
O106661,C00062,2026-07-31,completed,beauty,wallet,3,2.0,2956.45,15.0,2.0
O106662,C00046,2026-07-31,delivered,home,wallet,2,10.0,1284.34,1.0,5.0
O106663,C00078,2024-08-04,cancelled,electronics,card,1,1.0,162.17,,
O106664,C01535,2026-05-31,delivered,electronics,card,4,23.0,2074.77,5.0,4.0
O106665,C00894,2026-07-31,completed,electronics,wallet,3,21.0,2186.75,5.0,4.0
O106666,C01504,2025-02-26,completed,clothing,cash,3,19.0,796.68,16.0,4.0
O106667,C01670,2026-07-31,delivered,electronics,card,5,27.0,1252.35,20.0,2.0
O106668,C00073,2025-06-06,completed,beauty,wallet,1,18.0,465.38,9.0,2.0
O106669,C01696,2026-07-16,completed,clothing,card,2,16.0,1559.39,16.0,3.0
O106670,C00452,2026-06-21,completed,clothing,card,3,16.0,939.39,5.0,5.0
O106671,C00809,2025-08-04,completed,toys,card,5,8.0,2986.28,8.0,4.0
O106672,C01926,2024-06-16,delivered,home,sbp,3,15.0,539.25,4.0,5.0
O106673,C00604,2024-07-24,delivered,clothing,card,3,6.0,1835.37,12.0,4.0
O106674,C01880,2024-05-25,delivered,toys,sbp,5,14.0,573.82,6.0,4.0
O106675,C01014,2025-02-10,delivered,clothing,sbp,4,8.0,2525.38,10.0,4.0
O106676,C00027,2025-06-18,completed,home,card,4,7.0,3989.47,14.0,3.0
O106677,C01666,2025-11-05,processing,clothing,card,4,9.0,1724.65,13.0,
O106678,C00089,2026-07-31,delivered,home,card,3,3.0,2308.89,9.0,4.0
O106679,C01273,2026-07-31,cancelled,beauty,card,3,18.0,1798.75,,
O106680,C00917,2025-11-04,delivered,home,card,3,4.0,491.23,18.0,2.0
O106681,C00280,2024-06-28,completed,electronics,wallet,3,28.0,574.65,16.0,3.0
O106682,C01030,2025-02-16,delivered,toys,cash,4,15.0,1475.36,1.0,4.0
O106683,C00725,2026-02-03,completed,clothing,card,3,6.0,1312.58,11.0,4.0
O106684,C00198,2024-12-15,processing,beauty,sbp,2,29.0,526.95,20.0,
O106685,C01111,2026-05-10,delivered,electronics,wallet,4,11.0,742.56,3.0,5.0
O106686,C00088,2025-04-28,completed,clothing,wallet,2,17.0,150.0,12.0,3.0
O106687,C01077,2026-05-08,completed,toys,card,5,18.0,9398.43,2.0,5.0
O106688,C00453,2025-08-13,delivered,home,card,5,28.0,9635.47,15.0,2.0
O106689,C01662,2026-06-27,completed,electronics,cash,4,13.0,1002.58,10.0,2.0
O106690,C01901,2026-03-21,completed,home,card,4,25.0,622.62,5.0,4.0
O106691,C01865,2026-06-28,processing,electronics,card,1,3.0,1578.13,2.0,
O106692,C01876,2025-01-20,completed,clothing,sbp,5,3.0,451.99,3.0,5.0
O106693,C00201,2025-04-06,completed,electronics,wallet,4,4.0,4485.45,20.0,1.0
O106694,C01020,2024-05-30,completed,electronics,card,5,29.0,4100.45,18.0,2.0
O106695,C00449,2025-08-04,delivered,electronics,sbp,4,17.0,1490.12,11.0,3.0
O106696,C00194,2025-09-25,delivered,home,card,4,14.0,6007.21,19.0,1.0
O106697,C00785,2025-09-03,delivered,home,cash,1,18.0,290.67,4.0,5.0
O106698,C00859,2026-07-14,processing,electronics,card,2,11.0,1930.53,2.0,
O106699,C00593,2024-12-01,completed,home,card,2,18.0,807.07,5.0,4.0
O106700,C00229,2025-10-27,completed,clothing,sbp,3,17.0,558.52,9.0,4.0
O106701,C00817,2024-03-06,completed,toys,card,3,25.0,7577.42,5.0,4.0
O106702,C00311,2026-06-11,completed,beauty,sbp,3,18.0,838.68,20.0,2.0
O106703,C00082,2025-05-26,completed,toys,card,3,5.0,1048.58,11.0,2.0
O106704,C00903,2024-08-20,completed,beauty,card,2,9.0,1889.1,5.0,3.0
O106705,C00133,2024-06-10,cancelled,home,card,3,13.0,3987.25,,
O106706,C01932,2025-11-12,completed,electronics,cash,4,29.0,686.29,20.0,2.0
O106707,C01677,2025-03-09,processing,beauty,cash,4,14.0,6241.48,13.0,
O106708,C01852,2025-08-01,processing,beauty,card,2,14.0,980.55,3.0,
O106709,C00206,2024-11-23,delivered,electronics,card,5,6.0,2296.45,9.0,4.0
O106710,C00930,2026-01-12,cancelled,electronics,card,1,2.0,430.98,,
O106711,C01649,2026-07-31,delivered,clothing,card,1,21.0,486.2,14.0,2.0
O106712,C01152,2025-12-22,completed,electronics,card,2,28.0,283.07,13.0,2.0
O106713,C00614,2025-08-19,delivered,toys,wallet,3,9.0,2046.46,8.0,4.0
O106714,C01664,2025-06-13,completed,electronics,card,5,7.0,2901.0,19.0,2.0
O106715,C00619,2024-04-19,delivered,electronics,card,3,19.0,1101.87,7.0,4.0
O106716,C01948,2026-07-31,cancelled,electronics,sbp,3,30.0,1742.64,,
O106717,C00202,2026-07-31,delivered,home,wallet,2,13.0,836.36,1.0,4.0
O106718,C01412,2026-04-15,completed,home,cash,1,29.0,464.4,16.0,2.0
O106719,C00027,2025-11-07,delivered,home,card,2,7.0,1376.43,16.0,2.0
O106720,C01829,2025-08-03,Processing ,electronics,card,4,30.0,1645.1,1.0,
O106721,C00711,2026-04-12,completed,toys,card,5,6.0,1322.91,11.0,3.0
O106722,C00041,2024-10-25,completed,clothing,card,1,0.0,904.22,5.0,4.0
O106723,C01671,2026-05-21,completed,electronics,cash,2,15.0,417.01,4.0,4.0
O106724,C01935,2024-06-05,processing,electronics,sbp,1,5.0,1142.76,18.0,
O106725,C01840,2026-03-21,delivered,clothing,card,4,7.0,1497.17,10.0,4.0
O106726,C00972,2025-03-17,completed,clothing,cash,2,15.0,1985.75,14.0,2.0
O106727,C00124,2026-02-13,delivered,home,cash,5,20.0,7783.11,7.0,3.0
O106728,C00456,2026-04-25,delivered,electronics,card,4,21.0,1879.63,14.0,3.0
O106729,C00062,2026-07-31,completed,beauty,card,5,19.0,4949.86,5.0,4.0
O106730,C00089,2026-01-12,cancelled,clothing,wallet,1,9.0,815.88,,
O106731,C00318,2026-03-23,delivered,electronics,card,5,24.0,2851.73,14.0,2.0
O106732,C01127,2026-02-25,completed,home,card,2,30.0,1596.1,4.0,4.0
O106733,C01533,2026-07-31,processing,home,card,3,4.0,1181.71,10.0,
O106734,C01170,2026-07-31,completed,toys,cash,2,5.0,3665.29,11.0,2.0
O106735,C00410,2024-07-23,completed,clothing,wallet,4,27.0,2108.47,9.0,3.0
O106736,C01204,2025-12-03,completed,electronics,card,5,4.0,1373.56,6.0,3.0
O106737,C00462,2024-08-25,completed,toys,card,3,16.0,1044.63,10.0,5.0
O106738,C00923,2025-04-14,delivered,clothing,wallet,2,21.0,2004.51,6.0,2.0
O106739,C01778,2024-11-02,completed,home,cash,3,20.0,707.89,14.0,2.0
O106740,C00270,2025-11-04,completed,electronics,wallet,3,8.0,6715.73,6.0,4.0
O106741,C01750,2026-07-31,processing,clothing,cash,4,30.0,5601.46,16.0,
O106742,C00542,2024-05-10,completed,toys,sbp,1,2.0,184.02,7.0,3.0
O106743,C01341,2025-08-19,completed,toys,card,1,16.0,914.76,10.0,2.0
O106744,C00523,2024-09-18,completed,toys,card,4,23.0,908.76,11.0,2.0
O106745,C00329,2025-03-28,cancelled,beauty,card,1,27.0,252.94,,
O106746,C00901,2024-04-20,completed,clothing,card,2,0.0,677.22,4.0,3.0
O106747,C00763,2026-07-31,completed,home,card,5,10.0,1360.44,13.0,3.0
O106748,C01015,2025-12-17,cancelled,electronics,card,3,29.0,2641.14,,
O106749,C00473,2025-05-20,completed,beauty,card,1,25.0,603.58,4.0,5.0
O106750,C01957,2025-11-29,cancelled,home,cash,2,2.0,1381.97,,
O106751,C01344,2025-07-22,delivered,home,card,5,29.0,2469.68,16.0,2.0
O106752,C01682,2024-12-06,cancelled,clothing,sbp,4,21.0,1292.06,,
O106753,C01560,2026-07-31,completed,electronics,card,4,5.0,1299.56,1.0,5.0
O106754,C01449,2026-02-20,processing,beauty,card,2,6.0,2386.68,14.0,
O106755,C00285,2025-04-09,completed,toys,card,5,15.0,1863.8,5.0,4.0
O106756,C01177,2025-03-20,completed,clothing,card,1,22.0,1504.98,13.0,3.0
O106757,C01796,2025-04-10,cancelled,electronics,card,1,27.0,296.38,,
O106758,C00193,2026-02-20,completed,toys,card,3,13.0,1533.64,7.0,3.0
O106759,C00926,2026-05-26,completed,home,sbp,5,11.0,3155.65,13.0,3.0
O106760,C00369,2024-01-24,delivered,home,card,5,22.0,6342.25,18.0,2.0
O106761,C01591,2026-01-26,completed,toys,sbp,2,21.0,2140.16,9.0,4.0
O106762,C01863,2026-07-31,Completed,home,card,5,22.0,3150.62,9.0,4.0
O106763,C00104,2024-04-10,delivered,home,card,2,3.0,1046.17,15.0,2.0
O106764,C01603,2026-07-31,completed,home,cash,5,11.0,1190.91,20.0,1.0
O106765,C00722,2026-07-31,delivered,clothing,card,1,9.0,422.44,8.0,3.0
O106766,C01928,2025-03-15,delivered,electronics,card,3,30.0,9034.35,11.0,3.0
O106767,C00030,2026-01-09,completed,electronics,card,1,20.0,228.88,8.0,3.0
O106768,C00383,2026-07-31,completed,home,card,3,20.0,942.54,5.0,5.0
O106769,C01437,2025-03-28,completed,electronics,card,3,13.0,489.27,16.0,3.0
O106770,C01557,2026-04-23,CANCELED,toys,wallet,4,28.0,1084.07,,
O106771,C00159,2025-06-07,completed,clothing,card,4,20.0,764.93,10.0,3.0
O106772,C00321,2025-06-06,delivered,home,sbp,2,19.0,369.62,15.0,3.0
O106773,C00677,2026-02-20,completed,electronics,wallet,5,,3189.78,10.0,3.0
O106774,C00070,2026-02-26,delivered,clothing,card,1,8.0,883.91,3.0,5.0
O106775,C01564,2026-07-31,completed,clothing,sbp,1,28.0,653.37,3.0,3.0
O106776,C01340,2025-04-29,completed,beauty,wallet,1,13.0,217.6,8.0,4.0
O106777,C01498,2026-05-03,completed,electronics,card,3,3.0,384.28,17.0,2.0
O106778,C00940,2026-01-14,completed,clothing,card,5,5.0,479.85,6.0,4.0
O106779,C01281,2026-07-31,delivered,beauty,sbp,1,19.0,185.83,7.0,3.0
O106780,C01146,2025-07-08,delivered,home,cash,4,24.0,867.41,18.0,1.0
O106781,C01389,2026-04-03,processing,beauty,sbp,4,14.0,1365.42,12.0,
O106782,C00902,2024-03-14,completed,beauty,card,2,18.0,1215.55,19.0,1.0
O106783,C01303,2026-07-27,completed,home,card,1,28.0,361.62,9.0,3.0
O106784,C01291,2024-12-06,cancelled,clothing,cash,4,4.0,7001.29,,
O106785,C01283,2025-09-14,delivered,clothing,card,4,26.0,12477.46,13.0,3.0
O106786,C01745,2025-04-28,completed,electronics,cash,4,16.0,1810.13,16.0,3.0
O106787,C00700,2025-02-17,completed,electronics,card,4,9.0,426.25,11.0,2.0
O106788,C01758,2026-01-04,delivered,home,card,3,4.0,962.1,9.0,4.0
O106789,C00057,2025-12-31,completed,beauty,sbp,2,25.0,796.1,20.0,1.0
O106790,C00973,2025-05-21,delivered,home,cash,1,17.0,853.02,7.0,3.0
O106791,C00884,2025-04-29,completed,clothing,cash,3,17.0,507.62,20.0,1.0
O106792,C01737,2026-02-19,processing,beauty,wallet,4,20.0,537.99,14.0,
O106793,C00091,2025-06-22,delivered,clothing,card,1,9.0,607.67,4.0,4.0
O106794,C00434,2024-09-10,cancelled,electronics,cash,2,3.0,636.31,,
O106795,C00938,2025-02-06,Completed,electronics,card,3,2.0,942.49,18.0,1.0
O106796,C01631,2025-11-04,delivered,beauty,card,2,21.0,487.54,3.0,4.0
O106797,C00929,2025-10-07,cancelled,home,sbp,5,,1783.64,,
O106798,C01278,2026-01-07,completed,home,wallet,3,3.0,1733.47,18.0,2.0
O106799,C00358,2026-06-30,delivered,home,card,3,19.0,216.18,10.0,4.0
O106800,C01887,2026-05-27,completed,home,sbp,2,13.0,998.48,11.0,3.0
O106801,C01569,2026-07-31,Completed,clothing,card,5,15.0,4270.63,15.0,3.0
O106802,C00086,2025-10-09,cancelled,home,cash,4,3.0,2818.67,,
O106803,C01409,2024-10-12,delivered,electronics,sbp,3,4.0,7977.61,11.0,3.0
O106804,C00259,2024-07-03,cancelled,electronics,cash,2,20.0,694.47,,
O106805,C01120,2026-02-04,completed,clothing,cash,1,27.0,457.45,15.0,3.0
O106806,C01417,2025-11-02,cancelled,electronics,sbp,5,7.0,6824.54,,
O106807,C01852,2024-12-28,delivered,beauty,card,1,17.0,514.52,9.0,4.0
O106808,C00142,2025-04-01,completed,electronics,cash,3,,4929.53,9.0,3.0
O106809,C00575,2024-11-09,cancelled,clothing,cash,3,29.0,2841.51,,
O106810,C01381,2026-07-31,completed,clothing,card,3,16.0,1658.54,17.0,1.0
O106811,C00525,2025-02-08,completed,home,wallet,4,8.0,1952.99,10.0,3.0
O106812,C01426,2026-07-31,cancelled,electronics,card,1,3.0,408.39,,
O106813,C00367,2026-02-19,completed,beauty,card,2,5.0,958.51,3.0,5.0
O106814,C00328,2024-08-13,completed,clothing,sbp,1,25.0,250.53,17.0,2.0
O106815,C01089,2025-08-24,completed,electronics,card,2,27.0,1694.37,12.0,3.0
O106816,C01379,2026-03-22,cancelled,electronics,cash,2,19.0,4557.78,,
O106817,C00411,2025-01-19,completed,toys,wallet,5,23.0,578.23,14.0,3.0
O106818,C01748,2025-06-28,completed,clothing,sbp,2,6.0,2530.64,14.0,2.0
O106819,C01738,2024-05-11,completed,clothing,cash,3,6.0,1794.03,5.0,5.0
O106820,C00163,2026-01-05,completed,electronics,wallet,1,3.0,-1136.31,20.0,1.0
O106821,C00609,2026-07-31,completed,clothing,card,4,10.0,1232.34,14.0,3.0
O106822,C01113,2024-09-11,cancelled,clothing,card,3,18.0,1278.6,,
O106823,C00982,2026-02-11,cancelled,electronics,cash,5,,6780.89,,
O106824,C00510,2024-12-06,cancelled,beauty,cash,4,3.0,1894.78,,
O106825,C01060,2025-08-23,delivered,beauty,sbp,4,21.0,3813.45,10.0,3.0
O106826,C01926,2024-10-20,completed,clothing,card,5,2.0,1538.68,18.0,2.0
O106827,C00616,2026-06-20,completed,electronics,card,1,6.0,420.46,7.0,3.0
O106828,C00439,2024-11-20,delivered,clothing,card,3,1.0,2221.79,5.0,4.0
O106829,C01477,2025-08-04,completed,toys,card,2,2.0,1362.23,4.0,4.0
O106830,C01142,2025-04-01,delivered,home,sbp,2,1.0,1909.61,15.0,2.0
O106831,C01385,2025-10-09,completed,electronics,card,2,25.0,750.23,4.0,2.0
O106832,C01293,2025-08-09,delivered,home,card,5,5.0,2463.7,5.0,4.0
O106833,C01522,2026-06-15,completed,clothing,card,5,0.0,5349.53,5.0,4.0
O106834,C01459,2024-10-11,delivered,electronics,card,3,24.0,4687.75,13.0,2.0
O106835,C01212,2026-05-18,processing,toys,card,5,18.0,1259.2,8.0,
O106836,C00909,2025-07-02,completed,electronics,sbp,2,29.0,2549.29,9.0,3.0
O106837,C00921,2026-07-09,completed,clothing,wallet,4,9.0,1065.66,1.0,5.0
O106838,C00531,2026-05-04,completed,home,card,1,29.0,581.86,9.0,4.0
O106839,C00898,2024-05-05,completed,home,card,1,13.0,617.54,10.0,4.0
O106840,C01211,2026-05-28,delivered,electronics,card,1,18.0,333.67,3.0,
O106841,C01434,2025-06-19,processing,home,card,3,2.0,1282.5,18.0,
O106842,C01546,2025-11-24,cancelled,home,cash,4,3.0,478.64,,
O106843,C00755,2025-11-25,delivered,beauty,card,1,5.0,879.91,10.0,3.0
O106844,C01466,2024-07-12,Processing ,electronics,card,1,22.0,394.62,1.0,
O106845,C00875,2026-04-13,completed,electronics,sbp,5,15.0,2382.59,11.0,
O106846,C00717,2026-03-11,processing,toys,cash,2,22.0,623.45,2.0,
O106847,C00328,2024-07-15,Completed,home,card,4,11.0,3528.87,12.0,2.0
O106848,C00532,2024-12-12,completed,clothing,card,1,11.0,571.48,5.0,
O106849,C01360,2025-11-10,processing,home,card,3,13.0,589.5,20.0,
O106850,C00433,2026-07-31,delivered,electronics,card,2,11.0,900.72,11.0,3.0
O106851,C00154,2024-09-28,completed,toys,sbp,4,0.0,861.13,6.0,5.0
O106852,C00544,2025-02-28,delivered,home,card,4,9.0,2003.35,13.0,2.0
O106853,C01982,2026-05-27,completed,beauty,card,1,28.0,850.83,20.0,1.0
O106854,C00300,2024-12-28,completed,home,card,2,23.0,1149.73,5.0,4.0
O106855,C00288,2026-03-24,completed,beauty,card,3,16.0,2092.46,16.0,2.0
O106856,C00807,2025-06-10,delivered,clothing,card,1,13.0,1147.9,19.0,2.0
O106857,C00766,2026-07-31,completed,electronics,wallet,1,13.0,255.97,9.0,2.0
O106858,C01841,2025-11-26,completed,clothing,card,5,21.0,1734.59,19.0,2.0
O106859,C00476,2026-06-25,completed,beauty,card,1,26.0,150.0,17.0,2.0
O106860,C00835,2026-02-25,completed,home,card,4,14.0,1454.91,11.0,3.0
O106861,C00582,2026-04-09,delivered,clothing,card,3,1.0,905.03,20.0,2.0
O106862,C00500,2025-05-03,delivered,electronics,sbp,5,20.0,4157.41,4.0,4.0
O106863,C00645,2026-07-31,completed,home,card,3,13.0,2138.14,19.0,2.0
O106864,C00515,2026-07-08,completed,home,card,1,26.0,1637.12,7.0,4.0
O106865,C01437,2025-10-22,completed,clothing,cash,4,17.0,1319.7,10.0,4.0
O106866,C01581,2024-12-01,delivered,home,sbp,4,0.0,2706.95,6.0,4.0
O106867,C00354,2025-11-30,cancelled,electronics,wallet,2,8.0,1781.84,,
O106868,C00992,2025-05-19,completed,clothing,card,2,8.0,6162.23,6.0,4.0
O106869,C00528,2024-08-05,completed,clothing,cash,3,8.0,2094.48,15.0,2.0
O106870,C01736,2026-02-03,completed,electronics,card,3,14.0,1422.5,11.0,3.0
O106871,C00203,2025-10-15,delivered,clothing,sbp,2,5.0,1089.7,2.0,5.0
O106872,C00819,2026-06-11,completed,beauty,wallet,4,24.0,2859.89,16.0,3.0
O106873,C00663,2024-07-02,delivered,electronics,cash,5,21.0,7391.92,1.0,5.0
O106874,C00727,2026-05-01,delivered,electronics,cash,1,10.0,350.58,4.0,4.0
O106875,C01883,2025-01-30,completed,clothing,cash,4,20.0,1116.05,8.0,4.0
O106876,C99999,2026-07-31,completed,clothing,card,3,27.0,12041.8,9.0,4.0
O106877,C00761,2025-03-10,processing,beauty,card,1,12.0,200.05,13.0,
O106878,C01616,2024-09-17,completed,beauty,cash,2,14.0,1954.04,2.0,4.0
O106879,C01555,2025-04-25,delivered,home,wallet,5,3.0,3437.26,18.0,2.0
O106880,C00290,2025-05-14,delivered,electronics,cash,1,17.0,637.52,1.0,5.0
O106881,C00924,2024-07-14,completed,electronics,card,1,5.0,184.55,1.0,5.0
O106882,C00825,2025-08-04,cancelled,clothing,card,4,0.0,17215.25,,
O106883,C00900,2025-07-31,completed,home,card,3,12.0,1702.38,6.0,4.0
O106884,C00698,2025-07-11,completed,electronics,card,2,21.0,652.65,5.0,4.0
O106885,C01648,2025-10-24,delivered,beauty,card,4,7.0,680.31,15.0,3.0
O106886,C01992,2025-09-22,processing,toys,card,3,,295.87,13.0,
O106887,C00054,2025-05-27,completed,home,card,2,22.0,1731.02,8.0,3.0
O106888,C01714,2026-05-31,delivered,clothing,card,4,5.0,1008.48,7.0,3.0
O106889,C01730,2024-05-01,completed,beauty,card,5,2.0,1988.13,13.0,1.0
O106890,C00732,2025-11-04,delivered,electronics,wallet,3,0.0,912.96,18.0,2.0
O106891,C00971,2025-02-05,completed,toys,card,4,12.0,3030.68,8.0,3.0
O106892,C00205,2025-08-01,completed,clothing,card,1,12.0,672.92,9.0,3.0
O106893,C00703,2025-02-02,processing,home,card,1,27.0,899.33,5.0,
O106894,C00477,2026-07-31,Processing ,electronics,card,1,22.0,927.21,11.0,
O106895,C01814,2026-01-10,completed,home,wallet,2,10.0,555.77,2.0,4.0
O106896,C00215,2026-03-29,processing,electronics,cash,2,,335.57,17.0,
O106897,C00680,2026-07-31,completed,electronics,sbp,5,23.0,2187.82,11.0,3.0
O106898,C00962,2025-05-10,delivered,clothing,card,5,5.0,3726.82,6.0,4.0
O106899,C01956,2025-01-30,delivered,electronics,card,4,9.0,2149.32,4.0,5.0
O106900,C01635,2025-05-16,cancelled,electronics,sbp,5,22.0,552.25,,
O106901,C01873,2026-04-07,completed,beauty,card,5,20.0,2579.69,2.0,5.0
O106902,C00621,2025-05-10,delivered,electronics,card,3,28.0,663.91,20.0,1.0
O106903,C00536,2024-10-09,delivered,home,card,2,17.0,1003.1,7.0,3.0
O106904,C01143,2026-05-24,completed,electronics,wallet,3,7.0,3197.84,19.0,2.0
O106905,C00682,2024-08-04,processing,home,card,1,,150.0,19.0,
O106906,C00032,2024-08-20,completed,toys,wallet,4,9.0,6581.29,1.0,5.0
O106907,C01625,2025-11-06,Processing ,clothing,card,5,4.0,1067.0,12.0,
O106908,C00190,2025-01-17,delivered,toys,card,5,16.0,5465.24,16.0,2.0
O106909,C00392,2025-06-01,completed,home,card,2,1.0,1931.35,5.0,4.0
O106910,C01887,2026-03-19,cancelled,home,card,3,6.0,1161.73,,
O106911,C01464,2024-07-01,completed,electronics,card,5,4.0,3543.97,13.0,2.0
O106912,C01285,2025-06-28,completed,toys,card,4,25.0,1124.52,16.0,
O106913,C00259,2025-05-24,delivered,beauty,card,1,23.0,150.0,16.0,2.0
O106914,C00502,2025-10-21,cancelled,electronics,card,1,27.0,1224.38,,
O106915,C00412,2024-10-28,delivered,electronics,card,5,30.0,1426.39,18.0,1.0
O106916,C01283,2025-07-11,completed,clothing,wallet,5,27.0,10405.18,3.0,4.0
O106917,C01002,2025-12-10,completed,electronics,card,4,8.0,3994.65,20.0,2.0
O106918,C00722,2026-07-31,cancelled,clothing,wallet,3,3.0,752.14,,
O106919,C01492,2025-05-18,processing,toys,cash,5,8.0,3945.31,13.0,
O106920,C01556,2025-04-08,delivered,beauty,sbp,3,28.0,2255.02,20.0,1.0
O106921,C01479,2025-05-07,delivered,clothing,cash,4,11.0,7819.09,9.0,3.0
O106922,C00212,2025-11-01,completed,electronics,card,2,22.0,666.46,10.0,3.0
O106923,C01218,2026-05-13,delivered,home,sbp,2,11.0,818.38,14.0,3.0
O106924,C00421,2026-07-10,completed,toys,sbp,1,17.0,696.89,5.0,4.0
O106925,C00545,2026-07-31,completed,beauty,sbp,3,19.0,1499.88,3.0,
O106926,C01957,2025-11-11,completed,beauty,sbp,2,27.0,324.06,20.0,2.0
O106927,C00831,2025-07-31,delivered,beauty,card,4,13.0,4438.91,15.0,2.0
O106928,C01576,2024-12-20,delivered,clothing,wallet,5,29.0,8848.32,12.0,3.0
O106929,C00493,2026-05-21,completed,electronics,wallet,5,19.0,2785.27,6.0,4.0
O106930,C01945,2025-11-29,cancelled,beauty,sbp,3,13.0,534.05,,
O106931,C00555,2026-07-28,completed,home,cash,4,3.0,1800.48,14.0,2.0
O106932,C00364,2026-06-25,Processing ,beauty,sbp,3,30.0,714.2,9.0,
O106933,C00647,2025-11-12,cancelled,home,cash,4,22.0,1601.97,,
O106934,C00347,2026-07-31,cancelled,electronics,card,1,30.0,571.55,,
O106935,C01198,2026-07-31,cancelled,electronics,wallet,1,23.0,832.84,,
O106936,C00289,2026-04-23,cancelled,beauty,card,1,10.0,1516.45,,
O106937,C00416,2026-04-10,delivered,clothing,sbp,2,29.0,1627.56,16.0,2.0
O106938,C01405,2024-06-30,delivered,electronics,card,4,5.0,845.48,5.0,4.0
O106939,C00086,2026-07-31,cancelled,home,card,3,20.0,2550.65,,
O106940,C00881,2024-09-26,completed,electronics,card,5,12.0,1960.29,12.0,3.0
O106941,C01385,2025-06-10,delivered,home,cash,1,17.0,429.08,12.0,2.0
O106942,C00891,2025-03-29,completed,home,card,3,0.0,1461.75,5.0,5.0
O106943,C00044,2025-03-13,delivered,home,sbp,2,18.0,1097.96,17.0,2.0
O106944,C00317,2026-03-15,completed,toys,card,2,15.0,2215.5,16.0,2.0
O106945,C01942,2025-03-16,delivered,electronics,cash,3,2.0,2199.69,17.0,2.0
O106946,C01545,2024-10-25,completed,toys,card,2,9.0,381.74,11.0,2.0
O106947,C00701,2025-06-04,completed,beauty,card,2,10.0,296.33,5.0,4.0
O106948,C01748,2025-01-28,completed,beauty,card,3,5.0,2486.85,12.0,2.0
O106949,C00014,2026-03-17,delivered,beauty,card,2,27.0,1516.41,13.0,2.0
O106950,C00095,2026-04-28,processing,electronics,sbp,4,23.0,5405.62,4.0,
O106951,C01770,2024-12-29,completed,clothing,card,2,27.0,910.84,20.0,1.0
O106952,,2026-07-31,completed,electronics,sbp,3,3.0,1849.39,9.0,4.0
O106953,C01200,2025-10-19,delivered,home,cash,1,29.0,721.94,3.0,5.0
O106954,C00690,2025-12-28,delivered,electronics,card,5,15.0,710.47,16.0,2.0
O106955,C01635,2025-01-27,completed,electronics,wallet,1,20.0,150.0,13.0,4.0
O106956,C01217,2025-06-06,Completed,toys,sbp,4,30.0,3551.08,2.0,4.0
O106957,C00871,2025-09-21,cancelled,toys,card,4,6.0,2648.31,,
O106958,C00762,2025-11-06,completed,home,card,1,26.0,1447.2,3.0,4.0
O106959,C00709,2025-08-03,delivered,clothing,card,1,25.0,2153.81,8.0,4.0
O106960,C01151,2025-09-04,completed,beauty,card,1,9.0,387.49,2.0,5.0
O106961,C01311,2025-09-12,processing,toys,card,5,17.0,1858.35,2.0,
O106962,C01610,2024-12-04,cancelled,electronics,card,3,21.0,499.37,,
O106963,C00813,2026-07-31,delivered,electronics,card,1,2.0,745.8,6.0,5.0
O106964,C00508,2024-10-14,processing,toys,card,5,1.0,474.77,15.0,
O106965,C01113,2024-08-03,completed,electronics,card,5,1.0,1133.63,18.0,2.0
O106966,C01167,2024-04-09,delivered,home,cash,3,24.0,1892.27,14.0,3.0
O106967,C00556,2025-05-31,cancelled,home,card,3,19.0,872.64,,
O106968,C00147,2024-11-29,cancelled,clothing,card,5,10.0,2372.34,,
O106969,C00666,2026-07-31,delivered,electronics,card,3,20.0,1252.63,7.0,4.0
O106970,C00142,2025-02-03,completed,home,card,1,19.0,202.43,14.0,2.0
O106971,C00165,2025-03-04,completed,home,card,4,9.0,377.52,20.0,1.0
O106972,C01932,2026-01-19,completed,toys,cash,2,15.0,1725.4,2.0,
O106973,C01563,2025-07-14,cancelled,clothing,card,4,29.0,1709.6,,
O106974,C00071,2026-05-23,completed,toys,cash,1,27.0,646.55,17.0,4.0
O106975,C00698,2026-02-22,delivered,electronics,card,2,5.0,940.43,16.0,2.0
O106976,C00510,2025-03-13,completed,electronics,card,2,7.0,927.12,19.0,1.0
O106977,C01950,2025-04-30,delivered,toys,card,2,4.0,1123.21,20.0,2.0
O106978,C00876,2025-08-11,completed,electronics,cash,3,,1267.41,2.0,5.0
O106979,C00520,2025-10-05,delivered,electronics,cash,3,,1127.53,18.0,1.0
O106980,C01270,2024-05-24,completed,electronics,sbp,5,16.0,1102.59,4.0,4.0
O106981,C00951,2024-08-04,completed,home,card,4,15.0,14361.39,18.0,2.0
O106982,C00375,2026-07-31,completed,beauty,wallet,3,1.0,3308.29,13.0,3.0
O106983,C00612,2025-12-24,processing,toys,wallet,2,14.0,3248.53,20.0,
O106984,C00255,2025-10-05,delivered,electronics,card,2,2.0,2719.98,20.0,2.0
O106985,C01388,2024-11-12,delivered,clothing,sbp,2,21.0,788.21,6.0,4.0
O106986,C01942,2025-02-08,processing,clothing,card,4,10.0,1704.28,11.0,
O106987,C01617,2026-07-31,delivered,toys,wallet,5,6.0,2469.41,20.0,1.0
O106988,C00751,2026-07-31,delivered,home,wallet,4,5.0,1472.85,16.0,1.0
O106989,C00975,2025-03-12,delivered,clothing,card,5,16.0,4972.91,11.0,2.0
O106990,C00122,2026-05-19,completed,electronics,card,1,5.0,257.04,15.0,2.0
O106991,C00734,2026-07-31,completed,clothing,cash,1,15.0,209.88,3.0,5.0
O106992,C00065,2025-07-24,cancelled,home,card,4,1.0,698.67,,
O106993,C01490,2025-04-27,completed,clothing,cash,5,28.0,1901.17,18.0,1.0
O106994,C01819,2024-07-07,completed,home,card,3,4.0,1013.45,9.0,4.0
O106995,C00383,2026-07-31,cancelled,clothing,card,3,24.0,901.05,,
O106996,C01348,2026-01-21,completed,electronics,card,3,30.0,1580.68,2.0,5.0
O106997,C01199,2026-07-31,delivered,home,sbp,1,27.0,193.9,4.0,4.0
O106998,C00836,2026-04-11,delivered,home,cash,5,,4461.58,12.0,2.0
O106999,C01468,2024-12-20,completed,electronics,cash,1,27.0,204.87,1.0,4.0
O107000,C01360,2025-08-02,completed,home,sbp,4,15.0,771.35,20.0,1.0
O107001,C00539,2026-03-28,completed,beauty,sbp,3,3.0,883.3,8.0,4.0
O107002,C01597,2026-02-02,cancelled,home,card,5,23.0,2206.09,,
O107003,C01312,2024-12-31,cancelled,home,card,4,15.0,3923.44,,
O107004,C00625,2025-12-03,cancelled,home,card,5,7.0,2320.93,,
O107005,C01471,2026-07-31,completed,clothing,card,4,26.0,545.96,6.0,5.0
O107006,C01282,2026-03-01,completed,electronics,card,4,13.0,2911.19,18.0,1.0
O107007,C00235,2025-04-19,delivered,clothing,sbp,3,25.0,2150.09,17.0,2.0
O107008,C00333,2025-07-16,delivered,electronics,card,1,9.0,309.73,16.0,4.0
O107009,C00648,2025-07-28,completed,home,card,5,28.0,2824.58,18.0,
O107010,C00089,2025-12-14,completed,home,cash,2,28.0,3105.15,16.0,2.0
O107011,C00813,2026-05-25,completed,electronics,cash,2,1.0,493.63,6.0,4.0
O107012,C00924,2024-09-12,completed,toys,card,4,30.0,4250.07,14.0,4.0
O107013,C01552,2026-04-08,delivered,toys,sbp,1,13.0,1356.2,11.0,3.0
O107014,C00343,2025-08-09,processing,electronics,wallet,1,1.0,567.17,14.0,
O107015,C01136,2024-04-29,completed,clothing,card,5,3.0,921.73,19.0,1.0
O107016,C01330,2024-12-31,delivered,electronics,wallet,5,10.0,7009.13,2.0,4.0
O107017,C00900,2025-07-20,completed,toys,card,5,3.0,5126.77,4.0,5.0
O107018,C01815,2026-07-29,completed,home,card,1,,764.11,19.0,2.0
O107019,C00638,2025-07-25,completed,home,sbp,2,,945.05,5.0,5.0
O107020,C00816,2026-06-26,completed,toys,sbp,3,7.0,3731.32,10.0,3.0
O107021,C00009,2024-07-15,completed,home,cash,2,30.0,499.24,8.0,4.0
O107022,C00822,2026-07-17,delivered,beauty,card,1,14.0,978.18,17.0,3.0
O107023,C00041,2025-01-15,delivered,electronics,card,1,23.0,380.94,5.0,3.0
O107024,C01968,2026-02-17,delivered,electronics,card,4,11.0,515.5,4.0,5.0
O107025,C00481,2025-04-19,delivered,clothing,card,5,16.0,1102.96,1.0,5.0
O107026,C01625,2025-11-09,completed,beauty,card,4,16.0,2722.85,7.0,3.0
O107027,C00234,2026-05-27,completed,electronics,wallet,1,25.0,588.6,18.0,1.0
O107028,C00549,2025-04-17,completed,clothing,card,3,24.0,2107.42,17.0,2.0
O107029,C00240,2025-12-09,completed,beauty,cash,3,19.0,1102.1,2.0,5.0
O107030,C00738,2025-04-10,completed,electronics,cash,1,4.0,583.37,20.0,2.0
O107031,C01206,2026-07-21,processing,home,cash,1,2.0,812.71,8.0,
O107032,C00840,2026-07-31,processing,electronics,wallet,3,2.0,9765.03,3.0,
O107033,C01211,2026-07-06,cancelled,electronics,sbp,2,19.0,720.14,,
O107034,C01613,2026-02-24,delivered,clothing,card,2,26.0,2237.1,6.0,3.0
O107035,C99999,2026-07-31,delivered,beauty,sbp,2,2.0,1653.12,7.0,4.0
O107036,C00849,2026-04-08,delivered,electronics,wallet,1,18.0,543.55,13.0,3.0
O107037,C01188,2026-05-31,delivered,clothing,card,5,11.0,869.88,3.0,
O107038,C01047,2025-04-19,completed,home,card,1,28.0,1498.02,11.0,3.0
O107039,C00292,2025-05-25,processing,clothing,card,3,11.0,1803.86,3.0,
O107040,C00414,2024-12-03,cancelled,clothing,card,5,22.0,1535.67,,
O107041,C00755,2026-03-19,completed,clothing,sbp,2,30.0,485.72,13.0,2.0
O107042,C01303,2026-04-12,delivered,toys,sbp,2,10.0,1214.33,14.0,1.0
O107043,C01980,2026-07-31,cancelled,beauty,card,3,3.0,698.06,,
O107044,C00737,2026-06-26,processing,electronics,card,1,29.0,312.64,9.0,
O107045,C01045,2026-03-22,completed,home,card,4,26.0,1228.06,6.0,4.0
O107046,C00613,2026-03-02,delivered,clothing,sbp,1,6.0,511.29,19.0,1.0
O107047,C00069,2025-02-04,completed,clothing,card,4,9.0,3186.53,20.0,2.0
O107048,C00797,2026-06-22,completed,clothing,cash,4,16.0,1528.65,3.0,4.0
O107049,C00696,2024-09-03,completed,beauty,cash,2,14.0,831.38,20.0,2.0
O107050,C00302,2026-02-03,completed,beauty,card,2,15.0,1074.66,12.0,3.0
O107051,C01342,2024-06-12,completed,home,card,1,27.0,270.74,13.0,2.0
O107052,C00517,2026-06-13,delivered,electronics,sbp,1,25.0,308.03,14.0,2.0
O107053,C00450,2025-03-15,cancelled,home,card,5,13.0,1695.23,,
O107054,C00779,2024-12-13,delivered,clothing,card,1,22.0,620.43,19.0,2.0
O107055,C01929,2024-11-27,completed,clothing,card,1,20.0,1784.75,19.0,1.0
O107056,C01273,2026-07-31,delivered,toys,card,1,15.0,181.9,9.0,3.0
O107057,C00851,2026-07-31,cancelled,toys,card,3,27.0,1789.93,,
O107058,C01642,2024-03-08,delivered,toys,card,4,22.0,1640.34,18.0,2.0
O107059,C00043,2026-04-14,delivered,home,card,2,6.0,860.34,10.0,3.0
O107060,C00674,2024-07-14,completed,home,card,5,10.0,1667.42,6.0,3.0
O107061,C01082,2026-07-31,completed,clothing,cash,4,10.0,4911.28,15.0,2.0
O107062,C00978,2025-06-28,processing,toys,card,5,28.0,353.81,1.0,
O107063,C01353,2026-02-08,completed,clothing,card,2,18.0,397.28,15.0,2.0
O107064,C01404,2025-07-11,completed,electronics,sbp,3,0.0,3535.54,14.0,2.0
O107065,C00912,2024-10-20,completed,electronics,card,2,11.0,2502.42,10.0,3.0
O107066,C01860,2026-03-12,delivered,beauty,sbp,2,20.0,4028.33,12.0,3.0
O107067,C01857,2025-04-01,delivered,clothing,sbp,5,13.0,3148.7,11.0,3.0
O107068,C00951,2025-03-22,delivered,beauty,card,2,20.0,1449.4,5.0,4.0
O107069,C01804,2025-05-07,cancelled,home,card,3,22.0,333.0,,
O107070,C01282,2026-04-21,completed,electronics,wallet,4,2.0,1975.63,11.0,4.0
O107071,C00278,2026-07-31,completed,beauty,card,2,26.0,1541.94,10.0,3.0
O107072,C00240,2025-08-18,processing,beauty,card,5,21.0,1667.54,13.0,
O107073,C00160,2026-07-31,delivered,electronics,card,2,11.0,915.42,15.0,2.0
O107074,C00424,2026-01-16,cancelled,electronics,wallet,5,14.0,6602.39,,
O107075,C00625,2025-10-25,delivered,home,card,4,8.0,6321.42,5.0,4.0
O107076,C00139,2025-07-22,completed,electronics,wallet,5,18.0,3009.96,9.0,3.0
O107077,C01217,2025-04-09,processing,clothing,card,3,22.0,1419.32,13.0,
O107078,C00823,2024-10-29,completed,toys,card,4,16.0,3531.34,5.0,5.0
O107079,C01204,2026-07-31,delivered,electronics,card,4,18.0,1466.67,4.0,4.0
O107080,C01007,2026-07-31,completed,clothing,card,1,23.0,1135.97,3.0,5.0
O107081,C00544,2024-06-24,delivered,electronics,card,1,23.0,323.79,8.0,4.0
O107082,C01230,2025-04-22,delivered,clothing,cash,5,24.0,4489.26,16.0,
O107083,C01903,2026-06-23,completed,clothing,cash,3,29.0,1455.15,9.0,2.0
O107084,C00634,2025-06-22,processing,electronics,card,1,21.0,300.27,7.0,
O107085,C00615,2026-01-12,completed,beauty,card,4,7.0,2627.11,14.0,1.0
O107086,C01033,2026-07-02,completed,beauty,cash,2,7.0,720.04,16.0,2.0
O107087,C01609,2025-01-04,completed,clothing,card,2,23.0,2183.25,2.0,5.0
O107088,C01063,2025-04-22,delivered,beauty,sbp,5,3.0,1112.07,19.0,2.0
O107089,C01664,2026-03-20,delivered,electronics,card,3,8.0,1769.33,3.0,4.0
O107090,C00149,2026-07-31,delivered,clothing,wallet,3,25.0,822.99,15.0,3.0
O107091,C00197,2025-04-10,delivered,beauty,card,3,7.0,3864.25,2.0,5.0
O107092,C00813,2026-05-21,cancelled,home,card,2,23.0,1745.66,,
O107093,C00466,2026-07-22,processing,toys,card,4,22.0,1901.62,8.0,
O107094,C00047,2025-11-11,cancelled,home,card,3,,1460.28,,
O107095,C00431,2024-12-17,completed,toys,card,2,8.0,3792.07,5.0,5.0
O107096,C00543,2025-04-05,delivered,electronics,card,4,10.0,3617.65,8.0,4.0
O107097,C01840,2025-05-26,completed,electronics,card,3,0.0,807.53,16.0,2.0
O107098,C01565,2025-11-04,completed,clothing,card,2,18.0,2081.64,10.0,3.0
O107099,C00703,2024-09-09,delivered,beauty,card,4,13.0,1256.52,17.0,2.0
O107100,C01917,2025-08-13,delivered,electronics,sbp,3,4.0,1670.72,17.0,1.0
O107101,C01673,2025-03-16,delivered,electronics,sbp,1,11.0,150.0,5.0,4.0
O107102,C00502,2026-03-28,delivered,toys,card,2,3.0,1891.45,9.0,4.0
O107103,C00957,2025-06-08,delivered,home,card,4,0.0,1153.5,13.0,2.0
O107104,C01844,2026-03-23,processing,clothing,card,2,20.0,834.69,6.0,
O107105,C00915,2026-02-04,completed,electronics,wallet,4,10.0,646.64,10.0,3.0
O107106,,2026-07-06,completed,beauty,sbp,2,6.0,1138.48,6.0,4.0
O107107,C01807,2024-05-26,completed,toys,sbp,5,11.0,2606.61,5.0,4.0
O107108,C01321,2024-11-29,completed,home,cash,4,25.0,711.08,2.0,5.0
O107109,C00882,2026-07-07,processing,electronics,cash,2,16.0,1011.56,13.0,
O107110,C01740,2025-03-02,completed,clothing,card,2,22.0,797.12,10.0,3.0
O107111,C01490,2025-08-13,completed,clothing,card,2,15.0,2623.6,15.0,2.0
O107112,C00696,2025-05-28,completed,toys,sbp,3,26.0,838.68,2.0,4.0
O107113,C00849,2026-07-31,completed,beauty,card,2,5.0,1445.69,17.0,2.0
O107114,C00095,2026-07-31,delivered,beauty,card,5,30.0,759.82,20.0,1.0
O107115,C00204,2025-10-06,processing,clothing,sbp,1,,525.31,7.0,
O107116,C01909,2024-10-08,delivered,electronics,sbp,1,9.0,655.94,20.0,2.0
O107117,C00107,2026-07-31,completed,beauty,card,1,28.0,682.62,4.0,4.0
O107118,C01674,2026-07-31,delivered,home,card,4,16.0,1792.31,11.0,4.0
O107119,C00417,2026-07-31,cancelled,electronics,card,5,24.0,9846.32,,
O107120,C01084,2025-12-13,completed,beauty,card,2,12.0,738.54,9.0,3.0
O107121,C01445,2024-09-17,delivered,electronics,card,5,4.0,3622.16,19.0,2.0
O107122,C01983,2024-11-27,delivered,home,cash,3,14.0,1149.12,5.0,5.0
O107123,,2025-07-04,delivered,home,card,2,17.0,504.12,6.0,4.0
O107124,C01851,2024-10-29,completed,electronics,sbp,4,2.0,762.18,13.0,2.0
O107125,C00909,2025-04-24,delivered,beauty,card,1,5.0,237.1,2.0,4.0
O107126,C01735,2026-04-27,cancelled,clothing,card,5,7.0,3995.36,,
O107127,C00204,2026-05-13,delivered,clothing,card,5,12.0,7123.04,15.0,3.0
O107128,C00537,2025-06-22,completed,toys,cash,5,,3985.65,3.0,4.0
O107129,C01247,2026-07-31,completed,toys,wallet,5,27.0,1884.51,8.0,4.0
O107130,C01413,2024-09-08,delivered,clothing,card,5,21.0,1490.41,12.0,2.0
O107131,C01607,2025-03-18,delivered,home,card,3,3.0,1685.83,16.0,2.0
O107132,C00716,2026-07-31,processing,clothing,card,1,10.0,214.21,11.0,
O107133,C01250,2026-07-31,delivered,beauty,card,3,29.0,2997.78,2.0,5.0
O107134,C01242,2026-07-31,completed,clothing,card,3,25.0,1986.65,12.0,3.0
O107135,C01970,2025-02-04,cancelled,clothing,card,4,10.0,908.77,,
O107136,C00235,2025-04-09,delivered,electronics,sbp,5,8.0,8123.66,8.0,4.0
O107137,C00033,2024-08-15,delivered,toys,cash,5,19.0,938.7,7.0,
O107138,C01150,2026-07-31,delivered,toys,sbp,5,22.0,2567.9,17.0,2.0
O107139,C00032,2025-05-05,completed,electronics,sbp,5,15.0,4800.41,13.0,3.0
O107140,C00392,2024-08-09,completed,home,sbp,3,16.0,2659.99,1.0,5.0
O107141,C01001,2026-03-10,completed,clothing,card,4,17.0,1195.47,15.0,2.0
O107142,C00536,2025-04-22,completed,electronics,card,2,18.0,708.62,6.0,4.0
O107143,C00533,2024-06-07,delivered,electronics,card,4,19.0,917.55,19.0,2.0
O107144,C00693,2026-07-31,completed,beauty,card,3,10.0,1761.01,10.0,3.0
O107145,C01374,2025-08-03,cancelled,electronics,card,1,2.0,949.63,,
O107146,C00732,2025-11-06,completed,clothing,card,4,19.0,427.87,3.0,4.0
O107147,C01587,2026-04-08,delivered,toys,cash,4,6.0,3074.79,3.0,5.0
O107148,C00319,2026-07-31,delivered,electronics,card,4,19.0,1329.75,15.0,2.0
O107149,C00205,2025-11-13,completed,clothing,card,2,23.0,914.85,20.0,2.0
O107150,C00333,2024-12-07,delivered,toys,card,2,23.0,420.43,8.0,3.0
O107151,C01835,2025-02-14,processing,beauty,card,1,23.0,300.36,12.0,
O107152,C00555,2026-07-31,processing,electronics,card,1,15.0,2425.66,20.0,
O107153,C00060,2025-09-17,completed,electronics,card,4,17.0,1503.64,19.0,2.0
O107154,C00631,2026-07-31,delivered,beauty,sbp,5,,2442.38,14.0,
O107155,C01377,2026-07-31,completed,electronics,cash,2,29.0,474.03,17.0,1.0
O107156,C00724,2025-01-04,delivered,home,wallet,3,30.0,11671.35,11.0,3.0
O107157,C00770,2025-06-09,completed,electronics,card,2,1.0,1430.63,10.0,4.0
O107158,C00173,2026-07-19,processing,beauty,sbp,5,9.0,2421.73,9.0,
O107159,C01335,2026-04-13,delivered,clothing,cash,5,27.0,5144.74,2.0,
O107160,C00442,2024-10-02,completed,clothing,wallet,5,19.0,3272.86,13.0,3.0
O107161,C00196,2024-06-18,processing,beauty,card,1,13.0,429.37,6.0,
O107162,C01430,2026-07-31,delivered,electronics,sbp,5,18.0,2223.43,15.0,2.0
O107163,C01875,2025-02-20,completed,home,card,1,28.0,150.0,14.0,3.0
O107164,C01222,2025-08-16,cancelled,toys,card,2,23.0,735.61,,
O107165,C01875,2025-01-15,delivered,home,card,2,14.0,657.79,15.0,3.0
O107166,,2025-11-24,completed,electronics,card,4,22.0,2548.19,4.0,4.0
O107167,,2025-07-14,completed,toys,sbp,2,23.0,831.94,6.0,5.0
O107168,C00715,2026-07-31,completed,electronics,wallet,3,21.0,2558.68,14.0,3.0
O107169,C01020,2024-05-21,completed,clothing,cash,5,30.0,2668.35,13.0,3.0
O107170,C01786,2025-08-03,cancelled,electronics,card,1,13.0,251.39,,
O107171,C01270,2024-11-23,completed,home,card,5,27.0,8106.61,3.0,5.0
O107172,C00054,2025-10-28,delivered,electronics,card,3,5.0,1084.98,15.0,2.0
O107173,C01161,2025-07-11,processing,electronics,cash,3,2.0,2303.09,5.0,
O107174,C00755,2025-11-26,processing,clothing,card,3,5.0,517.88,7.0,
O107175,C01088,2026-07-31,cancelled,electronics,cash,1,24.0,912.43,,
O107176,C01116,2025-06-17,cancelled,beauty,card,1,6.0,150.0,,
O107177,C01179,2025-03-09,processing,clothing,card,1,14.0,2320.82,5.0,
O107178,C01733,2026-04-22,cancelled,home,card,2,11.0,1704.32,,
O107179,C01718,2025-08-22,delivered,electronics,card,1,8.0,414.05,4.0,4.0
O107180,C01944,2024-12-28,completed,toys,sbp,3,5.0,2334.9,12.0,3.0
O107181,C01223,2026-07-12,completed,clothing,card,3,22.0,536.3,15.0,2.0
O107182,C00571,2026-06-06,completed,clothing,card,4,21.0,1676.49,8.0,4.0
O107183,C00392,2024-07-14,completed,electronics,card,4,13.0,3576.91,19.0,2.0
O107184,C01699,2025-03-01,completed,toys,sbp,5,21.0,3896.66,3.0,5.0
O107185,C01828,2026-07-31,completed,home,card,1,18.0,489.71,20.0,1.0
O107186,C00075,2026-07-31,delivered,electronics,card,4,4.0,2537.02,12.0,4.0
O107187,C00432,2026-05-12,completed,electronics,cash,2,24.0,2339.47,8.0,3.0
O107188,C01359,2024-12-30,completed,clothing,card,5,11.0,4393.37,1.0,4.0
O107189,C00331,2025-12-09,delivered,electronics,sbp,5,25.0,548.16,18.0,1.0
O107190,C00101,2026-07-31,completed,home,sbp,1,0.0,489.7,19.0,2.0
O107191,C01995,2026-03-18,delivered,clothing,card,3,14.0,1500.48,2.0,4.0
O107192,C00193,2026-03-08,completed,clothing,card,3,29.0,543.6,6.0,3.0
O107193,C00427,2026-06-06,delivered,beauty,card,2,13.0,423.48,12.0,3.0
O107194,C01978,2025-02-01,cancelled,clothing,cash,2,25.0,3264.78,,
O107195,C00201,2025-11-23,completed,electronics,card,1,12.0,275.67,13.0,2.0
O107196,C01600,2025-10-15,cancelled,clothing,sbp,3,21.0,1053.5,,
O107197,C01125,2026-05-15,cancelled,beauty,cash,4,20.0,1039.54,,
O107198,C01080,2026-06-21,processing,beauty,card,4,7.0,2743.35,15.0,
O107199,C01655,2024-07-11,cancelled,beauty,card,4,29.0,2464.59,,
O107200,C00043,2026-07-08,delivered,beauty,card,5,9.0,11616.61,13.0,
O107201,C00122,2026-01-10,completed,electronics,card,4,8.0,1283.15,7.0,3.0
O107202,C00392,2024-11-26,completed,electronics,wallet,2,5.0,1498.2,5.0,4.0
O107203,C00981,2025-10-09,completed,electronics,cash,2,8.0,217.82,1.0,5.0
O107204,C01925,2025-10-16,Completed,electronics,cash,3,30.0,475.34,1.0,5.0
O107205,C00138,2024-06-30,processing,beauty,card,3,20.0,4289.05,17.0,
O107206,C00841,2025-07-04,completed,electronics,card,1,19.0,1192.81,17.0,1.0
O107207,C00858,2024-10-06,delivered,clothing,card,2,13.0,1405.66,20.0,1.0
O107208,C00393,2025-11-13,processing,electronics,wallet,4,7.0,4853.87,18.0,
O107209,C00688,2026-01-31,completed,beauty,cash,1,1.0,208.4,5.0,4.0
O107210,C00402,2026-07-31,completed,beauty,card,2,23.0,3696.98,5.0,4.0
O107211,C00275,2025-09-27,completed,beauty,wallet,2,2.0,430.64,16.0,1.0
O107212,C01043,2025-02-03,completed,clothing,card,3,5.0,1915.9,10.0,3.0
O107213,C01863,2026-04-10,Processing ,toys,cash,5,18.0,22628.55,18.0,
O107214,C00809,2025-10-06,completed,beauty,sbp,2,15.0,486.64,1.0,5.0
O107215,C01270,2024-03-01,delivered,home,cash,1,11.0,1449.19,6.0,4.0
O107216,C01341,2025-07-10,completed,home,wallet,1,20.0,1067.53,5.0,4.0
O107217,C01687,2025-11-09,delivered,clothing,sbp,4,19.0,1286.13,13.0,2.0
O107218,C01650,2026-06-10,completed,home,card,4,9.0,10491.48,15.0,2.0
O107219,C01812,2025-11-05,delivered,toys,cash,1,23.0,237.62,5.0,4.0
O107220,C01629,2025-03-02,completed,clothing,cash,4,30.0,1914.08,17.0,1.0
O107221,C01861,2026-02-28,cancelled,electronics,card,5,10.0,4116.12,,
O107222,C01933,2026-07-31,delivered,electronics,wallet,5,24.0,2282.4,1.0,
O107223,C01497,2025-10-30,completed,toys,sbp,5,18.0,29620.64,12.0,4.0
O107224,C00987,2026-06-29,delivered,clothing,card,5,16.0,900.49,20.0,2.0
O107225,C00614,2025-09-04,completed,toys,card,4,13.0,7191.38,6.0,3.0
O107226,C01143,2026-07-31,cancelled,home,card,3,19.0,241.95,,
O107227,C01658,2026-05-05,processing,electronics,card,4,28.0,195.09,18.0,
O107228,C01508,2026-02-20,completed,home,card,4,5.0,2056.25,3.0,4.0
O107229,C01041,2026-07-31,delivered,electronics,cash,4,29.0,3554.39,20.0,3.0
O107230,C00153,2026-05-30,completed,clothing,card,2,6.0,3246.11,13.0,3.0
O107231,C00544,2024-10-03,delivered,clothing,card,3,20.0,5352.4,4.0,4.0
O107232,C01155,2025-07-03,completed,home,card,3,18.0,1734.72,11.0,3.0
O107233,C00772,2026-07-31,delivered,clothing,wallet,5,11.0,3670.68,4.0,3.0
O107234,C00913,2025-11-03,cancelled,clothing,sbp,5,22.0,2992.35,,
O107235,C00603,2026-02-17,completed,beauty,card,5,29.0,8351.46,5.0,4.0
O107236,C00153,2026-07-31,cancelled,electronics,card,5,25.0,916.99,,
O107237,C00933,2025-05-13,completed,toys,wallet,1,10.0,289.51,10.0,3.0
O107238,C00890,2025-02-18,processing,clothing,card,2,12.0,1954.85,7.0,
O107239,C01563,2024-12-29,cancelled,home,sbp,3,16.0,3431.79,,
O107240,C00225,2026-07-31,completed,electronics,card,5,6.0,7230.52,19.0,2.0
O107241,C00970,2024-12-03,completed,electronics,card,1,29.0,465.72,13.0,2.0
O107242,C01708,2026-07-31,delivered,home,cash,4,0.0,1323.2,20.0,2.0
O107243,C00536,2024-11-04,delivered,toys,card,5,18.0,4326.35,10.0,3.0
O107244,C00633,2025-05-07,completed,clothing,sbp,1,8.0,204.91,15.0,2.0
O107245,C00175,2026-07-31,processing,electronics,wallet,2,12.0,3737.47,1.0,
O107246,C01150,2026-06-06,cancelled,beauty,card,4,5.0,1318.11,,
O107247,C01712,2025-12-04,processing,toys,card,3,0.0,1184.72,15.0,
O107248,C00963,2026-07-31,completed,home,cash,3,18.0,2696.32,18.0,1.0
O107249,C00835,2026-07-31,completed,electronics,sbp,2,24.0,551.21,8.0,3.0
O107250,C01499,2025-05-17,completed,clothing,card,1,3.0,196.48,12.0,3.0
O107251,C99999,2024-08-20,completed,toys,card,2,2.0,2478.38,14.0,3.0
O107252,C00798,2025-10-18,completed,electronics,card,3,7.0,641.72,15.0,2.0
O107253,C01528,2024-08-08,completed,electronics,card,2,2.0,1213.19,17.0,3.0
O107254,C00569,2026-04-10,delivered,home,sbp,5,13.0,2506.53,7.0,4.0
O107255,C01700,2026-07-31,completed,clothing,sbp,1,,150.0,3.0,5.0
O107256,C00537,2025-03-21,completed,electronics,sbp,4,15.0,853.12,20.0,1.0
O107257,C01023,2026-07-31,delivered,home,cash,2,19.0,1308.79,12.0,3.0
O107258,C00501,2024-06-14,delivered,toys,sbp,2,9.0,2642.66,4.0,4.0
O107259,C01265,2024-09-24,cancelled,beauty,card,2,27.0,535.62,,
O107260,C00869,2025-12-12,delivered,electronics,card,2,15.0,485.11,20.0,
O107261,C00479,2025-11-10,completed,beauty,card,5,0.0,4082.76,3.0,5.0
O107262,C01488,2024-08-25,delivered,home,card,2,13.0,1871.73,19.0,1.0
O107263,C01871,2024-03-18,delivered,electronics,sbp,2,21.0,2080.5,13.0,3.0
O107264,C00057,2025-06-13,completed,electronics,sbp,1,14.0,587.94,4.0,4.0
O107265,C01136,2024-05-05,completed,toys,card,2,16.0,644.69,5.0,4.0
O107266,C01438,2026-02-24,processing,electronics,card,1,23.0,922.38,4.0,
O107267,C01440,2026-07-31,completed,electronics,card,1,19.0,460.76,9.0,3.0
O107268,C00442,2024-12-21,completed,home,card,4,4.0,3371.45,17.0,2.0
O107269,C00229,2026-03-14,completed,beauty,cash,4,21.0,1301.49,15.0,3.0
O107270,C01028,2024-11-14,cancelled,electronics,wallet,3,3.0,1249.7,,
O107271,C01274,2025-10-11,delivered,home,card,2,20.0,1512.42,17.0,2.0
O107272,C00579,2026-05-04,processing,beauty,sbp,4,21.0,380.17,20.0,
O107273,C00738,2025-09-17,cancelled,beauty,cash,1,25.0,1437.97,,
O107274,C01065,2026-05-09,cancelled,beauty,card,4,30.0,1893.14,,
O107275,C00901,2024-12-23,completed,electronics,card,4,3.0,206.79,17.0,2.0
O107276,C00968,2025-08-06,completed,beauty,card,1,30.0,564.08,4.0,4.0
O107277,C01365,2025-08-30,cancelled,home,cash,4,6.0,1393.63,,
O107278,C01969,2026-07-31,processing,clothing,sbp,5,0.0,1070.18,6.0,
O107279,C01593,2025-05-30,cancelled,electronics,cash,4,26.0,9438.21,,
O107280,C00017,2025-11-03,processing,home,sbp,5,27.0,4812.82,1.0,
O107281,C00699,2024-08-26,delivered,electronics,card,5,2.0,2171.29,15.0,3.0
O107282,C00020,2025-11-17,delivered,clothing,card,1,14.0,514.69,6.0,5.0
O107283,C01747,2026-07-31,delivered,electronics,card,5,30.0,3050.63,14.0,2.0
O107284,C01289,2024-04-23,delivered,home,sbp,1,22.0,150.0,7.0,4.0
O107285,C00438,2026-07-31,completed,electronics,card,2,14.0,8072.34,2.0,4.0
O107286,C01679,2026-07-31,completed,home,sbp,5,24.0,2552.99,8.0,3.0
O107287,C01126,2026-07-31,completed,home,card,3,10.0,6281.67,7.0,3.0
O107288,C00103,2026-02-15,completed,clothing,card,4,8.0,1000.08,9.0,3.0
O107289,C00303,2024-02-19,completed,toys,cash,2,13.0,1575.85,8.0,5.0
O107290,C01619,2024-11-04,delivered,clothing,cash,5,26.0,955.86,8.0,3.0
O107291,C00579,2026-07-31,delivered,beauty,cash,1,8.0,150.0,13.0,2.0
O107292,C01050,2024-11-29,delivered,clothing,card,2,18.0,0.0,8.0,4.0
O107293,C01791,2025-10-04,delivered,beauty,card,5,25.0,2879.58,11.0,2.0
O107294,C00579,2026-07-31,completed,beauty,card,4,0.0,1289.6,5.0,4.0
O107295,C00024,2026-06-21,completed,clothing,card,2,19.0,150.0,19.0,1.0
O107296,C00168,2024-11-22,delivered,toys,card,3,,1014.51,20.0,
O107297,C01832,2026-07-31,completed,electronics,card,1,8.0,613.32,3.0,4.0
O107298,C01200,2026-03-05,delivered,beauty,cash,3,4.0,624.39,18.0,1.0
O107299,C00657,2026-01-05,cancelled,clothing,card,5,24.0,2737.87,,
O107300,C00158,2025-08-04,completed,electronics,card,2,,593.11,17.0,2.0
O107301,C01392,2025-05-18,cancelled,home,wallet,5,21.0,942.07,,
O107302,C00080,2026-01-26,completed,electronics,card,4,15.0,0.0,14.0,4.0
O107303,C00184,2025-12-22,delivered,beauty,card,1,18.0,150.0,18.0,
O107304,C01188,2026-06-21,cancelled,beauty,card,3,11.0,2207.81,,
O107305,C01283,2025-04-19,delivered,home,card,1,13.0,533.09,8.0,3.0
O107306,C01140,2025-05-19,delivered,electronics,cash,2,1.0,1598.9,20.0,2.0
O107307,C01819,2024-10-08,delivered,toys,card,1,26.0,1215.46,6.0,4.0
O107308,C00539,2026-01-31,completed,beauty,card,5,10.0,2012.79,17.0,3.0
O107309,C01111,2026-04-06,delivered,home,card,4,6.0,229.51,6.0,5.0
O107310,C00613,2026-07-31,delivered,clothing,card,2,1.0,802.52,10.0,3.0
O107311,C00725,2026-04-29,completed,clothing,card,1,28.0,197.15,3.0,5.0
O107312,C00302,2026-07-31,completed,clothing,card,2,22.0,3100.44,18.0,1.0
O107313,C01588,2024-10-02,processing,beauty,card,2,18.0,732.52,5.0,
O107314,C01408,2026-03-16,completed,clothing,sbp,1,16.0,965.91,15.0,2.0
O107315,C01426,2026-01-14,cancelled,electronics,card,1,29.0,1585.74,,
O107316,C00285,2025-11-23,completed,electronics,card,4,22.0,1083.68,4.0,4.0
O107317,C00236,2026-03-07,completed,clothing,card,4,29.0,2093.72,1.0,5.0
O107318,C01565,2026-01-28,delivered,home,card,2,,1016.92,3.0,4.0
O107319,C01332,2026-07-31,delivered,beauty,card,2,2.0,5756.95,11.0,4.0
O107320,C00060,2025-12-12,delivered,toys,card,5,7.0,6784.07,4.0,
O107321,C01330,2025-08-16,completed,electronics,card,2,10.0,420.63,4.0,4.0
O107322,C01961,2026-04-23,delivered,electronics,card,4,27.0,1209.26,20.0,1.0
O107323,C01504,2025-07-18,delivered,clothing,card,5,20.0,1699.88,12.0,4.0
O107324,C00556,2025-06-02,completed,beauty,card,5,5.0,1286.42,2.0,5.0
O107325,C00633,2025-05-21,delivered,toys,card,5,3.0,1912.66,3.0,5.0
O107326,C01505,2025-12-16,completed,electronics,card,1,13.0,322.47,11.0,3.0
O107327,C00803,2025-10-10,completed,electronics,sbp,5,16.0,2536.41,6.0,3.0
O107328,C01474,2024-07-18,completed,toys,cash,4,13.0,1797.45,5.0,4.0
O107329,C01921,2025-10-28,CANCELED,home,cash,2,10.0,2480.27,,
O107330,C00811,2024-02-12,cancelled,clothing,card,5,19.0,1339.46,,
O107331,C01147,2026-03-16,processing,electronics,card,2,30.0,259.26,20.0,
O107332,C00980,2025-08-13,completed,electronics,cash,5,28.0,1660.44,14.0,3.0
O107333,C01018,2025-12-10,completed,electronics,card,3,6.0,905.08,7.0,3.0
O107334,C00152,2025-05-30,processing,home,sbp,4,23.0,6405.68,17.0,
O107335,C01974,2025-04-22,completed,home,sbp,3,3.0,2907.14,10.0,3.0
O107336,C01082,2026-07-31,completed,clothing,card,5,2.0,6958.56,15.0,2.0
O107337,C00460,2024-05-02,delivered,home,card,3,14.0,3192.86,9.0,4.0
O107338,C01148,2026-07-31,completed,electronics,card,1,8.0,150.0,1.0,5.0
O107339,C00796,2024-11-08,delivered,electronics,card,5,7.0,1245.64,8.0,4.0
O107340,C01644,2026-02-21,processing,electronics,sbp,1,19.0,150.0,5.0,
O107341,C01520,2025-02-24,delivered,electronics,card,4,25.0,6904.85,6.0,4.0
O107342,C00765,2025-08-24,delivered,toys,card,3,16.0,2894.67,8.0,3.0
O107343,C01427,2026-01-13,completed,electronics,card,4,0.0,2710.62,13.0,3.0
O107344,C00067,2026-07-31,completed,electronics,cash,2,30.0,625.26,17.0,3.0
O107345,C01934,2026-05-27,cancelled,beauty,card,2,20.0,684.37,,
O107346,C01022,2024-05-24,processing,clothing,card,5,13.0,1238.11,12.0,
O107347,C01309,2025-06-20,cancelled,electronics,cash,1,12.0,828.73,,
O107348,C01291,2025-04-19,completed,electronics,cash,1,24.0,535.36,2.0,5.0
O107349,C00627,2025-06-10,cancelled,electronics,cash,3,28.0,2575.12,,
O107350,C01380,2025-08-11,completed,electronics,cash,2,2.0,1377.5,15.0,3.0
O107351,C00796,2025-05-01,delivered,home,cash,3,28.0,2861.34,15.0,1.0
O107352,C01362,2024-05-22,delivered,clothing,wallet,2,13.0,1489.79,16.0,2.0
O107353,C00180,2025-10-20,completed,electronics,cash,2,24.0,2379.93,17.0,2.0
O107354,C00293,2026-07-31,delivered,beauty,card,4,1.0,3562.04,11.0,4.0
O107355,C01848,2025-07-30,delivered,electronics,sbp,4,13.0,1306.21,1.0,
O107356,C01472,2025-12-10,cancelled,clothing,wallet,1,17.0,728.8,,
O107357,C00258,2024-10-10,completed,electronics,card,1,13.0,631.07,12.0,2.0
O107358,C00428,2026-07-31,completed,electronics,sbp,5,1.0,2115.44,6.0,3.0
O107359,C01092,2026-02-04,delivered,home,wallet,5,0.0,2429.95,3.0,5.0
O107360,C00012,2026-07-31,completed,electronics,card,5,27.0,5513.26,8.0,3.0
O107361,C00803,2025-09-24,completed,electronics,card,2,28.0,1519.09,2.0,5.0
O107362,C00654,2026-06-25,completed,clothing,card,3,21.0,3112.26,17.0,1.0
O107363,C00269,2026-05-27,completed,beauty,cash,1,30.0,508.85,7.0,4.0
O107364,C00600,2025-11-28,delivered,clothing,wallet,1,28.0,1236.27,12.0,3.0
O107365,C00586,2026-07-31,processing,electronics,card,3,6.0,2744.67,2.0,
O107366,C00135,2026-05-08,cancelled,clothing,sbp,1,17.0,258.53,,
O107367,C01268,2025-07-20,delivered,clothing,sbp,1,14.0,370.04,19.0,2.0
O107368,C00545,2026-07-31,completed,electronics,cash,2,28.0,499.39,6.0,5.0
O107369,C00063,2025-05-24,delivered,clothing,card,1,17.0,207.77,14.0,3.0
O107370,C00045,2024-06-06,delivered,clothing,card,1,4.0,4203.68,8.0,5.0
O107371,C01932,2025-11-21,cancelled,toys,card,1,16.0,1871.48,,
O107372,C00237,2025-12-05,delivered,beauty,card,3,15.0,3726.23,20.0,2.0
O107373,C01819,2025-03-26,delivered,electronics,card,3,14.0,2117.1,4.0,4.0
O107374,C00334,2026-07-31,completed,beauty,card,3,11.0,958.12,3.0,4.0
O107375,C00170,2024-06-29,cancelled,clothing,cash,2,,406.09,,
O107376,C01092,2025-05-08,cancelled,beauty,sbp,1,12.0,416.62,,
O107377,C01737,2026-01-04,completed,home,card,5,24.0,1384.64,6.0,5.0
O107378,C00144,2025-08-17,processing,home,cash,5,10.0,4361.28,12.0,
O107379,C00658,2026-06-18,completed,clothing,card,3,12.0,1669.47,6.0,4.0
O107380,C01506,2025-04-23,completed,home,card,4,3.0,3910.14,9.0,3.0
O107381,C00136,2025-07-19,cancelled,home,card,5,2.0,2990.97,,
O107382,C00340,2026-06-21,delivered,home,card,4,12.0,509.68,8.0,4.0
O107383,C00613,2025-12-24,completed,clothing,sbp,3,8.0,1287.81,13.0,2.0
O107384,C01614,2026-05-22,completed,electronics,card,4,22.0,2687.44,19.0,1.0
O107385,C01618,2025-04-07,completed,clothing,card,5,3.0,3069.74,14.0,3.0
O107386,C01419,2026-07-31,completed,electronics,card,5,7.0,1580.87,8.0,4.0
O107387,C01332,2026-07-31,delivered,electronics,sbp,1,18.0,332.95,20.0,2.0
O107388,C00053,2025-06-28,completed,clothing,card,4,1.0,1157.77,9.0,3.0
O107389,C00478,2024-10-09,delivered,clothing,wallet,5,15.0,647.72,8.0,3.0
O107390,C01844,2026-07-14,delivered,electronics,card,1,20.0,481.42,13.0,2.0
O107391,C01439,2025-10-01,delivered,electronics,card,5,4.0,4595.15,6.0,3.0
O107392,C00483,2024-08-29,processing,clothing,card,2,5.0,673.55,10.0,
O107393,C01416,2026-03-31,completed,toys,sbp,5,10.0,912.21,6.0,5.0
O107394,C01449,2026-07-17,completed,clothing,sbp,3,1.0,3275.1,2.0,4.0
O107395,C01486,2026-07-31,completed,beauty,card,3,28.0,4397.6,4.0,4.0
O107396,C01961,2026-05-03,completed,clothing,card,1,20.0,346.41,14.0,2.0
O107397,C01082,2026-07-31,delivered,electronics,card,4,27.0,930.75,17.0,1.0
O107398,C00120,2024-09-29,completed,electronics,sbp,5,11.0,2194.17,5.0,3.0
O107399,C01638,2026-05-29,delivered,clothing,cash,5,18.0,3084.44,6.0,5.0
O107400,C00030,2025-05-16,processing,toys,card,2,13.0,687.84,4.0,
O107401,C01283,2025-09-02,completed,clothing,card,4,0.0,561.33,3.0,5.0
O107402,C01593,2025-02-28,completed,clothing,card,4,12.0,4250.64,4.0,5.0
O107403,C00251,2024-08-01,cancelled,home,wallet,5,24.0,2990.48,,
O107404,C01595,2026-06-16,cancelled,home,card,5,3.0,8505.89,,
O107405,C01621,2025-05-04,completed,home,card,4,1.0,2038.88,20.0,1.0
O107406,C01308,2024-11-19,delivered,clothing,cash,2,0.0,3200.27,1.0,5.0
O107407,C00648,2025-12-09,completed,toys,card,1,28.0,411.11,16.0,2.0
O107408,C00404,2026-07-31,delivered,clothing,cash,3,14.0,911.59,12.0,3.0
O107409,C01411,2024-06-25,delivered,electronics,card,4,18.0,1320.96,7.0,4.0
O107410,C00314,2025-03-15,completed,beauty,sbp,2,19.0,4241.01,4.0,4.0
O107411,,2024-05-10,completed,toys,card,4,7.0,1696.32,4.0,5.0
O107412,C00340,2026-07-31,delivered,toys,card,5,17.0,8731.65,11.0,3.0
O107413,C00672,2026-06-02,delivered,clothing,sbp,3,2.0,1021.98,16.0,3.0
O107414,C01014,2025-06-02,cancelled,beauty,wallet,4,7.0,651.06,,
O107415,C00324,2026-06-05,delivered,electronics,card,2,,1723.83,14.0,1.0
O107416,C01590,2024-10-24,cancelled,beauty,cash,5,25.0,1474.86,,
O107417,C01390,2026-07-31,delivered,beauty,card,5,4.0,3141.23,4.0,3.0
O107418,C00033,2024-03-31,delivered,clothing,card,1,8.0,578.71,1.0,4.0
O107419,C01699,2025-07-09,completed,electronics,card,2,14.0,1143.81,19.0,2.0
O107420,C01434,,completed,beauty,card,4,19.0,7369.85,7.0,4.0
O107421,C01677,2025-05-05,delivered,clothing,card,4,0.0,2411.78,12.0,3.0
O107422,C99999,2026-07-31,completed,toys,sbp,3,,1626.64,4.0,5.0
O107423,C01254,2026-07-31,completed,beauty,sbp,3,28.0,1112.98,12.0,3.0
O107424,C99999,2025-10-29,completed,beauty,card,3,26.0,2273.19,14.0,2.0
O107425,C00455,2025-10-17,processing,clothing,cash,3,23.0,2112.06,8.0,
O107426,C00471,2025-11-29,delivered,home,card,5,19.0,1786.97,12.0,2.0
O107427,C00633,2025-02-21,cancelled,beauty,card,1,4.0,1047.06,,
O107428,C00582,2026-07-18,processing,clothing,card,5,18.0,2091.7,9.0,
O107429,C01510,2026-01-08,delivered,electronics,card,1,19.0,783.78,12.0,4.0
O107430,C01049,2026-07-31,delivered,home,sbp,4,7.0,682.24,2.0,5.0
O107431,C00822,2025-12-14,delivered,electronics,card,2,14.0,2046.78,9.0,3.0
O107432,C01451,2024-12-11,delivered,electronics,wallet,1,15.0,277.43,8.0,4.0
O107433,C01465,2026-07-31,cancelled,electronics,card,1,2.0,845.84,,
O107434,C01870,2026-07-31,cancelled,clothing,card,2,5.0,2745.82,,
O107435,C00619,2024-07-11,delivered,clothing,card,1,14.0,684.04,1.0,5.0
O107436,C00487,2024-11-29,cancelled,electronics,cash,1,26.0,1239.03,,
O107437,C00013,2025-12-07,delivered,home,card,2,11.0,415.89,18.0,2.0
O107438,C00320,2026-06-10,completed,beauty,card,2,26.0,922.4,15.0,2.0
O107439,C01207,2026-02-25,completed,home,card,3,7.0,880.41,19.0,1.0
O107440,C01619,2024-09-08,completed,clothing,cash,4,6.0,1161.71,11.0,3.0
O107441,C01202,2025-03-17,completed,electronics,card,1,29.0,150.0,3.0,3.0
O107442,C01984,2026-03-31,delivered,clothing,wallet,2,14.0,1051.07,10.0,4.0
O107443,C01256,2024-03-19,completed,home,card,2,7.0,2091.66,6.0,3.0
O107444,C01766,2026-07-31,processing,beauty,card,2,22.0,2713.93,13.0,
O107445,C00537,2025-08-11,completed,beauty,sbp,3,20.0,634.83,15.0,4.0
O107446,C00648,2026-01-24,completed,clothing,card,2,3.0,671.39,19.0,1.0
O107447,C01623,2026-05-17,delivered,electronics,card,2,30.0,544.88,13.0,3.0
O107448,C01322,2025-03-01,completed,home,cash,1,3.0,257.94,13.0,3.0
O107449,C00975,2024-07-17,completed,toys,card,4,0.0,1554.63,8.0,4.0
O107450,C01912,2026-07-31,completed,toys,card,2,26.0,1001.15,4.0,4.0
O107451,C01525,2026-06-28,delivered,toys,card,5,4.0,1953.43,7.0,4.0
O107452,C00591,2026-07-31,completed,electronics,sbp,1,14.0,161.73,12.0,3.0
O107453,C01223,2026-07-31,delivered,beauty,card,2,21.0,2139.63,20.0,1.0
O107454,C00793,2025-11-03,completed,electronics,cash,3,22.0,1704.49,13.0,2.0
O107455,C00833,2025-11-22,completed,electronics,wallet,5,17.0,3375.52,3.0,4.0
O107456,C01611,2026-07-31,completed,home,cash,1,5.0,706.96,3.0,5.0
O107457,C01360,2025-07-31,completed,electronics,card,2,25.0,1613.74,17.0,2.0
O107458,C00025,2026-07-31,cancelled,clothing,sbp,2,20.0,1114.26,,
O107459,C01150,2026-03-05,completed,electronics,sbp,1,14.0,253.0,8.0,4.0
O107460,C01295,2026-07-31,delivered,electronics,card,3,18.0,4968.35,6.0,4.0
O107461,C01022,2025-01-05,cancelled,electronics,cash,4,28.0,3284.81,,
O107462,C00600,2025-10-31,completed,home,card,2,21.0,480.57,17.0,1.0
O107463,C01298,2026-02-27,cancelled,clothing,card,4,6.0,972.2,,
O107464,C01896,2026-07-19,delivered,home,cash,2,26.0,4842.03,13.0,3.0
O107465,C00172,2024-04-27,delivered,home,card,3,15.0,1298.1,20.0,1.0
O107466,C01206,2026-05-19,cancelled,electronics,card,5,28.0,1432.83,,
O107467,C01821,2025-01-29,completed,beauty,card,1,26.0,322.37,17.0,1.0
O107468,C00802,2024-11-10,delivered,electronics,card,1,30.0,706.84,20.0,2.0
O107469,C00671,2026-07-31,delivered,beauty,sbp,1,4.0,336.82,13.0,3.0
O107470,C00496,2025-01-31,delivered,toys,wallet,5,29.0,2741.12,14.0,2.0
O107471,C00450,2024-09-22,completed,toys,cash,3,17.0,9377.53,15.0,2.0
O107472,C00783,2024-12-06,completed,clothing,wallet,5,25.0,701.0,8.0,3.0
O107473,C01544,2025-09-03,processing,beauty,card,2,12.0,712.21,6.0,
O107474,C00364,2026-07-31,delivered,electronics,card,5,21.0,2587.61,14.0,3.0
O107475,C00463,2026-03-15,completed,toys,sbp,2,,240.32,6.0,4.0
O107476,C01998,2026-07-31,completed,electronics,cash,5,7.0,3725.99,16.0,1.0
O107477,C01992,2025-07-22,delivered,home,sbp,3,4.0,3025.53,18.0,3.0
O107478,C00454,2024-03-11,completed,clothing,cash,5,24.0,811.35,11.0,
O107479,C00841,2024-09-20,completed,beauty,card,4,17.0,1846.73,12.0,3.0
O107480,C00808,2024-09-18,CANCELED,home,cash,2,24.0,1140.97,,
O107481,C00594,2026-07-31,completed,clothing,card,4,18.0,3121.5,9.0,2.0
O107482,C00306,2025-02-11,completed,electronics,card,1,5.0,4167.87,20.0,1.0
O107483,C00125,2026-05-01,delivered,beauty,cash,3,18.0,816.95,13.0,3.0
O107484,C01228,2026-07-16,completed,toys,cash,4,0.0,3029.66,2.0,3.0
O107485,C00084,2026-07-31,completed,electronics,card,1,5.0,444.97,8.0,5.0
O107486,,2026-07-31,delivered,home,cash,3,17.0,1164.54,15.0,3.0
O107487,C00191,2025-12-11,delivered,clothing,wallet,2,12.0,998.36,19.0,2.0
O107488,C00309,2024-11-14,completed,clothing,card,4,24.0,2737.78,15.0,3.0
O107489,C00011,2025-09-18,cancelled,electronics,card,3,14.0,1489.68,,
O107490,C00796,2025-04-18,cancelled,home,card,1,21.0,614.19,,
O107491,C00655,2026-01-01,delivered,electronics,card,5,20.0,2310.29,4.0,5.0
O107492,C00665,2025-08-08,delivered,beauty,card,2,1.0,465.7,15.0,3.0
O107493,C00621,2025-09-26,cancelled,electronics,card,3,29.0,2861.32,,
O107494,C01877,2024-12-03,completed,home,card,4,12.0,4481.41,14.0,2.0
O107495,C00861,2026-06-12,delivered,electronics,card,5,2.0,5401.58,19.0,1.0
O107496,C01619,2025-03-22,completed,home,card,4,20.0,3380.5,14.0,2.0
O107497,C00466,2026-07-31,completed,electronics,wallet,4,29.0,1059.54,7.0,4.0
O107498,C00967,2025-10-21,processing,clothing,card,2,26.0,459.6,5.0,
O107499,C00126,2026-03-24,completed,clothing,card,2,26.0,2050.62,20.0,1.0
O107500,C00518,2024-12-16,completed,home,card,1,6.0,188.04,3.0,5.0
O107501,C00143,2024-11-23,completed,home,wallet,5,12.0,1423.85,1.0,5.0
O107502,C00042,2026-07-31,delivered,electronics,card,5,16.0,13716.31,11.0,3.0
O107503,C00365,2024-10-26,cancelled,electronics,sbp,2,17.0,1479.47,,
O107504,C00318,2026-01-28,completed,electronics,card,5,2.0,2798.92,17.0,3.0
O107505,C00634,2025-05-24,cancelled,electronics,card,4,8.0,447.98,,
O107506,C01488,2024-03-10,completed,electronics,card,1,6.0,288.03,3.0,4.0
O107507,C00296,2026-02-23,processing,electronics,cash,2,15.0,1923.65,9.0,
O107508,C01222,2025-08-25,cancelled,clothing,sbp,4,7.0,601.64,,
O107509,C00731,2026-04-04,completed,electronics,card,5,25.0,3400.17,999.0,1.0
O107510,C00806,2026-01-06,cancelled,clothing,wallet,1,15.0,163.09,,
O107511,C01845,2026-07-31,completed,beauty,card,5,0.0,1495.68,12.0,3.0
O107512,C00930,2025-09-29,delivered,beauty,card,3,24.0,419.84,11.0,3.0
O107513,C00524,2026-07-31,completed,home,sbp,5,27.0,2658.52,14.0,2.0
O107514,C00477,2026-06-19,completed,electronics,card,3,9.0,379.21,18.0,1.0
O107515,C00337,2026-07-31,processing,clothing,sbp,2,16.0,921.61,11.0,
O107516,C01605,2024-11-13,cancelled,electronics,card,3,6.0,2464.2,,
O107517,C01330,2025-02-21,delivered,home,card,3,19.0,1734.54,15.0,3.0
O107518,C00536,2024-10-24,processing,toys,card,2,15.0,1429.39,2.0,
O107519,C00982,2026-05-07,completed,home,wallet,2,14.0,1180.64,12.0,3.0
O107520,C99999,2024-11-20,completed,toys,sbp,3,5.0,1374.56,999.0,1.0
O107521,C00095,2026-05-16,cancelled,electronics,wallet,2,,932.98,,
O107522,C01818,2024-10-22,completed,electronics,cash,4,4.0,2491.71,14.0,2.0
O107523,C01576,2025-03-17,cancelled,electronics,cash,2,11.0,411.45,,
O107524,C01071,2025-11-24,completed,electronics,card,2,0.0,717.93,9.0,3.0
O107525,C01431,2025-06-15,completed,electronics,cash,4,15.0,10031.85,3.0,4.0
O107526,C00219,2025-10-19,completed,toys,card,3,11.0,2178.51,2.0,5.0
O107527,C01955,2026-07-31,completed,clothing,card,5,13.0,6692.6,6.0,4.0
O107528,C01281,2026-07-31,completed,toys,cash,2,24.0,1293.93,15.0,2.0
O107529,C01877,2025-05-05,completed,beauty,card,4,18.0,1097.47,4.0,4.0
O107530,C01729,2025-07-13,completed,home,card,5,29.0,1930.89,18.0,2.0
O107531,C01169,2026-07-31,cancelled,toys,sbp,1,0.0,150.0,,
O107532,C00577,2026-07-31,delivered,electronics,sbp,4,1.0,5918.45,11.0,4.0
O107533,C01373,2025-05-06,completed,beauty,card,5,22.0,5043.17,13.0,2.0
O107534,C01025,2026-03-22,completed,home,card,5,25.0,1261.81,15.0,3.0
O107535,C00820,2026-07-31,completed,home,card,2,16.0,1816.3,1.0,5.0
O107536,C01423,2026-05-11,completed,home,card,3,11.0,2535.82,10.0,3.0
O107537,C01777,2025-09-03,delivered,toys,card,2,,1048.31,17.0,3.0
O107538,C00343,2026-01-05,Completed,toys,sbp,2,8.0,1442.41,19.0,1.0
O107539,C01106,2025-04-24,processing,electronics,card,5,15.0,3887.29,6.0,
O107540,C01557,2026-07-31,completed,electronics,card,1,30.0,670.25,10.0,3.0
O107541,C00652,2026-05-15,completed,electronics,card,3,1.0,1668.25,1.0,5.0
O107542,C00684,2026-13-01,delivered,beauty,wallet,5,24.0,2638.71,3.0,4.0
O107543,C00019,2026-05-12,completed,electronics,cash,4,25.0,1251.95,2.0,
O107544,C00647,2025-11-22,completed,home,sbp,4,15.0,4076.44,7.0,4.0
O107545,C01173,2025-11-08,completed,clothing,cash,3,29.0,7213.86,12.0,4.0
O107546,C01944,2024-12-15,delivered,toys,card,5,5.0,1005.74,7.0,4.0
O107547,C01051,2025-11-12,cancelled,beauty,card,2,19.0,1012.98,,
O107548,C00582,2026-02-13,completed,clothing,card,4,27.0,1168.49,18.0,2.0
O107549,C01624,2024-10-12,cancelled,clothing,card,1,11.0,765.36,,
O107550,C00376,2024-06-27,delivered,beauty,card,1,8.0,693.12,16.0,2.0
O107551,C00375,2026-06-01,delivered,electronics,wallet,2,17.0,1097.63,18.0,1.0
O107552,C01043,2025-02-10,completed,clothing,card,3,17.0,921.02,18.0,2.0
O107553,C01631,2025-08-02,cancelled,toys,card,2,26.0,675.04,,
O107554,C00425,2025-07-12,completed,home,card,2,10.0,536.27,15.0,3.0
O107555,C00031,2025-05-26,completed,toys,card,1,2.0,150.0,18.0,2.0
O107556,C01448,2026-07-31,delivered,clothing,card,3,25.0,3951.81,16.0,2.0
O107557,C01175,2024-07-12,processing,home,wallet,1,1.0,841.28,5.0,
O107558,C01372,2025-05-20,completed,toys,card,4,5.0,5533.2,19.0,1.0
O107559,C00794,2026-06-23,completed,home,cash,4,25.0,1491.06,13.0,2.0
O107560,C00237,2026-02-08,processing,toys,cash,3,22.0,2187.78,3.0,
O107561,C00664,2025-05-22,cancelled,beauty,card,2,5.0,500.21,,
O107562,C00940,2025-07-20,delivered,electronics,card,4,3.0,1249.63,16.0,1.0
O107563,C00867,2026-01-21,completed,electronics,card,5,21.0,12694.72,11.0,2.0
O107564,C01779,2025-07-26,completed,home,sbp,2,19.0,731.15,8.0,4.0
O107565,C00448,2026-06-19,processing,beauty,cash,2,28.0,2102.79,16.0,
O107566,C00624,2025-10-24,completed,beauty,card,3,15.0,1807.22,12.0,2.0
O107567,C00367,2025-06-30,cancelled,clothing,card,3,7.0,484.29,,
O107568,C01142,2025-09-07,delivered,home,cash,2,1.0,884.92,2.0,4.0
O107569,C01611,2026-02-08,processing,home,card,2,29.0,1333.26,4.0,
O107570,C01767,2025-06-03,delivered,clothing,card,3,3.0,2608.15,7.0,4.0
O107571,C00456,2025-10-16,completed,home,cash,5,25.0,589.82,19.0,2.0
O107572,C00860,2026-06-01,cancelled,toys,wallet,2,19.0,455.26,,
O107573,C01474,2025-03-25,processing,clothing,wallet,1,21.0,631.68,5.0,
O107574,C00092,2026-07-31,processing,electronics,cash,2,19.0,464.27,18.0,
O107575,C01423,2026-06-18,completed,clothing,wallet,3,16.0,3919.64,16.0,2.0
O107576,C00269,2026-03-16,completed,electronics,card,5,20.0,2344.07,2.0,4.0
O107577,C00067,2026-06-17,cancelled,home,card,5,6.0,3636.13,,
O107578,C00227,2026-02-08,delivered,toys,card,2,29.0,2778.9,8.0,3.0
O107579,C01763,2024-04-16,completed,home,cash,2,18.0,372.96,10.0,3.0
O107580,C01362,2025-02-23,completed,beauty,sbp,4,6.0,2853.3,16.0,3.0
O107581,C01579,2025-01-18,completed,home,wallet,2,1.0,1097.66,12.0,2.0
O107582,C01381,2026-07-31,completed,clothing,card,4,22.0,2249.39,7.0,4.0
O107583,C01593,2025-03-24,completed,clothing,card,5,12.0,2059.98,14.0,3.0
O107584,C00994,2025-07-18,processing,clothing,card,3,24.0,1679.12,14.0,
O107585,C01619,2025-01-01,delivered,clothing,cash,4,19.0,189.75,15.0,2.0
O107586,C00114,2026-02-02,completed,electronics,cash,4,29.0,5332.78,13.0,
O107587,C01166,2024-11-03,delivered,home,cash,1,27.0,169.19,2.0,5.0
O107588,C01511,2024-11-07,Processing ,electronics,card,4,23.0,8151.15,19.0,
O107589,C01987,2026-07-31,cancelled,electronics,card,2,6.0,461.11,,
O107590,C00719,2025-07-08,cancelled,clothing,card,5,21.0,1113.44,,
O107591,C00359,2024-04-04,completed,toys,card,4,1.0,2725.43,14.0,3.0
O107592,C01441,2026-05-03,processing,clothing,card,1,5.0,612.25,13.0,
O107593,C00145,2026-07-31,completed,beauty,sbp,2,0.0,1413.4,8.0,3.0
O107594,C01554,2026-07-01,delivered,clothing,sbp,1,27.0,658.18,16.0,3.0
O107595,C01409,2024-12-18,processing,electronics,cash,2,25.0,880.7,9.0,
O107596,C01383,2025-11-03,cancelled,electronics,card,3,10.0,1101.6,,
O107597,C00588,2024-04-08,completed,electronics,card,5,11.0,3925.55,2.0,5.0
O107598,C00241,2024-07-01,completed,clothing,card,2,9.0,566.7,3.0,5.0
O107599,C01217,2025-10-06,completed,clothing,card,3,3.0,1626.26,13.0,2.0
O107600,C00726,2024-11-22,completed,home,card,2,9.0,254.03,9.0,3.0
O107601,C00784,2024-09-14,completed,electronics,card,3,24.0,1811.34,7.0,5.0
O107602,C00376,2024-07-02,completed,electronics,wallet,2,3.0,1066.26,11.0,4.0
O107603,C00668,2026-05-26,delivered,electronics,wallet,4,3.0,1907.46,3.0,4.0
O107604,C01664,2025-12-25,completed,beauty,wallet,4,7.0,7717.5,18.0,2.0
O107605,C01787,2025-06-20,completed,clothing,card,1,17.0,1629.27,11.0,4.0
O107606,C00698,2026-04-19,delivered,home,card,5,27.0,5120.4,19.0,2.0
O107607,C00285,2025-04-10,completed,home,card,2,20.0,2012.48,9.0,4.0
O107608,C00068,2025-01-26,delivered,electronics,cash,1,9.0,536.22,6.0,3.0
O107609,C00378,2026-02-16,cancelled,electronics,card,4,27.0,2520.51,,
O107610,C00020,2025-11-08,delivered,home,card,2,15.0,1393.11,1.0,5.0
O107611,C01336,2026-07-02,delivered,toys,card,3,13.0,2393.77,5.0,4.0
O107612,C01286,2024-10-28,delivered,beauty,card,1,29.0,521.71,11.0,4.0
O107613,C01566,2025-09-17,delivered,clothing,card,5,21.0,3801.32,4.0,4.0
O107614,C00665,2026-02-23,delivered,electronics,card,5,17.0,2594.4,20.0,
O107615,C01665,2026-03-04,cancelled,clothing,card,2,0.0,1380.82,,
O107616,C00340,2026-07-31,cancelled,electronics,sbp,1,7.0,1026.69,,
O107617,C00463,2026-06-27,completed,toys,card,4,16.0,1166.07,19.0,2.0
O107618,C01832,2026-07-31,completed,electronics,card,1,18.0,547.78,2.0,5.0
O107619,C01765,2026-02-01,cancelled,electronics,wallet,3,13.0,1570.79,,
O107620,C01198,2026-07-31,delivered,electronics,sbp,2,13.0,436.4,2.0,4.0
O107621,C01220,2025-03-01,delivered,beauty,card,1,9.0,1499.49,6.0,5.0
O107622,C01402,2024-08-17,completed,clothing,sbp,1,0.0,254.56,12.0,2.0
O107623,C01647,2025-07-27,completed,electronics,card,5,28.0,7750.61,16.0,2.0
O107624,C00463,2026-07-03,delivered,clothing,cash,4,3.0,673.43,9.0,4.0
O107625,C00138,2024-06-26,cancelled,electronics,sbp,2,20.0,297.64,,
O107626,C00371,2025-08-01,completed,electronics,card,1,20.0,376.58,17.0,1.0
O107627,C00714,2026-05-18,processing,toys,card,1,17.0,677.38,8.0,
O107628,C00472,2026-04-06,cancelled,home,card,3,21.0,2023.13,,
O107629,C01050,2024-11-18,cancelled,home,cash,4,4.0,5545.12,,
O107630,C00277,2025-07-17,cancelled,clothing,sbp,1,11.0,266.14,,
O107631,C01154,2026-07-31,completed,clothing,card,4,21.0,4134.52,15.0,3.0
O107632,C01421,2026-07-31,completed,beauty,card,4,17.0,523.0,14.0,3.0
O107633,C00199,2025-08-05,completed,electronics,cash,1,14.0,227.34,6.0,3.0
O107634,C00575,2024-09-14,completed,home,card,1,7.0,399.18,4.0,4.0
O107635,C01078,2025-02-04,completed,home,card,1,21.0,204.33,13.0,3.0
O107636,C00133,2024-12-30,cancelled,clothing,card,1,,763.33,,
O107637,C01331,2025-07-21,cancelled,electronics,card,1,22.0,292.71,,
O107638,C01508,2026-01-06,completed,beauty,card,5,25.0,5496.64,13.0,3.0
O107639,C00724,2024-05-01,delivered,toys,cash,5,25.0,4935.99,11.0,3.0
O107640,C00019,2026-07-31,delivered,electronics,card,5,16.0,1435.55,1.0,4.0
O107641,C01002,2026-05-17,delivered,electronics,card,5,13.0,1858.8,9.0,3.0
O107642,C01738,2024-04-04,processing,home,cash,2,5.0,917.52,6.0,
O107643,C00586,2026-07-31,completed,beauty,card,2,27.0,2912.14,10.0,4.0
O107644,C01699,2024-11-24,completed,clothing,sbp,3,22.0,695.51,3.0,5.0
O107645,C01742,2026-07-24,cancelled,toys,sbp,5,11.0,368.87,,
O107646,C00562,2024-08-18,completed,beauty,card,4,11.0,1404.57,2.0,5.0
O107647,C01199,2026-07-31,cancelled,electronics,wallet,4,20.0,944.48,,
O107648,C00085,2026-03-07,completed,electronics,sbp,4,6.0,578.83,5.0,4.0
O107649,C01103,2026-07-31,delivered,electronics,card,5,11.0,2392.17,13.0,4.0
O107650,C01760,2026-01-26,delivered,beauty,sbp,3,18.0,578.21,3.0,5.0
O107651,C01889,2024-05-16,cancelled,home,card,4,27.0,2582.62,,
O107652,C00400,2025-07-13,completed,toys,sbp,3,27.0,564.74,19.0,1.0
O107653,,2024-12-09,cancelled,home,cash,4,13.0,20929.32,,
O107654,C00133,2024-05-13,cancelled,home,wallet,4,16.0,4599.33,,
O107655,C00560,2026-07-31,cancelled,electronics,card,4,6.0,1096.53,,
O107656,C01671,2025-12-17,processing,electronics,cash,3,5.0,797.62,5.0,
O107657,C01284,2026-07-31,cancelled,toys,card,5,30.0,2116.24,,
O107658,C00785,2025-03-23,cancelled,clothing,wallet,3,1.0,2663.73,,
O107659,C01924,2025-08-10,delivered,toys,card,2,9.0,688.75,1.0,5.0
O107660,C01518,2025-02-07,cancelled,clothing,card,2,19.0,389.1,,
O107661,C00048,2026-07-31,processing,home,sbp,2,28.0,308.68,20.0,
O107662,C00160,2026-07-31,delivered,home,card,5,23.0,2427.06,3.0,
O107663,C01254,2026-07-31,completed,electronics,cash,5,26.0,1379.89,10.0,4.0
O107664,C01754,2025-09-08,completed,clothing,card,3,0.0,1854.07,16.0,2.0
O107665,C00314,2024-11-10,cancelled,toys,card,2,16.0,179.84,,
O107666,C01077,2026-01-30,processing,clothing,sbp,3,11.0,2157.33,20.0,
O107667,C01633,2024-06-02,completed,clothing,sbp,2,8.0,762.35,14.0,2.0
O107668,C01725,2025-07-17,processing,home,card,4,,484.35,16.0,
O107669,C01282,2026-01-19,completed,beauty,cash,1,2.0,658.36,20.0,1.0
O107670,C02000,2025-05-03,completed,beauty,card,3,8.0,2202.76,3.0,4.0
O107671,C01874,2026-07-31,processing,clothing,wallet,2,7.0,516.86,5.0,
O107672,C01669,2025-11-20,processing,clothing,cash,3,10.0,2479.29,3.0,
O107673,C01340,2025-01-12,delivered,clothing,card,4,27.0,660.85,20.0,1.0
O107674,C01971,2026-07-31,processing,toys,card,3,19.0,235.71,12.0,
O107675,C00035,2026-07-31,cancelled,toys,card,5,8.0,2150.69,,
O107676,C00179,2026-07-31,cancelled,home,wallet,1,26.0,242.37,,
O107677,C01021,2024-07-07,cancelled,electronics,card,2,7.0,363.73,,
O107678,C01343,2024-09-21,completed,toys,card,5,29.0,3889.16,11.0,3.0
O107679,C01808,2025-11-10,completed,electronics,card,2,1.0,1170.24,999.0,1.0
O107680,C01357,2025-07-25,completed,electronics,cash,1,27.0,1830.19,10.0,3.0
O107681,C00465,2024-03-26,completed,clothing,cash,4,16.0,2751.47,10.0,3.0
O107682,C01818,2025-03-20,completed,home,card,5,7.0,3833.93,18.0,2.0
O107683,C00166,2026-07-31,completed,electronics,card,5,16.0,1225.17,11.0,3.0
O107684,C00190,2024-10-24,completed,clothing,card,5,24.0,444.65,15.0,2.0
O107685,C01440,2026-07-31,delivered,beauty,cash,3,21.0,7193.6,20.0,1.0
O107686,C01927,2025-06-06,completed,home,wallet,5,30.0,3654.17,10.0,3.0
O107687,C01006,2026-07-31,completed,electronics,sbp,1,26.0,1777.7,16.0,2.0
O107688,C00270,2026-06-10,completed,electronics,card,1,8.0,191.46,18.0,1.0
O107689,C00096,2025-04-22,completed,home,card,4,3.0,4409.41,20.0,2.0
O107690,C01960,2025-01-04,delivered,electronics,card,1,21.0,620.85,9.0,4.0
O107691,C00560,2026-07-16,cancelled,electronics,sbp,3,11.0,3458.06,,
O107692,C01279,2024-06-18,delivered,toys,cash,4,17.0,3135.76,19.0,2.0
O107693,C00654,2026-07-31,delivered,home,card,1,19.0,410.28,8.0,3.0
O107694,C00430,2026-04-30,processing,clothing,card,1,2.0,616.89,2.0,
O107695,C01336,2026-07-31,delivered,home,card,1,5.0,371.49,5.0,5.0
O107696,C01479,2025-06-02,completed,home,card,5,26.0,4813.34,18.0,3.0
O107697,C00944,2025-04-27,completed,clothing,wallet,2,8.0,521.36,7.0,5.0
O107698,C01015,2026-04-02,delivered,home,card,4,11.0,1123.61,13.0,2.0
O107699,C00975,2025-01-26,delivered,home,sbp,5,24.0,2166.42,20.0,1.0
O107700,C01183,2026-04-24,cancelled,electronics,sbp,5,7.0,4029.96,,
O107701,C01614,2026-04-23,completed,clothing,card,2,1.0,1028.4,12.0,3.0
O107702,C01422,2026-07-31,processing,clothing,card,5,15.0,1896.33,8.0,
O107703,C00557,2026-05-27,delivered,beauty,card,2,27.0,2294.29,17.0,2.0
O107704,C00495,2025-01-26,processing,beauty,cash,5,16.0,3945.27,16.0,
O107705,C01346,2026-07-31,delivered,beauty,card,2,24.0,682.44,1.0,5.0
O107706,C01291,2024-11-01,completed,clothing,sbp,1,17.0,214.02,9.0,3.0
O107707,C00736,2026-04-30,completed,home,sbp,3,10.0,1284.46,11.0,4.0
O107708,C01678,2025-07-28,completed,home,sbp,5,26.0,1496.08,7.0,3.0
O107709,C00837,2026-05-20,completed,clothing,cash,4,10.0,1062.69,20.0,1.0
O107710,C00672,2026-05-03,cancelled,toys,card,1,7.0,897.55,,
O107711,C01112,2024-11-24,completed,clothing,cash,5,7.0,6070.91,7.0,4.0
O107712,C00386,2024-12-17,completed,clothing,card,4,7.0,1879.59,1.0,4.0
O107713,C01392,2025-07-27,completed,beauty,card,5,0.0,2452.51,10.0,4.0
O107714,C01795,2025-05-23,delivered,home,card,4,26.0,1090.53,14.0,2.0
O107715,C01891,2025-01-12,completed,clothing,card,3,21.0,631.42,6.0,4.0
O107716,C00894,2026-07-31,completed,clothing,card,2,2.0,1862.64,14.0,
O107717,C00539,2025-08-24,cancelled,home,card,5,24.0,891.61,,
O107718,C00959,2026-07-15,completed,clothing,card,2,24.0,600.41,1.0,5.0
O107719,C00208,2026-07-15,processing,home,wallet,3,5.0,877.81,1.0,
O107720,C01336,2026-07-31,completed,beauty,card,4,8.0,2767.05,12.0,3.0
O107721,C00858,2024-12-03,delivered,electronics,card,5,12.0,2103.82,12.0,3.0
O107722,C00244,2026-05-01,delivered,home,card,3,19.0,937.23,17.0,1.0
O107723,C01094,2025-03-10,completed,electronics,card,5,14.0,7308.84,3.0,4.0
O107724,C01438,2026-06-18,delivered,home,wallet,4,7.0,7262.41,9.0,3.0
O107725,C00457,2024-07-14,completed,electronics,card,1,2.0,672.95,10.0,2.0
O107726,C00810,2026-07-31,completed,clothing,card,1,29.0,552.77,14.0,1.0
O107727,C01781,2024-12-17,cancelled,electronics,card,4,8.0,1317.63,,
O107728,C01420,2025-12-29,processing,clothing,card,3,24.0,1456.64,14.0,
O107729,C01598,2026-07-06,completed,home,cash,1,8.0,187.93,9.0,2.0
O107730,C00900,2025-11-13,delivered,clothing,card,4,30.0,4347.19,3.0,4.0
O107731,C00988,2025-07-21,completed,clothing,sbp,5,26.0,2217.45,2.0,5.0
O107732,C00994,2025-06-18,completed,toys,card,1,6.0,284.28,2.0,5.0
O107733,C00901,2024-05-10,completed,electronics,cash,5,3.0,1889.77,12.0,3.0
O107734,C00289,2025-11-19,delivered,clothing,card,4,22.0,3468.02,9.0,4.0
O107735,C00082,2025-09-15,delivered,clothing,card,5,7.0,2006.69,6.0,4.0
O107736,C01665,2025-07-09,delivered,beauty,card,3,18.0,787.39,13.0,2.0
O107737,C01074,2026-03-29,Processing ,electronics,card,2,14.0,185.24,9.0,
O107738,C01066,2025-10-31,cancelled,clothing,card,5,15.0,2314.83,,
O107739,C01192,2024-12-22,completed,beauty,cash,3,4.0,1996.34,2.0,5.0
O107740,C00825,2025-10-18,completed,clothing,wallet,5,2.0,1664.23,3.0,4.0
O107741,C01784,2026-06-14,delivered,beauty,card,2,6.0,522.13,4.0,5.0
O107742,C00940,2025-09-03,completed,electronics,card,4,17.0,801.14,4.0,4.0
O107743,C01003,2025-07-25,completed,electronics,card,3,29.0,1094.12,13.0,3.0
O107744,C01063,2025-04-15,completed,home,wallet,3,8.0,606.21,13.0,3.0
O107745,C00315,2025-07-03,completed,electronics,card,5,,1005.1,20.0,2.0
O107746,C00347,2026-07-31,delivered,clothing,card,3,17.0,1007.65,2.0,5.0
O107747,C00361,2026-05-23,delivered,electronics,wallet,5,3.0,11119.05,20.0,1.0
O107748,C00509,2025-05-11,cancelled,clothing,card,3,19.0,9573.14,,
O107749,C00320,2026-05-30,processing,toys,cash,1,8.0,1264.1,3.0,
O107750,C00449,2025-07-28,cancelled,toys,card,4,15.0,3300.19,,
O107751,C01878,2026-07-31,completed,clothing,cash,4,26.0,418.25,12.0,3.0
O107752,C00722,2026-06-28,delivered,electronics,card,2,26.0,8384.36,3.0,4.0
O107753,C01587,2026-07-31,completed,toys,sbp,1,10.0,674.27,19.0,2.0
O107754,C00787,2024-03-29,processing,home,card,2,8.0,408.95,15.0,
O107755,C01650,2026-05-22,delivered,home,card,3,13.0,12678.63,8.0,3.0
O107756,C01507,2026-07-02,completed,beauty,sbp,3,18.0,1366.26,9.0,3.0
O107757,C01681,2026-07-31,delivered,clothing,card,4,5.0,3841.81,17.0,1.0
O107758,C00577,2026-07-31,delivered,clothing,card,2,27.0,766.28,13.0,3.0
O107759,C00192,2026-07-12,processing,beauty,card,1,16.0,775.96,3.0,
O107760,C00617,2025-01-03,completed,clothing,card,5,7.0,4266.15,13.0,2.0
O107761,C01405,2024-08-22,completed,home,wallet,2,4.0,1961.0,20.0,2.0
O107762,C01309,2025-01-20,processing,toys,cash,2,19.0,2751.46,18.0,
O107763,C01409,2024-08-07,delivered,clothing,card,4,16.0,2231.66,13.0,1.0
O107764,C01987,2026-07-31,completed,beauty,card,3,7.0,1748.44,11.0,
O107765,C00450,2024-10-11,delivered,clothing,card,3,28.0,1422.69,13.0,1.0
O107766,C00889,2025-01-12,delivered,toys,wallet,2,18.0,427.47,6.0,3.0
O107767,C00982,2026-01-05,completed,clothing,card,5,14.0,1194.75,12.0,3.0
O107768,C00299,2025-08-13,completed,electronics,card,3,,1155.26,17.0,2.0
O107769,C01325,2026-03-26,completed,home,card,2,25.0,2705.2,19.0,1.0
O107770,C00098,2026-07-31,completed,toys,cash,2,26.0,1436.19,12.0,2.0
O107771,C01795,2025-07-09,completed,beauty,sbp,3,17.0,1372.06,7.0,5.0
O107772,C00177,2026-01-23,completed,home,cash,4,29.0,1596.14,5.0,5.0
O107773,C00221,2024-07-10,delivered,toys,sbp,2,11.0,387.44,5.0,4.0
O107774,C00348,2026-06-20,delivered,home,sbp,5,1.0,1200.36,5.0,4.0
O107775,C01785,2026-07-31,completed,beauty,wallet,2,29.0,1115.44,11.0,3.0
O107776,C01723,2025-09-12,completed,electronics,card,4,21.0,1984.1,9.0,3.0
O107777,C01845,2026-04-26,completed,electronics,card,5,30.0,4591.96,20.0,1.0
O107778,C01667,2026-07-31,completed,electronics,card,2,22.0,828.79,13.0,
O107779,C01848,2025-10-03,processing,toys,sbp,3,10.0,2327.53,20.0,
O107780,C00943,2026-07-31,completed,electronics,card,3,21.0,434.24,19.0,2.0
O107781,C00010,2024-12-03,cancelled,clothing,card,4,30.0,922.17,,
O107782,C00877,2026-02-21,delivered,electronics,cash,2,13.0,1216.85,6.0,4.0
O107783,C00442,2025-09-11,cancelled,electronics,card,4,30.0,1996.93,,
O107784,C00490,2025-08-10,cancelled,home,cash,4,11.0,3556.2,,
O107785,C01383,2025-03-02,cancelled,electronics,cash,2,9.0,2524.13,,
O107786,C00334,2026-05-23,delivered,beauty,wallet,5,11.0,6545.22,19.0,1.0
O107787,C00644,2025-04-07,completed,beauty,cash,1,14.0,1752.48,13.0,2.0
O107788,C00786,2025-07-28,delivered,home,card,5,28.0,10573.71,5.0,4.0
O107789,C00123,2025-09-28,completed,clothing,card,2,,741.12,13.0,2.0
O107790,C01403,2025-09-11,completed,beauty,card,5,4.0,15508.09,6.0,3.0
O107791,C01526,2024-12-21,cancelled,clothing,card,2,0.0,9942.9,,
O107792,C01117,2026-07-31,delivered,electronics,sbp,3,17.0,521.49,1.0,4.0
O107793,C00058,2025-03-24,completed,clothing,card,1,4.0,307.67,1.0,5.0
O107794,C01575,2024-09-17,cancelled,clothing,cash,5,30.0,3286.53,,
O107795,C00893,2025-10-11,completed,home,cash,4,8.0,2373.06,9.0,3.0
O107796,C00533,2025-04-09,cancelled,clothing,cash,2,,255.68,,
O107797,C01896,2026-04-09,cancelled,beauty,sbp,4,27.0,922.02,,
O107798,C01719,2025-03-05,completed,home,card,1,20.0,586.05,13.0,2.0
O107799,C00881,2024-09-27,completed,electronics,card,4,10.0,1655.99,14.0,3.0
O107800,C00887,2024-05-20,processing,clothing,card,3,29.0,2429.35,1.0,
O107801,C01824,2026-07-31,completed,home,sbp,5,22.0,11778.58,12.0,3.0
O107802,C00383,2026-07-31,processing,electronics,wallet,3,0.0,546.19,2.0,
O107803,C00819,2025-12-29,completed,electronics,wallet,2,29.0,6276.07,16.0,3.0
O107804,C01141,2026-04-25,completed,home,card,4,,8877.14,15.0,2.0
O107805,C00694,2026-06-11,delivered,clothing,wallet,4,16.0,495.53,11.0,3.0
O107806,C99999,2025-04-04,delivered,electronics,sbp,5,3.0,948.05,17.0,2.0
O107807,C00215,2026-02-28,completed,clothing,card,4,26.0,1426.84,13.0,3.0
O107808,C00534,2024-09-28,delivered,home,card,5,25.0,1149.06,12.0,3.0
O107809,C00717,2025-12-25,completed,electronics,wallet,4,12.0,3139.71,1.0,5.0
O107810,C01675,2026-07-31,completed,beauty,card,4,10.0,3275.68,4.0,4.0
O107811,C00674,2025-03-19,cancelled,clothing,wallet,5,7.0,2759.1,,
O107812,C00323,2025-08-25,delivered,electronics,card,4,28.0,2658.45,19.0,2.0
O107813,C01694,2025-03-05,delivered,beauty,card,3,23.0,1328.12,11.0,3.0
O107814,C00704,2024-11-09,delivered,home,card,1,3.0,676.76,20.0,1.0
O107815,C01840,2026-04-17,delivered,toys,card,2,19.0,4552.37,9.0,3.0
O107816,C00219,2025-09-08,completed,electronics,cash,1,28.0,150.0,3.0,4.0
O107817,C00044,2025-05-04,processing,clothing,card,2,20.0,999.72,14.0,
O107818,C01844,2026-07-31,completed,home,card,1,,714.66,15.0,3.0
O107819,C00197,2025-07-08,processing,toys,wallet,4,10.0,1821.28,1.0,
O107820,C00018,2025-04-20,cancelled,beauty,card,2,27.0,1265.76,,
O107821,C01287,2026-07-31,delivered,home,card,2,15.0,2571.26,16.0,2.0
O107822,C00635,2025-06-14,delivered,beauty,wallet,5,,1630.2,12.0,3.0
O107823,C00970,2024-08-23,completed,electronics,wallet,3,12.0,8654.07,18.0,1.0
O107824,,2024-06-24,completed,home,sbp,4,8.0,600.9,15.0,3.0
O107825,C00594,2026-07-04,delivered,home,card,1,28.0,809.5,3.0,4.0
O107826,C00963,2026-07-31,completed,electronics,card,4,2.0,1949.75,14.0,1.0
O107827,C00520,2025-10-01,completed,electronics,sbp,5,28.0,3033.15,8.0,
O107828,C00450,2024-09-22,delivered,electronics,sbp,1,16.0,906.07,20.0,1.0
O107829,C00450,2025-07-08,completed,electronics,cash,1,3.0,300.51,18.0,3.0
O107830,C00237,2026-01-28,completed,electronics,card,4,17.0,4760.73,15.0,3.0
O107831,C01051,2025-10-26,delivered,electronics,cash,4,21.0,9569.41,2.0,5.0
O107832,C01098,2026-07-31,completed,home,cash,4,26.0,1562.93,19.0,2.0
O107833,C00035,2026-07-18,completed,clothing,sbp,2,8.0,651.3,5.0,4.0
O107834,C00920,2026-05-28,completed,electronics,card,2,18.0,2711.97,16.0,4.0
O107835,C01478,2025-07-25,delivered,home,card,1,22.0,1081.31,17.0,3.0
O107836,C00003,2026-03-14,processing,electronics,card,2,24.0,281.64,10.0,
O107837,C00601,2025-10-22,completed,clothing,sbp,4,7.0,3066.8,8.0,4.0
O107838,C01922,2026-02-15,delivered,toys,sbp,4,2.0,3665.12,5.0,4.0
O107839,C00854,2024-10-31,completed,beauty,card,3,13.0,1414.87,7.0,4.0
O107840,C00034,2025-12-31,delivered,home,card,1,8.0,1636.7,2.0,5.0
O107841,C01055,2025-01-06,completed,home,cash,5,12.0,682.75,8.0,5.0
O107842,C00822,2025-10-11,cancelled,electronics,card,3,25.0,264.65,,
O107843,C00423,2026-04-24,delivered,clothing,sbp,1,25.0,1155.08,20.0,1.0
O107844,C99999,2024-10-05,delivered,clothing,card,5,6.0,1285.7,10.0,3.0
O107845,C01768,2025-06-10,completed,clothing,sbp,3,10.0,1437.83,2.0,4.0
O107846,C01626,2026-07-04,cancelled,toys,card,1,7.0,199.06,,
O107847,C01365,2025-10-16,completed,beauty,sbp,3,28.0,2923.27,8.0,4.0
O107848,C00036,2024-08-27,delivered,home,card,1,28.0,647.19,7.0,4.0
O107849,C01741,2025-12-30,cancelled,home,card,1,3.0,443.15,,
O107850,C00947,2026-07-31,delivered,home,card,3,17.0,550.53,9.0,3.0
O107851,C00951,2024-05-30,cancelled,clothing,card,1,7.0,433.46,,
O107852,C01756,2025-01-27,delivered,beauty,card,1,28.0,643.52,1.0,5.0
O107853,C00865,2026-04-18,cancelled,home,sbp,3,7.0,966.01,,
O107854,C00473,2025-12-27,completed,home,card,4,9.0,1323.7,7.0,4.0
O107855,C00475,2025-12-08,completed,electronics,sbp,2,7.0,993.72,19.0,2.0
O107856,C01854,2025-04-16,delivered,clothing,card,1,14.0,844.74,13.0,3.0
O107857,C01090,2024-05-31,delivered,clothing,card,4,18.0,2766.81,9.0,4.0
O107858,C01158,2026-07-31,delivered,electronics,card,1,14.0,1262.52,1.0,4.0
O107859,C01187,2024-06-05,delivered,home,sbp,2,12.0,917.24,10.0,
O107860,C00442,2025-04-21,delivered,toys,card,3,27.0,3324.06,18.0,1.0
O107861,C00840,2026-04-14,completed,home,card,1,14.0,193.89,14.0,2.0
O107862,C01904,2024-10-10,completed,electronics,card,5,25.0,3388.12,19.0,2.0
O107863,C00291,2026-02-28,processing,electronics,card,4,30.0,2597.52,10.0,
O107864,C01903,2026-07-03,completed,clothing,card,2,28.0,6497.72,6.0,3.0
O107865,C00547,2025-09-16,completed,electronics,card,4,25.0,1153.06,5.0,3.0
O107866,C00592,2026-07-31,delivered,electronics,sbp,1,4.0,188.52,13.0,3.0
O107867,C00029,2025-07-22,completed,electronics,card,5,13.0,1330.38,17.0,2.0
O107868,C01328,2024-06-23,delivered,clothing,card,2,11.0,594.34,12.0,3.0
O107869,C00639,2026-05-09,delivered,electronics,cash,5,23.0,3419.89,6.0,
O107870,C00919,2025-08-12,delivered,electronics,card,1,3.0,179.75,13.0,2.0
O107871,C01162,2025-12-12,processing,beauty,card,2,4.0,1299.2,18.0,
O107872,C01269,2026-05-30,cancelled,toys,sbp,1,17.0,506.43,,
O107873,C01912,2026-03-31,delivered,beauty,card,4,9.0,4096.37,20.0,1.0
O107874,C01112,2024-12-04,processing,electronics,sbp,3,25.0,2426.04,6.0,
O107875,C00356,2026-07-31,completed,electronics,cash,1,28.0,955.85,11.0,2.0
O107876,C01408,2026-07-31,completed,home,sbp,5,0.0,3649.55,5.0,4.0
O107877,C00111,2025-09-07,delivered,beauty,card,2,30.0,2508.37,4.0,4.0
O107878,C01688,2025-03-19,delivered,home,cash,5,18.0,747.68,3.0,4.0
O107879,C00593,2025-03-11,CANCELED,beauty,card,2,26.0,307.56,,
O107880,C01445,2024-10-30,completed,clothing,sbp,4,24.0,1938.81,7.0,5.0
O107881,C00314,2025-05-11,completed,toys,card,5,19.0,2635.67,18.0,2.0
O107882,C00814,2025-04-02,completed,beauty,card,5,18.0,1085.95,4.0,4.0
O107883,C01392,2025-11-01,completed,electronics,card,4,25.0,3085.49,6.0,4.0
O107884,C01243,2026-07-31,processing,clothing,card,3,1.0,520.67,15.0,
O107885,C00012,2026-07-31,cancelled,home,card,5,4.0,1988.25,,
O107886,C00070,2025-06-09,delivered,electronics,wallet,5,9.0,2428.57,14.0,4.0
O107887,C01962,2026-07-31,delivered,clothing,cash,3,12.0,2336.19,16.0,2.0
O107888,C01058,2026-01-09,completed,home,cash,5,20.0,1646.15,10.0,4.0
O107889,C01712,2025-03-28,delivered,home,cash,1,18.0,1303.05,2.0,5.0
O107890,C00146,2026-06-25,delivered,beauty,card,4,27.0,7558.66,10.0,2.0
O107891,C00982,2026-07-26,cancelled,electronics,card,5,18.0,8432.34,,
O107892,C01153,2025-03-24,completed,toys,cash,2,13.0,4185.63,19.0,1.0
O107893,C01842,2024-03-30,processing,clothing,cash,5,8.0,5780.95,14.0,
O107894,C01422,2026-07-31,cancelled,toys,cash,4,27.0,3224.2,,
O107895,C01257,2025-02-10,completed,electronics,card,1,19.0,270.6,12.0,3.0
O107896,C00587,2026-04-13,processing,clothing,card,5,15.0,1568.92,8.0,
O107897,C01988,2024-07-12,completed,toys,cash,4,8.0,4210.45,9.0,4.0
O107898,C00656,2025-07-13,processing,electronics,card,3,16.0,355.62,5.0,
O107899,C00557,2026-03-09,delivered,beauty,card,2,23.0,2841.26,8.0,3.0
O107900,C01448,2026-07-31,completed,clothing,card,2,3.0,606.79,15.0,3.0
O107901,C01994,2026-03-30,completed,clothing,card,3,14.0,964.23,2.0,4.0
O107902,C01714,2026-07-31,delivered,home,sbp,2,25.0,1833.26,11.0,3.0
O107903,C00361,2026-07-31,cancelled,electronics,card,3,16.0,1850.02,,
O107904,C01631,2025-10-31,cancelled,home,sbp,4,1.0,1409.05,,
O107905,C00707,2024-07-30,completed,electronics,cash,2,29.0,475.62,2.0,4.0
O107906,C00444,2025-08-08,cancelled,home,card,5,8.0,741.3,,
O107907,C01871,2024-04-06,delivered,home,sbp,2,30.0,174.62,11.0,2.0
O107908,C01900,2025-06-03,completed,electronics,card,3,6.0,4765.41,4.0,4.0
O107909,C00742,2026-03-13,completed,electronics,card,3,,1243.1,3.0,5.0
O107910,C00053,2025-03-03,cancelled,home,card,1,9.0,242.01,,
O107911,C00420,2025-12-21,delivered,electronics,cash,3,13.0,2696.82,1.0,5.0
O107912,C01083,2026-06-16,completed,home,card,1,10.0,264.17,13.0,3.0
O107913,C00119,2024-08-19,delivered,toys,card,5,13.0,1341.66,10.0,2.0
O107914,C00455,2025-11-04,cancelled,electronics,sbp,5,24.0,6381.66,,
O107915,C00298,2025-09-09,completed,clothing,sbp,2,16.0,1783.57,7.0,3.0
O107916,C01905,2025-09-01,completed,toys,wallet,2,,1141.01,12.0,3.0
O107917,C00711,2026-03-18,completed,toys,card,2,23.0,632.55,10.0,3.0
O107918,C00761,2024-09-11,completed,electronics,sbp,5,3.0,2969.98,20.0,1.0
O107919,C00843,2026-07-31,completed,beauty,sbp,5,22.0,3919.92,4.0,5.0
O107920,C00027,2025-05-20,cancelled,electronics,card,1,25.0,605.74,,
O107921,C01085,2024-10-31,completed,home,card,1,8.0,1301.82,20.0,2.0
O107922,C01825,2026-07-31,cancelled,clothing,card,1,9.0,221.17,,
O107923,C01628,2026-04-04,processing,electronics,sbp,3,14.0,1202.47,1.0,
O107924,C00502,2026-05-02,completed,clothing,cash,2,22.0,1538.7,7.0,4.0
O107925,C00027,2025-05-21,completed,electronics,card,2,20.0,623.29,3.0,5.0
O107926,C01547,2025-12-31,completed,clothing,card,2,19.0,2112.05,14.0,1.0
O107927,C01683,2024-03-02,delivered,clothing,sbp,3,2.0,4327.82,15.0,2.0
O107928,C01844,2026-07-31,delivered,toys,cash,5,28.0,2583.5,12.0,
O107929,C01155,2025-09-21,delivered,clothing,sbp,5,3.0,3346.57,19.0,2.0
O107930,C00948,2024-05-22,cancelled,home,card,2,20.0,833.93,,
O107931,C01513,2025-12-26,cancelled,electronics,wallet,5,25.0,1949.47,,
O107932,C01381,2026-07-31,delivered,toys,card,4,22.0,5502.51,19.0,2.0
O107933,C01514,2025-08-15,cancelled,clothing,card,5,28.0,1262.06,,
O107934,C00569,2025-10-26,processing,electronics,wallet,5,3.0,4773.5,20.0,
O107935,C01807,2024-01-13,delivered,home,card,1,5.0,332.19,12.0,3.0
O107936,C00075,2026-01-18,completed,clothing,card,4,6.0,1002.12,13.0,2.0
O107937,C00187,2024-10-11,cancelled,electronics,card,4,28.0,4414.66,,
O107938,C01310,2026-07-10,cancelled,clothing,cash,5,29.0,4300.82,,
O107939,C01144,2026-07-31,delivered,clothing,card,4,26.0,1168.69,5.0,4.0
O107940,C01109,2026-07-31,delivered,electronics,card,1,20.0,430.68,3.0,5.0
O107941,C01819,2024-05-13,completed,beauty,card,2,,892.06,3.0,
O107942,C01742,2025-12-18,delivered,electronics,wallet,4,13.0,2378.84,4.0,4.0
O107943,C01439,2025-07-11,cancelled,electronics,wallet,2,4.0,666.21,,
O107944,C00330,2026-01-16,cancelled,electronics,sbp,3,3.0,5930.46,,
O107945,C00194,2025-02-28,completed,clothing,sbp,4,15.0,811.88,3.0,4.0
O107946,C00280,2025-02-22,completed,electronics,cash,5,23.0,732.62,6.0,3.0
O107947,C01228,2026-07-31,completed,electronics,card,1,24.0,448.69,14.0,2.0
O107948,C01426,2026-07-31,completed,electronics,card,4,19.0,401.94,8.0,4.0
O107949,C01600,2026-07-23,cancelled,toys,sbp,5,15.0,1323.48,,
O107950,C00207,2026-03-16,completed,electronics,card,4,30.0,1187.95,1.0,5.0
O107951,C00550,2026-04-15,cancelled,electronics,card,1,25.0,498.76,,
O107952,C00677,2026-01-15,delivered,home,card,2,23.0,841.57,16.0,2.0
O107953,C01265,2025-01-18,delivered,clothing,wallet,3,4.0,1785.44,15.0,3.0
O107954,C00094,2025-08-07,delivered,electronics,card,4,1.0,1056.0,2.0,4.0
O107955,C01681,2026-07-31,cancelled,beauty,card,4,7.0,1456.15,,
O107956,C00162,2025-10-02,completed,home,cash,5,27.0,3914.45,5.0,5.0
O107957,C01048,2025-07-17,completed,clothing,cash,5,22.0,400.99,11.0,2.0
O107958,C01866,2025-06-16,delivered,clothing,card,1,7.0,689.92,15.0,3.0
O107959,C00389,2026-07-31,completed,beauty,cash,4,15.0,354.45,2.0,5.0
O107960,C01375,2026-06-06,completed,electronics,card,1,0.0,496.94,20.0,2.0
O107961,C01100,2025-09-03,processing,toys,card,1,12.0,746.9,19.0,
O107962,C01640,2024-11-04,delivered,electronics,cash,2,17.0,1260.57,7.0,5.0
O107963,C01177,2025-06-02,completed,clothing,wallet,4,25.0,1200.04,19.0,2.0
O107964,C01697,2025-05-09,delivered,electronics,sbp,5,20.0,3025.93,11.0,3.0
O107965,C00806,2026-05-22,completed,home,card,4,4.0,927.45,7.0,
O107966,C00328,2024-11-25,completed,beauty,card,3,1.0,4465.93,18.0,1.0
O107967,C01360,2025-04-14,completed,home,card,1,12.0,958.17,7.0,4.0
O107968,,2025-05-04,completed,electronics,card,2,29.0,461.25,9.0,2.0
O107969,C00867,2026-02-03,completed,beauty,card,4,28.0,5930.05,11.0,3.0
O107970,C01640,2024-10-06,delivered,toys,card,5,0.0,2878.8,5.0,
O107971,C01755,2025-09-24,completed,electronics,card,1,28.0,199.59,18.0,2.0
O107972,C01292,2026-05-20,completed,electronics,card,1,0.0,1253.96,18.0,2.0
O107973,C01584,2025-06-16,completed,clothing,card,3,11.0,5505.28,19.0,1.0
O107974,C01126,2026-07-31,completed,home,card,5,0.0,2007.89,18.0,2.0
O107975,C01610,2024-07-21,delivered,electronics,card,2,13.0,1320.72,5.0,4.0
O107976,C00673,2025-12-11,Processing ,electronics,card,4,22.0,1950.42,12.0,
O107977,C01053,2025-04-18,delivered,home,card,5,2.0,3916.42,12.0,3.0
O107978,C00156,2026-05-13,delivered,beauty,card,3,30.0,2791.88,17.0,2.0
O107979,C00393,2025-06-17,completed,electronics,card,4,6.0,4337.88,8.0,4.0
O107980,C01159,2025-01-01,delivered,home,card,2,25.0,224.72,11.0,3.0
O107981,C01449,2026-04-23,delivered,beauty,sbp,4,0.0,1302.08,5.0,5.0
O107982,C00060,2025-12-02,delivered,electronics,card,3,6.0,3199.91,11.0,3.0
O107983,,2024-06-30,completed,clothing,cash,5,16.0,1409.37,1.0,4.0
O107984,C00013,2026-02-13,completed,clothing,cash,2,2.0,1301.02,1.0,5.0
O107985,C01036,2026-07-31,delivered,home,card,3,30.0,710.16,6.0,4.0
O107986,C00671,2026-06-07,processing,home,card,1,25.0,847.52,15.0,
O107987,C00106,2026-07-24,completed,beauty,card,4,4.0,2030.99,7.0,3.0
O107988,C01588,2024-12-26,delivered,clothing,card,3,9.0,2396.6,14.0,3.0
O107989,C01057,2025-02-14,completed,electronics,card,2,29.0,1351.71,14.0,1.0
O107990,C00021,2026-02-25,processing,clothing,card,1,23.0,160.1,6.0,
O107991,C01372,2025-08-14,completed,clothing,card,5,12.0,13165.77,13.0,
O107992,C01823,2025-01-11,delivered,home,card,5,8.0,865.37,9.0,4.0
O107993,C00839,2024-07-08,delivered,toys,card,3,1.0,10795.87,20.0,1.0
O107994,C01900,2025-07-11,delivered,clothing,wallet,3,29.0,262.54,1.0,5.0
O107995,C00834,2024-11-14,delivered,home,card,4,4.0,2081.32,14.0,2.0
O107996,C00155,2025-11-03,delivered,electronics,card,1,2.0,159.8,17.0,2.0
O107997,C00246,2025-02-05,delivered,home,cash,2,14.0,3589.43,4.0,4.0
O107998,C00134,2025-10-01,delivered,home,sbp,4,14.0,875.47,20.0,
O107999,C00604,2024-06-10,completed,beauty,card,4,6.0,820.81,12.0,2.0
O108000,C00770,2025-05-15,cancelled,toys,card,2,,1012.8,,
O108001,C00889,2024-08-20,completed,toys,card,3,20.0,4641.59,4.0,5.0
O108002,C00962,2025-10-16,completed,clothing,wallet,1,16.0,1321.22,12.0,2.0
O108003,C01728,2025-09-13,completed,beauty,cash,4,7.0,1649.32,4.0,4.0
O108004,C00024,2026-07-31,delivered,home,card,2,12.0,762.63,9.0,3.0
O108005,C01796,2024-07-16,completed,clothing,cash,5,24.0,3739.36,19.0,2.0
O108006,C00478,2024-08-15,delivered,electronics,card,2,30.0,940.6,5.0,3.0
O108007,C01908,2024-11-02,delivered,toys,card,1,6.0,525.58,4.0,4.0
O108008,C00271,2025-06-05,completed,toys,card,3,5.0,1319.8,1.0,5.0
O108009,C00201,2025-03-13,completed,clothing,cash,1,18.0,803.01,10.0,3.0
O108010,C00244,2026-07-21,cancelled,clothing,wallet,2,11.0,1413.56,,
O108011,C00593,2024-08-06,cancelled,electronics,card,3,16.0,4992.78,,
O108012,C01884,2026-07-31,cancelled,electronics,cash,1,15.0,296.04,,
O108013,C00926,2026-07-31,completed,beauty,cash,2,24.0,587.74,13.0,3.0
O108014,C00331,2025-11-17,processing,clothing,card,5,1.0,2287.66,4.0,
O108015,C01284,2026-04-23,cancelled,home,cash,2,18.0,838.29,,
O108016,C01017,2025-05-07,delivered,clothing,sbp,2,30.0,1965.38,6.0,4.0
O108017,C01406,2024-10-26,delivered,home,card,3,15.0,635.68,7.0,4.0
O108018,C01484,2024-08-03,completed,beauty,card,2,5.0,2722.2,11.0,3.0
O108019,C01573,2025-11-04,delivered,beauty,cash,5,28.0,1962.29,3.0,4.0
O108020,C00303,2024-06-04,Completed,clothing,sbp,3,4.0,3803.45,18.0,1.0
O108021,C00992,2025-10-08,delivered,clothing,card,2,27.0,7466.29,18.0,1.0
O108022,C01262,2026-07-31,completed,electronics,card,4,18.0,4480.49,6.0,3.0
O108023,C01114,2025-03-13,completed,beauty,cash,1,27.0,812.32,17.0,2.0
O108024,C01946,2024-11-04,delivered,beauty,card,4,2.0,4811.82,14.0,3.0
O108025,C01922,2025-10-21,delivered,clothing,sbp,3,7.0,1168.16,19.0,2.0
O108026,C01624,2024-06-18,delivered,electronics,card,1,25.0,608.14,16.0,2.0
O108027,C00481,2025-06-07,processing,home,card,2,22.0,575.57,16.0,
O108028,C01058,2026-07-31,completed,beauty,sbp,3,19.0,908.4,11.0,2.0
O108029,C01608,2026-06-21,completed,home,card,1,19.0,630.63,10.0,2.0
O108030,C00537,2025-08-19,completed,electronics,card,4,29.0,2127.85,5.0,5.0
O108031,C01424,2025-09-17,cancelled,toys,card,5,26.0,3479.21,,
O108032,C00499,2026-07-31,cancelled,clothing,sbp,1,7.0,548.6,,
O108033,C00281,2025-01-30,cancelled,home,card,2,19.0,786.23,,
O108034,C00480,2024-05-13,cancelled,electronics,cash,1,20.0,1031.72,,
O108035,C01853,2025-12-27,completed,electronics,wallet,1,5.0,300.67,5.0,4.0
O108036,C01991,2025-12-16,completed,electronics,card,4,8.0,2409.51,12.0,3.0
O108037,C01711,2025-06-24,delivered,clothing,card,2,8.0,2468.25,10.0,2.0
O108038,C00543,2025-02-13,completed,toys,card,3,22.0,2607.6,5.0,4.0
O108039,C01560,2026-07-31,delivered,home,card,2,15.0,962.96,14.0,3.0
O108040,C00437,2026-02-07,completed,toys,card,1,15.0,150.0,7.0,4.0
O108041,C00254,2025-07-14,completed,home,card,5,17.0,1876.87,17.0,2.0
O108042,C00518,2024-11-30,delivered,electronics,card,4,4.0,10784.64,17.0,2.0
O108043,C00280,2024-12-05,completed,home,cash,5,13.0,2020.22,17.0,1.0
O108044,C01282,2026-07-19,processing,home,cash,1,11.0,490.74,19.0,
O108045,C01367,2024-10-29,completed,beauty,cash,2,26.0,1128.68,8.0,4.0
O108046,C00072,2024-11-14,processing,clothing,card,3,2.0,2080.71,15.0,
O108047,C00215,2026-02-11,completed,electronics,card,5,26.0,1458.65,3.0,5.0
O108048,C00959,2026-07-31,cancelled,home,sbp,5,28.0,4518.15,,
O108049,C00227,2026-07-31,delivered,beauty,sbp,3,23.0,2050.08,10.0,3.0
O108050,C01657,2026-07-31,completed,clothing,card,1,29.0,150.0,8.0,5.0
O108051,C00801,2024-07-20,completed,electronics,card,5,13.0,321.85,18.0,2.0
O108052,C00826,2024-11-27,completed,clothing,cash,3,5.0,962.07,8.0,3.0
O108053,C00011,2026-01-28,cancelled,beauty,card,4,23.0,748.16,,
O108054,C01403,2024-12-12,completed,clothing,card,2,3.0,1262.19,13.0,2.0
O108055,C01443,2026-07-31,completed,home,card,4,26.0,1460.91,11.0,3.0
O108056,C01513,2026-07-31,delivered,electronics,card,5,17.0,3588.66,16.0,1.0
O108057,C01081,2026-07-03,delivered,clothing,card,3,18.0,2175.86,4.0,4.0
O108058,C00540,2024-08-28,completed,clothing,card,4,16.0,881.56,20.0,2.0
O108059,C00157,2024-09-28,completed,electronics,card,4,18.0,1472.74,15.0,3.0
O108060,C00632,2025-03-11,delivered,clothing,sbp,2,27.0,633.03,7.0,3.0
O108061,C01088,2026-07-31,completed,home,sbp,4,7.0,4157.78,13.0,2.0
O108062,C00234,2026-03-06,delivered,clothing,card,3,14.0,1284.42,1.0,5.0
O108063,C00109,2026-01-05,completed,electronics,card,3,11.0,4021.41,15.0,2.0
O108064,C00434,2024-12-17,processing,home,card,3,,4204.44,2.0,
O108065,C00142,2025-05-08,delivered,clothing,wallet,2,21.0,884.22,6.0,4.0
O108066,C00029,2026-02-08,delivered,clothing,card,5,15.0,1533.87,17.0,2.0
O108067,C00971,2025-05-13,cancelled,beauty,wallet,2,27.0,489.13,,
O108068,C01491,2024-11-15,processing,clothing,cash,4,6.0,3478.13,11.0,
O108069,C01000,2026-04-09,cancelled,clothing,sbp,4,21.0,1818.94,,
O108070,C00183,2025-11-18,delivered,electronics,card,4,23.0,1100.15,16.0,2.0
O108071,C00678,2024-07-26,cancelled,clothing,cash,2,10.0,2019.92,,
O108072,C00072,2024-09-22,completed,electronics,card,5,20.0,5124.34,14.0,3.0
O108073,C01244,2025-05-03,cancelled,beauty,cash,4,24.0,922.9,,
O108074,C00467,2024-09-23,delivered,electronics,cash,1,8.0,658.02,20.0,1.0
O108075,C00775,2026-03-30,delivered,home,sbp,4,14.0,3156.62,11.0,2.0
O108076,C01805,2025-03-16,cancelled,beauty,cash,3,12.0,5766.77,,
O108077,C01174,2024-11-16,delivered,clothing,wallet,4,11.0,1727.23,18.0,2.0
O108078,C01530,2026-07-31,delivered,electronics,card,5,14.0,2464.13,10.0,
O108079,C00700,2025-01-14,processing,electronics,card,2,10.0,1672.34,17.0,
O108080,C01862,2025-09-11,delivered,electronics,card,5,30.0,6799.39,15.0,3.0
O108081,C01430,2026-06-02,completed,toys,card,5,24.0,3394.57,11.0,3.0
O108082,C01032,2024-06-25,completed,electronics,card,2,10.0,1180.29,20.0,2.0
O108083,C01159,2025-07-27,delivered,clothing,card,2,26.0,628.98,7.0,4.0
O108084,C01247,2026-07-31,completed,electronics,card,3,12.0,1141.06,20.0,2.0
O108085,C00321,2025-02-26,delivered,home,card,2,,874.77,15.0,2.0
O108086,C00504,2026-04-08,cancelled,clothing,card,1,19.0,863.51,,
O108087,C01373,2025-11-01,completed,clothing,cash,4,6.0,2822.28,16.0,3.0
O108088,C00882,2026-07-31,processing,electronics,card,4,4.0,1135.62,6.0,
O108089,C01568,2025-08-28,delivered,toys,wallet,4,16.0,3889.78,11.0,2.0
O108090,C01052,2024-11-29,processing,clothing,card,4,6.0,1721.63,15.0,
O108091,C00132,2025-11-24,completed,electronics,card,1,26.0,435.34,3.0,5.0
O108092,C01330,2024-12-31,delivered,beauty,sbp,3,11.0,2732.7,20.0,1.0
O108093,C01220,2025-04-13,delivered,beauty,sbp,3,3.0,3019.41,7.0,4.0
O108094,C00730,2025-12-12,cancelled,clothing,card,5,15.0,3249.17,,
O108095,C01581,2025-03-17,processing,toys,card,5,15.0,11011.41,10.0,
O108096,C00702,2026-05-09,cancelled,electronics,sbp,1,6.0,150.0,,
O108097,C00230,2024-11-14,completed,beauty,wallet,3,,3200.73,19.0,2.0
O108098,C00243,2025-01-26,completed,beauty,wallet,5,5.0,1107.58,3.0,5.0
O108099,C01804,2025-04-01,CANCELED,clothing,card,4,18.0,1944.54,,
O108100,C00753,2024-08-09,completed,clothing,card,3,14.0,1507.52,12.0,2.0
O108101,C00830,2024-07-30,processing,electronics,card,4,8.0,1894.37,16.0,
O108102,C00611,2026-03-22,delivered,electronics,card,1,15.0,239.35,18.0,1.0
O108103,C01476,2025-09-23,cancelled,clothing,card,3,11.0,502.25,,
O108104,C01212,2026-04-03,processing,toys,card,5,11.0,532.79,18.0,
O108105,C01799,2026-02-03,completed,electronics,wallet,3,9.0,1260.43,4.0,
O108106,C01789,2025-10-28,completed,clothing,card,5,14.0,2763.83,7.0,4.0
O108107,C01980,2026-04-11,delivered,electronics,card,4,15.0,3192.87,20.0,2.0
O108108,C00659,2024-08-31,cancelled,electronics,card,5,4.0,6282.05,,
O108109,C01168,2025-02-11,delivered,clothing,wallet,1,21.0,971.8,6.0,3.0
O108110,C00693,2026-07-31,completed,toys,wallet,5,10.0,5468.51,16.0,3.0
O108111,C01409,2024-01-25,delivered,electronics,card,2,3.0,445.65,14.0,3.0
O108112,C01497,2026-01-05,completed,electronics,cash,2,6.0,2400.52,17.0,
O108113,C00504,2026-05-13,completed,electronics,wallet,1,20.0,669.36,16.0,2.0
O108114,C01720,2025-06-01,processing,clothing,cash,2,17.0,350.97,5.0,
O108115,C00581,2024-06-15,completed,clothing,card,4,8.0,4674.56,11.0,3.0
O108116,C01967,2025-01-05,completed,electronics,cash,2,16.0,490.0,2.0,4.0
O108117,C01702,2025-05-01,completed,electronics,card,1,23.0,216.62,2.0,5.0
O108118,C00037,2026-07-31,cancelled,clothing,card,2,20.0,3408.81,,
O108119,C00797,2026-07-31,completed,electronics,card,1,3.0,600.84,7.0,5.0
O108120,C00777,2025-10-10,completed,beauty,card,5,21.0,1077.13,10.0,3.0
O108121,C01645,2024-07-23,completed,beauty,sbp,4,24.0,1290.48,19.0,2.0
O108122,C01449,2026-07-31,delivered,clothing,card,3,7.0,3469.29,14.0,2.0
O108123,C00102,2025-04-03,completed,home,card,5,21.0,949.06,12.0,2.0
O108124,C01682,2024-04-07,cancelled,clothing,card,2,15.0,885.76,,
O108125,C00437,2026-04-02,cancelled,electronics,cash,5,3.0,2213.36,,
O108126,C00740,2026-07-31,delivered,home,card,4,27.0,17514.69,8.0,4.0
O108127,C00341,2025-12-16,completed,home,sbp,2,27.0,309.05,4.0,5.0
O108128,C00316,2026-03-26,delivered,clothing,sbp,4,25.0,638.88,19.0,1.0
O108129,C01055,2025-01-22,completed,electronics,cash,5,2.0,1575.27,2.0,5.0
O108130,C00170,2024-04-25,completed,electronics,card,2,27.0,594.34,18.0,2.0
O108131,C00162,2026-07-31,cancelled,clothing,card,2,4.0,1019.87,,
O108132,C01572,2025-03-15,completed,clothing,card,5,13.0,1700.16,4.0,4.0
O108133,C00688,2026-06-13,completed,beauty,card,2,5.0,1952.56,6.0,3.0
O108134,C01297,2024-11-20,completed,electronics,card,3,16.0,1595.92,8.0,4.0
O108135,C01973,2026-06-10,completed,home,sbp,1,,229.04,12.0,3.0
O108136,C00102,2025-01-08,completed,toys,cash,4,14.0,1640.17,11.0,2.0
O108137,C01589,2026-07-10,Completed,electronics,card,5,28.0,1998.01,8.0,5.0
O108138,C00220,2026-07-31,cancelled,clothing,wallet,1,19.0,1238.71,,
O108139,C01522,2025-12-31,completed,clothing,wallet,2,12.0,1983.23,5.0,4.0
O108140,C00613,2026-07-31,completed,home,card,4,9.0,3514.2,1.0,5.0
O108141,C00271,2025-09-22,processing,beauty,wallet,3,4.0,832.58,2.0,
O108142,C00458,2026-03-02,delivered,beauty,card,3,28.0,1913.64,7.0,3.0
O108143,C00730,2025-11-30,cancelled,clothing,card,2,16.0,395.35,,
O108144,C01460,2025-12-15,delivered,beauty,cash,4,29.0,3348.43,3.0,4.0
O108145,C01362,2024-08-09,completed,clothing,card,3,23.0,3942.6,2.0,5.0
O108146,C01458,2026-01-21,completed,beauty,cash,1,3.0,150.0,16.0,3.0
O108147,C00044,2025-02-23,cancelled,beauty,sbp,1,30.0,464.4,,
O108148,C01951,2026-07-31,cancelled,home,card,2,23.0,928.02,,
O108149,C00868,2026-07-31,delivered,electronics,card,4,18.0,4121.12,6.0,4.0
O108150,C00223,2026-07-31,delivered,electronics,card,1,17.0,311.17,13.0,3.0
O108151,C01858,2025-07-26,delivered,beauty,card,5,3.0,1538.54,3.0,4.0
O108152,C01586,2025-05-29,completed,electronics,card,5,18.0,2842.46,1.0,5.0
O108153,C00165,2025-11-07,completed,clothing,sbp,1,3.0,813.63,17.0,2.0
O108154,C00874,2024-09-01,processing,home,sbp,3,21.0,1770.24,16.0,
O108155,C01813,2026-03-09,completed,beauty,card,2,28.0,2026.02,19.0,2.0
O108156,C01366,2024-05-03,completed,beauty,card,1,14.0,868.74,17.0,2.0
O108157,C00390,2024-10-19,delivered,electronics,card,3,23.0,993.21,3.0,
O108158,C01401,2026-07-31,completed,home,card,4,16.0,2041.68,2.0,4.0
O108159,C00379,2025-04-23,processing,beauty,card,3,4.0,2332.64,20.0,
O108160,C00704,2024-08-17,completed,electronics,card,5,14.0,1329.54,18.0,2.0
O108161,C00391,2026-06-11,cancelled,clothing,card,4,24.0,1164.17,,
O108162,C01387,2025-11-13,completed,home,cash,4,29.0,624.21,12.0,3.0
O108163,C01863,2026-07-31,completed,clothing,card,5,3.0,6446.77,3.0,4.0
O108164,C00089,2025-12-14,delivered,clothing,card,5,18.0,14211.8,5.0,4.0
O108165,C01208,2026-07-31,cancelled,electronics,sbp,3,11.0,875.96,,
O108166,C00497,2024-12-30,completed,beauty,sbp,5,5.0,3978.3,5.0,5.0
O108167,C01502,2025-06-28,completed,electronics,card,2,0.0,2727.83,11.0,2.0
O108168,C00279,2024-07-26,completed,clothing,sbp,5,,987.11,8.0,5.0
O108169,C00733,2026-07-31,completed,clothing,sbp,4,30.0,2655.76,6.0,3.0
O108170,C00412,2024-11-27,cancelled,electronics,sbp,2,30.0,2908.25,,
O108171,C01747,2026-07-31,processing,clothing,sbp,1,,407.71,16.0,
O108172,C00166,2026-02-06,delivered,electronics,cash,2,28.0,946.17,13.0,4.0
O108173,C01164,2025-11-07,completed,electronics,sbp,3,3.0,4573.62,3.0,4.0
O108174,C00241,2024-08-09,delivered,clothing,card,1,22.0,360.12,16.0,3.0
O108175,C01200,2026-03-08,delivered,clothing,card,3,25.0,958.35,18.0,1.0
O108176,C01536,2025-01-14,completed,clothing,sbp,5,14.0,2182.77,6.0,4.0
O108177,C01505,2026-03-01,completed,electronics,card,2,12.0,4349.66,9.0,4.0
O108178,C00067,2026-04-21,delivered,clothing,card,5,9.0,4804.07,3.0,5.0
O108179,C01548,2026-07-08,cancelled,electronics,card,3,19.0,2345.88,,
O108180,C00594,2026-06-23,completed,electronics,card,2,21.0,1550.85,15.0,3.0
O108181,C01364,2024-12-27,cancelled,electronics,cash,5,26.0,1043.01,,
O108182,C01928,2024-06-26,cancelled,electronics,card,4,15.0,3202.92,,
O108183,C00238,2025-10-08,processing,clothing,card,4,8.0,1458.93,1.0,
O108184,C00726,2024-10-27,processing,toys,sbp,2,21.0,881.02,10.0,
O108185,C01734,2026-06-20,completed,electronics,card,3,16.0,-1268.46,8.0,4.0
O108186,C00284,2026-01-29,completed,home,sbp,5,20.0,5488.0,9.0,4.0
O108187,C00522,2025-02-09,cancelled,electronics,card,1,5.0,2236.93,,
O108188,C01099,2024-09-22,cancelled,clothing,card,1,13.0,249.56,,
O108189,C01993,2025-01-25,completed,clothing,card,4,26.0,4890.65,8.0,3.0
O108190,C00590,2026-05-18,delivered,electronics,cash,4,1.0,0.0,9.0,4.0
O108191,C00772,2026-07-31,cancelled,home,sbp,2,9.0,1963.58,,
O108192,C01592,2025-08-26,completed,electronics,card,3,16.0,2042.28,7.0,4.0
O108193,C00240,2026-05-27,completed,beauty,wallet,1,,327.76,12.0,3.0
O108194,C00656,2026-02-07,completed,home,card,2,17.0,647.63,15.0,3.0
O108195,C00633,2025-02-07,completed,home,card,1,22.0,452.33,19.0,1.0
O108196,C00803,2026-04-09,delivered,electronics,card,5,18.0,3579.51,1.0,5.0
O108197,C01148,2026-02-26,completed,clothing,cash,2,28.0,1599.56,13.0,2.0
O108198,C00444,2025-03-24,cancelled,home,card,3,19.0,17371.95,,
O108199,C00783,2024-11-11,completed,clothing,card,2,10.0,1666.66,12.0,2.0
O108200,C01834,2024-08-19,cancelled,home,cash,3,19.0,572.95,,
O108201,C01658,2026-04-14,completed,clothing,card,3,2.0,4429.81,6.0,5.0
O108202,C01913,2024-03-21,cancelled,home,sbp,1,25.0,870.2,,
O108203,C01365,2025-08-03,completed,home,card,4,16.0,1897.94,14.0,2.0
O108204,C01165,2025-09-23,delivered,electronics,card,3,17.0,668.31,9.0,4.0
O108205,C00427,2026-07-31,completed,beauty,card,3,,1298.03,15.0,2.0
O108206,C00318,2026-06-30,delivered,home,wallet,1,1.0,1380.07,16.0,2.0
O108207,C01078,2024-06-09,completed,electronics,card,1,12.0,806.21,1.0,4.0
O108208,C00810,2026-07-31,completed,electronics,card,3,3.0,4806.81,12.0,3.0
O108209,C01576,2025-05-27,delivered,home,card,1,12.0,1535.68,2.0,5.0
O108210,C00020,2025-12-04,completed,home,wallet,3,27.0,1913.7,1.0,3.0
O108211,C01783,2024-02-03,processing,toys,card,4,14.0,174.19,5.0,
O108212,C00342,2025-01-22,delivered,home,sbp,2,22.0,525.47,5.0,4.0
O108213,C00790,2024-02-23,Completed,electronics,card,2,12.0,315.08,12.0,3.0
O108214,C00713,2026-04-20,processing,electronics,sbp,5,13.0,8402.7,17.0,
O108215,C01849,2025-09-09,completed,clothing,card,3,22.0,2447.36,13.0,
O108216,C01441,2026-02-12,cancelled,clothing,card,2,27.0,909.01,,
O108217,C00072,2025-06-08,completed,toys,wallet,5,7.0,1780.08,8.0,3.0
O108218,C01707,2026-07-31,delivered,home,card,4,30.0,5140.87,19.0,1.0
O108219,C01354,2026-07-31,cancelled,toys,cash,3,16.0,789.02,,
O108220,C00137,2026-04-08,completed,beauty,wallet,5,7.0,960.86,15.0,2.0
O108221,C01564,2026-07-31,delivered,home,card,4,10.0,717.54,4.0,5.0
O108222,C00068,2025-11-09,completed,home,sbp,5,3.0,2939.41,12.0,4.0
O108223,C00851,2026-07-31,delivered,home,card,4,19.0,1123.58,7.0,4.0
O108224,C00325,2026-07-31,completed,clothing,card,4,3.0,4787.28,13.0,3.0
O108225,C00022,2025-06-29,completed,beauty,card,4,13.0,2126.2,10.0,3.0
O108226,C01120,2025-10-22,completed,electronics,cash,1,0.0,174.58,3.0,4.0
O108227,C01375,2026-07-31,delivered,toys,card,1,6.0,438.04,12.0,4.0
O108228,C00960,2025-11-09,processing,home,card,3,14.0,727.12,15.0,
O108229,C00686,2026-04-07,processing,clothing,cash,4,18.0,1906.63,18.0,
O108230,C01027,2024-11-24,delivered,electronics,card,4,,5028.65,19.0,1.0
O108231,C00304,2026-06-08,cancelled,electronics,card,5,7.0,2316.55,,
O108232,C00100,2024-08-02,cancelled,home,card,4,10.0,1226.68,,
O108233,C00315,2025-02-06,delivered,electronics,card,1,,744.75,11.0,3.0
O108234,C00109,2025-09-13,completed,electronics,card,3,13.0,1111.7,19.0,1.0
O108235,C01539,2026-05-29,delivered,electronics,card,4,12.0,3195.5,7.0,4.0
O108236,C01218,2025-12-18,completed,clothing,wallet,5,4.0,3382.4,10.0,4.0
O108237,C00375,2026-07-31,cancelled,toys,cash,4,27.0,895.26,,
O108238,C01140,2025-11-26,completed,home,wallet,3,9.0,545.36,7.0,4.0
O108239,C00969,2026-07-31,completed,clothing,sbp,1,22.0,386.13,13.0,3.0
O108240,C00223,2026-07-03,cancelled,toys,wallet,5,19.0,3602.68,,
O108241,C01941,2025-02-05,completed,clothing,card,3,19.0,6208.29,13.0,2.0
O108242,C01876,2024-09-23,processing,toys,card,5,30.0,1046.33,17.0,
O108243,C01518,2024-08-08,processing,toys,card,1,3.0,230.57,5.0,
O108244,C01618,2025-06-30,delivered,home,card,4,10.0,4493.83,5.0,3.0
O108245,C01095,2025-05-20,delivered,clothing,sbp,2,9.0,1196.73,17.0,2.0
O108246,C01608,2025-09-07,completed,beauty,card,1,30.0,443.6,6.0,4.0
O108247,C01057,2025-10-03,completed,clothing,wallet,5,1.0,4379.6,17.0,1.0
O108248,C00333,2025-03-10,cancelled,clothing,card,4,9.0,5521.25,,
O108249,C99999,2025-05-20,completed,electronics,card,5,16.0,5862.97,20.0,2.0
O108250,C01709,2025-01-30,completed,electronics,cash,4,0.0,1165.55,10.0,3.0
O108251,C00893,2026-03-27,completed,electronics,card,3,3.0,2178.4,18.0,2.0
O108252,C01459,2025-03-21,delivered,beauty,sbp,4,27.0,5051.65,19.0,2.0
O108253,C00290,2025-07-11,delivered,electronics,cash,1,0.0,405.45,3.0,5.0
O108254,C00896,2025-12-22,completed,clothing,card,2,5.0,1378.51,5.0,3.0
O108255,C00168,2025-01-07,completed,clothing,card,2,11.0,639.6,9.0,2.0
O108256,,,cancelled,clothing,cash,2,11.0,477.14,,
O108257,C00219,2025-09-03,completed,beauty,cash,2,23.0,1425.5,2.0,5.0
O108258,C00417,2026-06-15,completed,beauty,card,4,9.0,4286.28,20.0,2.0
O108259,C01214,2026-07-31,completed,home,cash,4,13.0,3774.19,16.0,2.0
O108260,C00011,2025-12-03,cancelled,home,card,4,15.0,703.48,,
O108261,C00388,2026-03-09,completed,beauty,card,3,2.0,4401.0,18.0,2.0
O108262,C01382,2025-03-05,completed,clothing,card,5,11.0,4089.87,19.0,2.0
O108263,C00299,2025-08-04,delivered,clothing,card,3,16.0,3802.81,10.0,3.0
O108264,C01112,2025-07-18,completed,electronics,card,2,8.0,489.76,3.0,5.0
O108265,C01735,2026-04-15,processing,electronics,cash,5,13.0,5057.0,4.0,
O108266,C01561,2024-12-29,cancelled,toys,wallet,2,16.0,1723.43,,
O108267,C00245,2025-09-17,delivered,beauty,wallet,5,29.0,939.75,10.0,3.0
O108268,C00296,2025-08-31,completed,clothing,card,4,,2946.85,11.0,4.0
O108269,C01412,2026-04-06,completed,electronics,cash,5,4.0,1135.75,3.0,4.0
O108270,C00693,2026-07-31,delivered,home,wallet,5,22.0,2624.88,1.0,4.0
O108271,C00835,2026-05-22,completed,toys,card,1,21.0,3313.92,2.0,4.0
O108272,C00954,2025-05-23,delivered,toys,card,2,10.0,1308.47,15.0,3.0
O108273,C01159,2025-07-27,completed,home,card,3,22.0,1421.58,3.0,4.0
O108274,C00899,2024-10-08,delivered,home,card,2,3.0,316.63,17.0,1.0
O108275,C00047,2025-07-29,completed,electronics,sbp,1,26.0,654.7,3.0,5.0
O108276,C00189,2025-01-05,delivered,electronics,card,5,4.0,2299.68,4.0,4.0
O108277,C00001,2025-02-26,completed,electronics,card,1,26.0,150.0,18.0,2.0
O108278,C00530,2026-07-31,completed,home,cash,2,9.0,434.03,11.0,2.0
O108279,C01635,2025-10-25,delivered,toys,sbp,5,12.0,5295.02,1.0,5.0
O108280,C01944,2025-01-12,delivered,beauty,card,3,8.0,4379.24,4.0,5.0
O108281,C00951,2024-07-26,processing,clothing,cash,2,23.0,1102.42,6.0,
O108282,C00055,2026-01-07,completed,clothing,card,5,19.0,5834.67,6.0,4.0
O108283,C00143,2025-07-02,completed,clothing,card,4,12.0,2136.07,5.0,5.0
O108284,C01631,2025-08-25,delivered,clothing,card,5,23.0,1419.79,7.0,4.0
O108285,C00687,2025-03-28,completed,beauty,sbp,2,27.0,6049.73,9.0,4.0
O108286,C01764,2025-08-29,cancelled,beauty,card,2,12.0,336.09,,
O108287,C01013,2025-03-24,completed,beauty,card,3,21.0,2188.93,6.0,3.0
O108288,C01759,2026-03-09,cancelled,clothing,wallet,5,27.0,1545.02,,
O108289,C00271,2025-06-26,delivered,home,wallet,3,1.0,1320.7,6.0,4.0
O108290,C01717,2025-12-31,completed,toys,card,5,8.0,9270.27,4.0,3.0
O108291,C01093,2026-07-31,completed,home,card,5,5.0,2695.53,18.0,2.0
O108292,C00876,2025-04-15,delivered,electronics,card,5,18.0,2007.23,2.0,5.0
O108293,C01058,2026-07-31,delivered,clothing,card,5,28.0,1679.94,14.0,2.0
O108294,C00655,2025-11-08,completed,electronics,card,3,30.0,2446.03,2.0,4.0
O108295,C01206,2026-07-31,delivered,electronics,cash,5,17.0,1219.22,6.0,5.0
O108296,C01541,2026-02-25,delivered,clothing,card,4,28.0,2243.6,14.0,3.0
O108297,C01621,2025-03-20,delivered,home,card,5,24.0,2334.86,7.0,4.0
O108298,C01957,2025-12-09,delivered,electronics,cash,2,23.0,556.09,13.0,
O108299,C00826,2025-02-24,cancelled,clothing,card,1,26.0,165.38,,
O108300,C01538,2024-08-13,delivered,clothing,card,3,25.0,1603.29,7.0,4.0
O108301,C01778,2024-07-19,completed,beauty,card,2,1.0,772.1,8.0,4.0
O108302,C00036,2024-08-30,completed,electronics,card,4,18.0,2487.78,1.0,5.0
O108303,C00950,2025-01-17,completed,electronics,cash,4,3.0,367.09,4.0,5.0
O108304,C01402,2025-03-27,completed,home,card,3,4.0,1080.46,13.0,3.0
O108305,C00915,2026-04-04,completed,clothing,card,4,29.0,4114.62,7.0,4.0
O108306,C00201,2025-06-01,cancelled,electronics,card,3,21.0,416.94,,
O108307,C01312,2025-03-05,completed,beauty,cash,4,18.0,9317.16,18.0,2.0
O108308,C00813,2026-04-10,delivered,clothing,card,3,29.0,2084.72,15.0,3.0
O108309,C01236,2025-04-22,completed,clothing,sbp,2,22.0,927.83,15.0,2.0
O108310,C00003,2025-10-25,completed,home,wallet,1,15.0,566.23,16.0,1.0
O108311,C00023,2025-03-24,completed,electronics,card,1,12.0,262.55,1.0,4.0
O108312,,2026-07-31,delivered,electronics,card,5,9.0,8081.03,5.0,
O108313,C01965,2026-07-30,completed,clothing,card,4,7.0,2395.91,17.0,2.0
O108314,C01279,2024-12-04,completed,electronics,wallet,5,11.0,2737.0,19.0,1.0
O108315,C01886,2024-08-19,delivered,electronics,card,4,3.0,4631.93,9.0,3.0
O108316,C01695,2024-10-27,completed,clothing,card,3,0.0,2123.24,11.0,2.0
O108317,C00563,2025-05-27,completed,clothing,card,5,6.0,1506.97,15.0,
O108318,C00205,2025-07-30,completed,beauty,card,4,14.0,2021.34,9.0,3.0
O108319,C01118,2025-10-05,completed,home,card,2,3.0,1634.85,8.0,4.0
O108320,C01241,2026-03-08,completed,toys,card,5,10.0,2719.87,20.0,
O108321,C01541,2025-06-27,completed,clothing,cash,1,28.0,176.66,16.0,2.0
O108322,C01043,2025-08-25,delivered,clothing,card,3,17.0,4770.81,19.0,3.0
O108323,C01841,2025-03-12,delivered,clothing,sbp,1,27.0,589.76,14.0,3.0
O108324,C01688,2025-06-22,processing,electronics,card,4,5.0,1512.16,2.0,
O108325,C01172,2026-05-29,cancelled,electronics,card,2,23.0,1745.38,,
O108326,C01103,2026-07-31,completed,electronics,sbp,1,3.0,349.13,8.0,3.0
O108327,C00038,2026-05-07,completed,home,cash,5,0.0,760.86,18.0,1.0
O108328,C01562,2025-08-08,cancelled,clothing,cash,5,0.0,2581.12,,
O108329,C01362,2024-12-19,completed,electronics,card,2,16.0,1769.17,17.0,3.0
O108330,C01793,2025-04-04,delivered,beauty,cash,1,0.0,416.85,11.0,4.0
O108331,C00187,2025-05-21,delivered,electronics,sbp,2,7.0,859.92,10.0,2.0
O108332,C00293,2026-07-26,delivered,beauty,wallet,5,21.0,2228.43,7.0,5.0
O108333,C01343,2024-08-17,completed,beauty,cash,5,2.0,2380.9,14.0,2.0
O108334,C00979,2025-10-20,completed,clothing,card,3,27.0,1744.04,13.0,2.0
O108335,C01175,2024-12-27,completed,electronics,sbp,3,0.0,2935.34,8.0,3.0
O108336,C00870,2024-12-02,completed,toys,card,4,25.0,3725.08,20.0,
O108337,C01282,2026-01-13,completed,beauty,card,2,22.0,5252.6,14.0,1.0
O108338,C01318,2025-09-09,delivered,toys,cash,3,26.0,6254.05,6.0,3.0
O108339,C00379,2025-08-05,completed,electronics,card,1,,259.37,6.0,
O108340,C01521,2026-03-18,completed,home,card,3,1.0,1290.35,3.0,5.0
O108341,C00988,2025-10-11,completed,electronics,card,4,18.0,3678.5,12.0,2.0
O108342,C01152,2026-03-14,processing,clothing,card,5,29.0,615.51,9.0,
O108343,C01236,2025-09-03,completed,electronics,sbp,5,24.0,3318.12,17.0,1.0
O108344,C01489,2025-03-30,completed,home,cash,2,20.0,520.13,2.0,4.0
O108345,C00601,2025-10-07,delivered,clothing,sbp,2,13.0,988.58,11.0,2.0
O108346,C00014,2026-07-31,completed,beauty,wallet,2,7.0,1041.38,2.0,5.0
O108347,C00364,2026-06-26,completed,electronics,card,2,4.0,250.32,14.0,3.0
O108348,C01932,2025-04-28,completed,toys,cash,5,1.0,17845.95,12.0,3.0
O108349,C00446,2025-11-30,processing,clothing,card,1,29.0,334.62,6.0,
O108350,C00499,2026-07-31,delivered,toys,sbp,2,29.0,3258.58,20.0,2.0
O108351,C01717,2026-07-22,delivered,home,cash,4,20.0,557.62,17.0,1.0
O108352,C00472,2026-07-31,cancelled,electronics,wallet,1,13.0,305.01,,
O108353,C99999,2025-09-08,delivered,beauty,sbp,2,6.0,1927.34,10.0,3.0
O108354,C00742,2026-07-03,completed,home,card,1,29.0,419.31,14.0,2.0
O108355,C01323,2025-11-18,delivered,electronics,cash,2,21.0,1928.14,8.0,4.0
O108356,C01190,2024-07-14,delivered,electronics,card,2,1.0,1688.91,10.0,4.0
O108357,C01030,2025-03-07,completed,toys,card,4,13.0,1046.76,1.0,5.0
O108358,C01004,2026-05-08,cancelled,toys,card,5,10.0,6763.49,,
O108359,C01669,2025-09-08,completed,home,card,5,24.0,4021.66,2.0,4.0
O108360,C01163,2026-07-31,completed,electronics,sbp,4,22.0,637.8,17.0,1.0
O108361,C01017,2025-05-13,completed,clothing,card,4,22.0,2202.81,3.0,4.0
O108362,C01775,2025-12-09,completed,electronics,card,1,24.0,853.65,2.0,4.0
O108363,C00187,2024-10-03,processing,home,card,4,8.0,1869.67,10.0,
O108364,C01667,2026-05-03,delivered,clothing,card,3,13.0,1578.81,9.0,5.0
O108365,C00396,2026-07-31,completed,clothing,card,5,22.0,3734.55,2.0,5.0
O108366,C00664,2025-02-22,delivered,beauty,cash,4,7.0,547.58,12.0,3.0
O108367,C00027,2025-06-06,cancelled,toys,cash,4,17.0,1724.3,,
O108368,C01143,2026-06-20,completed,electronics,card,5,25.0,1875.42,12.0,3.0
O108369,C01664,2025-10-26,delivered,clothing,card,1,20.0,926.24,4.0,5.0
O108370,C00764,2026-05-04,delivered,clothing,card,3,10.0,966.96,1.0,5.0
O108371,C01327,2026-03-14,completed,electronics,wallet,5,12.0,12015.52,13.0,2.0
O108372,C00787,2024-07-10,delivered,clothing,card,2,19.0,632.72,20.0,1.0
O108373,C01519,2025-08-04,delivered,electronics,card,4,3.0,820.91,11.0,3.0
O108374,C01998,2026-07-31,cancelled,electronics,card,5,,6745.35,,
O108375,C01431,2025-02-30,cancelled,beauty,card,5,1.0,4064.27,,
O108376,C00681,2026-01-25,processing,clothing,card,2,24.0,1370.45,2.0,
O108377,C01649,2026-07-31,completed,home,cash,2,24.0,828.24,10.0,4.0
O108378,C00076,2025-09-11,cancelled,electronics,card,5,19.0,1894.35,,
O108379,C01974,2025-05-11,delivered,home,cash,2,8.0,1450.4,10.0,4.0
O108380,C01680,2025-09-08,completed,home,card,2,12.0,637.79,7.0,3.0
O108381,C01307,2024-11-04,Processing ,beauty,card,4,18.0,8340.0,3.0,
O108382,C01242,2026-02-09,cancelled,electronics,card,3,29.0,1821.94,,
O108383,C00505,2024-09-17,cancelled,home,card,1,26.0,404.21,,
O108384,C00863,2024-05-08,completed,toys,card,1,1.0,999999.99,13.0,3.0
O108385,C00203,2026-01-16,completed,electronics,card,4,29.0,757.88,13.0,
O108386,C00678,2024-04-12,processing,electronics,cash,5,21.0,4416.96,18.0,
O108387,C01180,2024-11-30,processing,clothing,sbp,4,30.0,1066.22,14.0,
O108388,C00725,2026-07-31,completed,toys,sbp,3,11.0,1333.47,6.0,4.0
O108389,C01542,2024-11-04,completed,electronics,card,5,24.0,18909.06,18.0,3.0
O108390,C01707,2026-07-31,delivered,electronics,card,5,3.0,582.02,17.0,2.0
O108391,C01124,2024-12-19,completed,toys,card,2,16.0,910.21,15.0,2.0
O108392,C00682,2024-09-25,delivered,clothing,card,5,13.0,824.41,4.0,4.0
O108393,C00608,2025-08-21,processing,electronics,card,5,8.0,1603.01,11.0,
O108394,C01094,2025-04-27,completed,home,card,1,10.0,439.71,20.0,1.0
O108395,C01440,2026-07-31,delivered,electronics,cash,4,0.0,694.61,6.0,4.0
O108396,C00254,2025-03-26,delivered,clothing,card,1,20.0,683.55,18.0,2.0
O108397,C00896,2025-09-17,completed,electronics,card,3,6.0,4785.51,10.0,3.0
O108398,C00882,2026-07-03,completed,home,cash,5,0.0,3215.46,11.0,
O108399,C00574,2025-02-05,delivered,home,sbp,5,7.0,4825.34,20.0,1.0
O108400,C00476,2026-07-31,cancelled,electronics,card,3,24.0,5420.83,,
O108401,C01683,2024-02-24,delivered,clothing,card,3,16.0,2402.66,19.0,2.0
O108402,,2026-07-31,processing,toys,card,5,6.0,374.29,17.0,
O108403,C01154,2026-07-31,completed,clothing,card,1,19.0,568.65,15.0,2.0
O108404,C00077,2025-01-06,processing,toys,card,4,6.0,266.24,1.0,
O108405,C00567,2024-08-20,delivered,toys,card,2,30.0,552.96,1.0,4.0
O108406,C99999,2026-07-31,completed,electronics,card,4,,594.14,7.0,3.0
O108407,C00658,2025-11-23,completed,home,sbp,1,12.0,612.98,2.0,4.0
O108408,C01684,2026-07-31,completed,beauty,card,3,16.0,721.11,7.0,4.0
O108409,C01144,2026-05-11,completed,home,sbp,4,29.0,2506.4,20.0,2.0
O108410,C01805,2024-08-25,processing,beauty,card,4,2.0,3682.23,16.0,
O108411,C00846,2024-04-08,cancelled,electronics,card,4,25.0,915.67,,
O108412,C01541,2025-07-29,completed,toys,card,5,7.0,3012.24,12.0,3.0
O108413,C00322,2025-04-06,completed,electronics,card,2,21.0,150.0,10.0,3.0
O108414,C01631,2025-07-06,delivered,home,sbp,4,3.0,597.2,8.0,3.0
O108415,C01221,2026-01-29,cancelled,beauty,card,5,5.0,6792.11,,
O108416,C00078,2025-03-06,cancelled,clothing,card,5,30.0,1216.65,,
O108417,C01379,2025-05-16,completed,home,cash,2,19.0,647.46,4.0,
O108418,C00959,2026-06-20,completed,home,card,2,0.0,512.3,1.0,5.0
O108419,C00001,2025-03-15,completed,toys,cash,3,18.0,369.45,11.0,2.0
O108420,C01694,2025-04-03,delivered,clothing,sbp,5,22.0,1077.38,11.0,3.0
O108421,C01074,2025-07-20,completed,home,card,5,24.0,2452.37,14.0,2.0
O108422,C01214,2026-07-06,completed,electronics,card,3,8.0,1086.14,4.0,3.0
O108423,C01155,2024-10-31,cancelled,electronics,card,4,17.0,4651.3,,
O108424,C00182,2024-07-10,completed,electronics,sbp,1,4.0,300.41,20.0,2.0
O108425,C00665,2025-07-06,processing,clothing,wallet,4,29.0,1952.13,10.0,
O108426,C01404,2025-05-04,cancelled,clothing,sbp,4,6.0,1275.49,,
O108427,C00678,2024-09-03,completed,electronics,cash,2,6.0,2080.39,8.0,3.0
O108428,C01777,2025-02-07,completed,electronics,card,4,21.0,626.29,2.0,3.0
O108429,C00636,2026-07-31,delivered,electronics,sbp,5,5.0,3610.46,18.0,2.0
O108430,C00920,2025-11-22,delivered,beauty,sbp,5,4.0,3406.26,17.0,
O108431,C00891,2024-04-07,delivered,electronics,card,4,22.0,1021.74,15.0,2.0
O108432,C00038,2026-03-01,processing,clothing,cash,4,4.0,1820.45,16.0,
O108433,C01624,2024-10-06,cancelled,beauty,sbp,4,30.0,2686.14,,
O108434,C00272,2024-08-02,delivered,beauty,wallet,1,25.0,283.32,13.0,2.0
O108435,C00939,2025-05-31,completed,home,cash,2,7.0,557.25,8.0,4.0
O108436,C01816,2024-07-09,completed,electronics,cash,5,2.0,921.18,2.0,5.0
O108437,C01988,2024-09-29,delivered,electronics,wallet,1,1.0,2484.63,4.0,4.0
O108438,,2026-03-23,completed,electronics,card,2,17.0,678.31,9.0,3.0
O108439,C00753,2024-11-30,cancelled,beauty,card,5,20.0,923.92,,
O108440,C01132,2026-04-23,completed,electronics,sbp,4,11.0,479.05,7.0,2.0
O108441,C01399,2024-10-21,completed,clothing,cash,2,23.0,518.49,9.0,3.0
O108442,C00501,2024-04-28,cancelled,electronics,wallet,3,18.0,1830.14,,
O108443,C01098,2026-06-11,delivered,clothing,card,4,15.0,1606.68,12.0,3.0
O108444,C01669,2026-02-03,completed,clothing,card,2,0.0,1304.59,18.0,2.0
O108445,C01525,2025-09-15,delivered,clothing,card,5,7.0,4366.28,15.0,1.0
O108446,C01645,2024-11-28,delivered,electronics,card,3,8.0,1310.13,11.0,3.0
O108447,C01777,2024-11-01,completed,clothing,cash,5,15.0,2224.74,13.0,3.0
O108448,C01723,2026-07-16,completed,electronics,card,4,6.0,6897.19,15.0,3.0
O108449,C01024,2026-07-31,delivered,clothing,card,1,9.0,888.3,17.0,3.0
O108450,,2024-08-16,delivered,home,cash,5,5.0,3351.09,15.0,2.0
O108451,C99999,2025-03-18,completed,clothing,cash,1,6.0,374.48,4.0,4.0
O108452,C01420,2025-11-09,completed,electronics,card,5,26.0,4229.26,5.0,3.0
O108453,C01886,2024-11-13,delivered,home,card,1,15.0,653.18,2.0,4.0
O108454,C00087,2025-03-16,completed,clothing,cash,5,29.0,3168.96,6.0,5.0
O108455,C01868,2026-02-09,processing,clothing,card,3,1.0,2623.83,7.0,
O108456,C01644,2026-04-17,completed,electronics,sbp,1,14.0,639.61,3.0,5.0
O108457,C01994,2026-05-10,delivered,toys,cash,2,22.0,292.29,11.0,2.0
O108458,C01546,2026-04-23,processing,clothing,cash,1,25.0,514.78,19.0,
O108459,C00313,2024-05-13,completed,clothing,card,3,23.0,605.81,16.0,2.0
O108460,C00604,2024-10-11,delivered,electronics,cash,2,,1635.63,18.0,3.0
O108461,C00008,2026-05-19,completed,home,card,4,30.0,562.02,16.0,
O108462,C01216,2024-11-25,delivered,electronics,sbp,5,7.0,2403.27,18.0,1.0
O108463,C00875,2026-06-06,processing,home,card,2,,1032.17,12.0,
O108464,C00950,2025-04-29,processing,electronics,card,1,30.0,196.85,10.0,
O108465,C01467,2025-10-22,completed,electronics,cash,1,9.0,461.8,16.0,3.0
O108466,C01641,2026-07-31,cancelled,home,card,4,25.0,3642.68,,
O108467,C00146,2026-07-31,cancelled,clothing,card,4,9.0,1262.64,,
O108468,C01834,2025-02-23,completed,electronics,card,5,27.0,3105.87,17.0,2.0
O108469,C00748,2025-04-20,cancelled,beauty,sbp,1,13.0,739.6,,
O108470,C01505,2026-01-10,completed,toys,card,3,11.0,629.36,2.0,5.0
O108471,C01163,2026-07-31,processing,clothing,card,1,22.0,509.31,15.0,
O108472,C00888,2025-05-08,cancelled,home,card,1,7.0,416.26,,
O108473,C00426,2025-05-25,delivered,clothing,card,3,1.0,1460.8,12.0,4.0
O108474,C00380,2025-03-28,completed,home,card,1,28.0,150.0,4.0,5.0
O108475,C01463,2024-08-30,processing,home,card,1,29.0,159.83,12.0,
O108476,C00643,2026-03-09,completed,home,card,4,1.0,5230.96,10.0,3.0
O108477,C00460,2024-04-30,delivered,clothing,cash,2,21.0,1804.75,17.0,2.0
O108478,C00012,2026-07-31,delivered,electronics,card,2,3.0,1175.24,5.0,4.0
O108479,C01682,2024-05-16,completed,clothing,wallet,5,26.0,5068.21,1.0,5.0
O108480,C00792,2025-07-27,completed,home,card,3,7.0,511.78,14.0,2.0
O108481,C00697,2026-06-06,completed,home,card,1,21.0,410.92,5.0,
O108482,C00744,2024-11-22,processing,electronics,card,1,5.0,381.14,8.0,
O108483,C01198,2026-07-31,cancelled,clothing,cash,3,28.0,798.28,,
O108484,C00964,2024-08-01,cancelled,home,card,5,8.0,994.75,,
O108485,C01089,2026-05-23,delivered,electronics,card,1,25.0,1412.24,5.0,4.0
O108486,C00556,2025-10-07,delivered,beauty,card,5,26.0,1489.12,1.0,5.0
O108487,C00593,2024-10-14,delivered,clothing,card,3,13.0,2119.9,4.0,3.0
O108488,C01726,2026-07-20,delivered,beauty,card,4,4.0,2571.11,1.0,5.0
O108489,C00879,2025-07-06,cancelled,clothing,card,3,21.0,3411.65,,
O108490,C01946,2025-01-27,completed,clothing,cash,3,1.0,2659.65,7.0,3.0
O108491,C01692,2026-06-14,processing,toys,card,2,29.0,770.56,19.0,
O108492,C01424,2025-12-14,processing,home,card,2,11.0,358.2,8.0,
O108493,C01097,2026-07-31,completed,electronics,wallet,4,29.0,4024.55,10.0,3.0
O108494,C01675,2026-07-14,processing,toys,cash,1,0.0,1309.68,3.0,
O108495,C00112,2026-07-31,cancelled,clothing,wallet,4,27.0,14140.8,,
O108496,C00999,2026-07-31,completed,home,card,5,4.0,5387.56,5.0,3.0
O108497,C01427,2026-03-12,completed,electronics,card,3,23.0,886.74,16.0,2.0
O108498,C00217,2024-05-22,delivered,beauty,card,3,11.0,983.82,20.0,2.0
O108499,C00365,2024-08-02,cancelled,toys,wallet,5,19.0,467.93,,
O108500,C00131,2026-05-16,completed,clothing,wallet,1,6.0,257.4,6.0,4.0
O108501,C00973,2026-02-09,delivered,electronics,card,4,17.0,714.23,8.0,3.0
O108502,C01083,2026-07-31,delivered,home,card,4,18.0,3155.01,5.0,4.0
O108503,C00938,2025-04-04,completed,electronics,card,2,5.0,2119.99,16.0,
O108504,C00110,2026-07-25,completed,clothing,sbp,5,21.0,15002.46,17.0,1.0
O108505,C00973,2025-08-03,completed,home,card,3,14.0,17474.68,2.0,5.0
O108506,C01777,2025-07-18,cancelled,electronics,sbp,2,12.0,1202.54,,
O108507,C00063,2025-08-31,completed,toys,cash,2,4.0,618.26,10.0,2.0
O108508,C01552,2026-04-08,delivered,home,card,4,2.0,1441.54,19.0,1.0
O108509,C00545,2026-07-31,delivered,clothing,sbp,5,4.0,1415.96,1.0,5.0
O108510,C00150,2024-08-20,processing,clothing,card,5,18.0,16065.01,6.0,
O108511,C00102,2024-10-23,processing,beauty,sbp,5,4.0,268.6,18.0,
O108512,C00026,2026-01-30,processing,clothing,card,1,2.0,1801.18,10.0,
O108513,C00830,2024-05-25,delivered,toys,card,4,14.0,934.14,7.0,4.0
O108514,C00996,2025-11-22,completed,electronics,card,5,24.0,1801.66,17.0,1.0
O108515,C01243,2026-07-31,completed,electronics,card,2,2.0,150.0,4.0,5.0
O108516,C00163,2026-01-07,delivered,clothing,sbp,3,17.0,3437.88,4.0,4.0
O108517,C01309,2025-06-11,completed,electronics,cash,1,26.0,929.38,3.0,4.0
O108518,C01480,2025-04-02,completed,clothing,wallet,4,28.0,821.89,17.0,2.0
O108519,C00130,2026-05-05,completed,clothing,card,3,28.0,3585.45,3.0,5.0
O108520,C01351,2024-06-10,completed,electronics,card,1,28.0,1024.54,13.0,2.0
O108521,C00238,2025-08-12,delivered,electronics,card,1,20.0,322.41,3.0,4.0
O108522,C00879,2025-08-15,processing,electronics,card,2,23.0,190.8,15.0,
O108523,C01324,2026-06-04,completed,electronics,card,4,16.0,1654.13,10.0,4.0
O108524,C01742,2026-02-08,completed,electronics,card,3,22.0,3401.41,6.0,4.0
O108525,C01063,2024-09-18,delivered,electronics,card,3,29.0,710.98,4.0,5.0
O108526,C00871,2026-02-03,completed,toys,wallet,2,5.0,2340.64,14.0,3.0
O108527,C01667,2026-07-19,processing,electronics,card,4,9.0,990.09,16.0,
O108528,C00433,2026-07-31,completed,electronics,cash,3,16.0,1374.95,12.0,3.0
O108529,C00411,2024-06-26,completed,toys,card,2,18.0,546.72,11.0,4.0
O108530,C00933,2024-08-25,delivered,beauty,card,1,26.0,558.47,11.0,3.0
O108531,C00241,2024-09-08,delivered,electronics,cash,5,24.0,4752.52,18.0,3.0
O108532,C00045,2025-01-19,delivered,beauty,wallet,4,8.0,7265.5,8.0,5.0
O108533,,2025-12-22,completed,beauty,cash,2,22.0,1164.25,17.0,2.0
O108534,C00306,2025-02-10,completed,home,card,2,0.0,283.2,3.0,3.0
O108535,C01275,2026-07-31,completed,home,card,5,26.0,4085.08,15.0,2.0
O108536,C01098,2026-02-28,cancelled,home,sbp,4,10.0,1553.14,,
O108537,C00972,2025-02-27,completed,toys,card,1,7.0,381.67,4.0,4.0
O108538,C00993,2024-08-23,Processing ,clothing,cash,1,12.0,536.27,5.0,
O108539,C00198,2024-05-15,delivered,beauty,card,3,24.0,2312.24,10.0,3.0
O108540,C00806,2026-07-31,delivered,electronics,cash,4,29.0,1415.78,13.0,3.0
O108541,C00143,2025-06-23,completed,home,card,1,1.0,784.28,19.0,2.0
O108542,C00710,2025-10-31,processing,toys,card,1,24.0,681.16,10.0,
O108543,C01356,2025-04-30,delivered,electronics,wallet,4,17.0,3138.96,16.0,
O108544,C01973,2026-07-31,processing,electronics,card,1,6.0,996.13,8.0,
O108545,C00594,2026-07-31,completed,beauty,card,3,0.0,253.05,11.0,
O108546,C00529,2026-07-31,delivered,home,card,2,11.0,719.77,5.0,4.0
O108547,C01339,2026-04-25,completed,home,card,5,10.0,2180.42,11.0,3.0
O108548,C01836,2024-07-16,completed,toys,card,4,25.0,1614.94,18.0,1.0
O108549,C00590,2026-07-31,completed,electronics,cash,1,17.0,246.43,7.0,3.0
O108550,C01677,2024-06-03,completed,home,card,1,23.0,292.38,18.0,2.0
O108551,C00630,2025-02-04,cancelled,home,card,3,22.0,2243.05,,
O108552,C01279,2024-03-04,cancelled,electronics,card,4,8.0,2849.66,,
O108553,C00420,2025-05-06,completed,electronics,card,3,15.0,1517.24,19.0,
O108554,C00525,2025-05-06,completed,home,card,2,23.0,999999.99,17.0,3.0
O108555,C01968,2025-05-25,completed,home,cash,1,29.0,980.09,14.0,3.0
O108556,C00779,2025-08-22,delivered,home,wallet,5,13.0,4625.59,19.0,2.0
O108557,C00033,2025-02-28,completed,clothing,card,5,15.0,5999.14,20.0,1.0
O108558,C01545,2024-09-28,cancelled,home,card,2,9.0,527.35,,
O108559,C00255,2026-06-23,completed,clothing,wallet,3,2.0,26908.99,16.0,4.0
O108560,C00222,2025-03-05,delivered,electronics,sbp,1,9.0,587.6,10.0,3.0
O108561,C01673,2024-12-14,cancelled,home,wallet,2,5.0,537.65,,
O108562,C00698,2026-02-17,completed,home,card,4,19.0,13219.66,3.0,5.0
O108563,C00277,2025-05-16,cancelled,beauty,wallet,4,26.0,3584.56,,
O108564,C01952,2025-08-05,processing,clothing,sbp,2,17.0,1159.06,12.0,
O108565,C00562,2024-04-06,delivered,beauty,card,2,29.0,1276.62,10.0,3.0
O108566,C01266,2024-09-30,completed,toys,cash,3,11.0,4123.75,19.0,2.0
O108567,C00526,2024-12-29,delivered,clothing,card,3,20.0,1808.75,8.0,4.0
O108568,C01163,2026-05-12,completed,clothing,card,4,4.0,495.98,13.0,3.0
O108569,C01394,2026-01-20,processing,toys,cash,3,23.0,1457.1,10.0,
O108570,C01516,2026-07-31,delivered,clothing,card,4,10.0,4047.9,11.0,4.0
O108571,C00823,2025-03-24,cancelled,home,wallet,2,19.0,948.53,,
O108572,C01232,2026-07-31,delivered,home,wallet,2,5.0,448.11,12.0,2.0
O108573,C01682,2024-01-19,completed,clothing,sbp,5,19.0,2393.11,11.0,3.0
O108574,C01681,2026-07-31,delivered,beauty,card,2,22.0,1967.56,19.0,1.0
O108575,C01495,2025-11-26,cancelled,electronics,cash,5,28.0,6837.89,,
O108576,C00800,2025-08-28,completed,electronics,sbp,2,4.0,405.78,3.0,4.0
O108577,C01063,2024-05-26,completed,electronics,card,1,13.0,192.11,9.0,4.0
O108578,C01936,2024-08-27,CANCELED,beauty,cash,2,15.0,940.14,,
O108579,C00499,2026-07-31,completed,clothing,card,1,20.0,283.07,10.0,
O108580,C01386,2025-06-18,cancelled,home,cash,4,3.0,1241.09,,
O108581,C01585,2026-01-04,completed,electronics,cash,5,20.0,1987.12,11.0,3.0
O108582,,2025-03-03,cancelled,clothing,sbp,3,4.0,2728.42,,
O108583,C01732,2026-05-02,delivered,clothing,card,5,12.0,1254.35,2.0,3.0
O108584,C00857,2024-11-01,completed,electronics,sbp,5,7.0,969.17,13.0,3.0
O108585,C01673,2025-06-19,completed,clothing,card,5,,1364.02,15.0,2.0
O108586,C01289,2025-01-28,completed,electronics,cash,4,14.0,587.57,8.0,4.0
O108587,C00104,2024-04-09,delivered,electronics,sbp,2,9.0,1027.84,20.0,3.0
O108588,C01647,2025-10-31,completed,clothing,cash,4,24.0,2150.78,12.0,2.0
O108589,C01396,2026-05-08,completed,home,sbp,2,29.0,2210.87,4.0,4.0
O108590,C00445,2026-04-03,delivered,electronics,cash,3,30.0,633.8,9.0,4.0
O108591,C01408,2026-07-31,processing,clothing,card,4,4.0,2174.51,18.0,
O108592,C01024,2026-07-31,completed,clothing,wallet,3,18.0,1932.51,18.0,2.0
O108593,C01887,2026-07-31,delivered,toys,card,3,7.0,428.47,5.0,5.0
O108594,C00610,2026-07-31,processing,home,cash,2,28.0,1174.32,8.0,
O108595,C00527,2026-07-31,delivered,toys,cash,1,23.0,604.89,2.0,5.0
O108596,C00117,2024-06-29,processing,clothing,sbp,1,26.0,444.8,3.0,
O108597,C01573,2026-01-26,delivered,beauty,card,1,10.0,176.78,15.0,2.0
O108598,C01971,2026-07-31,delivered,electronics,card,2,4.0,927.27,11.0,4.0
O108599,C01379,2025-08-30,cancelled,home,card,1,21.0,150.0,,
O108600,C00739,2026-03-12,completed,clothing,wallet,5,18.0,3195.83,1.0,5.0
O108601,C01758,2026-03-20,delivered,home,card,4,22.0,3567.44,17.0,1.0
O108602,C00507,2025-12-07,delivered,beauty,card,5,11.0,2067.86,13.0,3.0
O108603,C01387,2025-09-18,completed,home,card,3,17.0,4114.01,2.0,5.0
O108604,C01194,2025-12-30,delivered,electronics,cash,1,2.0,282.11,14.0,3.0
O108605,C01705,2026-07-31,cancelled,home,card,1,12.0,275.23,,
O108606,C01944,2024-05-26,completed,home,card,2,20.0,788.65,19.0,1.0
O108607,C00720,2025-09-24,completed,electronics,cash,4,21.0,12054.07,18.0,2.0
O108608,C00191,2025-12-05,completed,electronics,cash,5,12.0,1962.73,7.0,3.0
O108609,C00316,2026-04-22,completed,home,card,4,0.0,10948.53,6.0,4.0
O108610,C01479,2024-12-27,delivered,clothing,sbp,3,13.0,1433.42,1.0,4.0
O108611,C00727,2026-02-20,completed,electronics,card,2,21.0,516.67,5.0,4.0
O108612,C00280,2024-04-27,completed,beauty,card,1,3.0,2350.37,12.0,3.0
O108613,C01631,2025-06-26,completed,toys,card,2,17.0,1142.43,17.0,3.0
O108614,C01298,2026-05-20,processing,clothing,sbp,5,29.0,1947.28,4.0,
O108615,C00264,2026-07-31,cancelled,toys,wallet,4,26.0,3924.86,,
O108616,C01427,2025-12-31,completed,beauty,sbp,4,6.0,5346.07,6.0,5.0
O108617,C01276,2026-07-31,completed,home,sbp,5,22.0,1547.55,10.0,3.0
O108618,C01970,2024-12-24,completed,home,card,2,9.0,2027.52,1.0,5.0
O108619,C01976,2024-06-04,completed,toys,card,4,17.0,1644.2,19.0,2.0
O108620,C01951,2026-07-31,delivered,home,sbp,4,20.0,899.09,4.0,3.0
O108621,C01791,2025-08-02,delivered,clothing,card,4,24.0,1119.22,14.0,3.0
O108622,C01587,2026-05-23,delivered,electronics,cash,5,11.0,964.75,11.0,4.0
O108623,C01343,2025-01-11,cancelled,clothing,cash,5,5.0,2641.59,,
O108624,C01090,2025-03-15,cancelled,electronics,card,4,27.0,2119.38,,
O108625,C01586,2025-01-04,completed,electronics,card,5,12.0,6143.96,11.0,4.0
O108626,C01932,2026-02-10,delivered,clothing,card,4,13.0,3948.25,11.0,2.0
O108627,C00233,2024-08-25,completed,clothing,card,2,16.0,713.41,7.0,2.0
O108628,C00273,2024-08-09,delivered,electronics,card,1,4.0,422.24,10.0,2.0
O108629,C00998,2025-09-04,completed,beauty,card,5,23.0,1465.94,18.0,2.0
O108630,C00588,2025-02-15,completed,electronics,card,3,,1613.87,11.0,2.0
O108631,C01064,2026-01-12,completed,home,card,3,6.0,1238.9,12.0,2.0
O108632,C00623,2024-07-07,completed,home,cash,4,21.0,2050.83,10.0,3.0
O108633,C01566,2025-06-01,completed,toys,sbp,1,21.0,1587.23,17.0,3.0
O108634,C01797,2026-07-31,delivered,electronics,card,3,11.0,4962.43,11.0,3.0
O108635,C00566,2024-08-25,completed,electronics,cash,4,8.0,1196.01,20.0,2.0
O108636,C01545,2024-11-11,processing,home,cash,3,14.0,2751.95,5.0,
O108637,C00213,2026-04-15,completed,home,cash,4,6.0,3324.32,10.0,4.0
O108638,C01594,2024-01-24,processing,beauty,wallet,3,13.0,952.6,20.0,
O108639,C01397,2026-02-22,completed,electronics,cash,2,12.0,3049.6,1.0,4.0
O108640,C01421,2026-07-31,completed,clothing,card,4,13.0,603.9,18.0,1.0
O108641,C00986,2025-10-13,completed,electronics,sbp,3,6.0,3494.96,18.0,2.0
O108642,C00214,2026-01-02,completed,home,cash,5,29.0,2243.77,9.0,4.0
O108643,C01685,2025-11-04,completed,clothing,card,1,13.0,209.12,5.0,3.0
O108644,C00220,2026-07-31,delivered,electronics,cash,5,16.0,2126.43,19.0,2.0
O108645,C00963,2026-07-31,completed,home,card,4,16.0,8854.44,6.0,4.0
O108646,C00349,2024-11-23,completed,electronics,cash,4,12.0,14690.7,14.0,3.0
O108647,C01693,2025-11-04,completed,electronics,sbp,2,11.0,528.59,7.0,4.0
O108648,C01149,2026-07-31,delivered,electronics,cash,5,5.0,2388.13,1.0,4.0
O108649,C01016,2026-07-31,completed,beauty,card,4,29.0,1698.53,20.0,2.0
O108650,C00635,2024-11-26,completed,home,card,3,23.0,1455.88,8.0,3.0
O108651,C01566,2025-07-10,completed,clothing,sbp,2,20.0,3615.96,13.0,3.0
O108652,C00421,2026-07-13,delivered,clothing,card,3,19.0,1081.28,10.0,2.0
O108653,C01442,2025-08-29,delivered,toys,wallet,3,12.0,790.82,15.0,1.0
O108654,C01939,2026-07-31,CANCELED,electronics,card,2,20.0,690.55,,
O108655,C00533,2024-12-12,delivered,electronics,cash,2,29.0,848.35,3.0,4.0
O108656,C01373,2025-07-08,completed,beauty,card,1,3.0,912.35,19.0,1.0
O108657,C00619,2024-04-04,delivered,clothing,cash,4,9.0,2179.55,8.0,3.0
O108658,C01860,2026-04-01,delivered,toys,wallet,2,5.0,1678.13,7.0,4.0
O108659,C01799,2025-05-29,cancelled,home,card,3,19.0,3447.85,,
O108660,C00628,2025-04-25,completed,home,card,2,,786.91,15.0,3.0
O108661,C00463,2026-01-06,delivered,home,sbp,5,14.0,2329.69,1.0,5.0
O108662,C00166,2026-07-31,delivered,electronics,card,3,1.0,2189.53,16.0,3.0
O108663,C01396,2025-08-24,delivered,toys,card,2,27.0,601.93,14.0,3.0
O108664,C01840,2025-07-03,delivered,clothing,card,5,29.0,2552.72,13.0,2.0
O108665,C00291,2026-07-31,cancelled,electronics,card,5,13.0,5746.12,,
O108666,C01633,2024-07-27,completed,electronics,cash,4,17.0,2173.35,4.0,4.0
O108667,C01511,2025-10-29,completed,clothing,card,1,1.0,1366.88,18.0,2.0
O108668,C00944,2025-08-02,completed,electronics,card,5,24.0,1188.72,19.0,2.0
O108669,C00447,2025-06-07,completed,electronics,card,1,9.0,645.81,14.0,2.0
O108670,C01306,2026-07-05,delivered,electronics,card,1,11.0,782.45,2.0,4.0
O108671,C01189,2026-05-25,delivered,beauty,sbp,2,,1269.63,11.0,4.0
O108672,C01624,2024-11-06,delivered,home,wallet,1,16.0,391.37,12.0,2.0
O108673,C01129,2025-12-18,delivered,clothing,card,1,,153.37,9.0,3.0
O108674,C00098,2026-07-08,delivered,electronics,sbp,1,23.0,1205.49,16.0,3.0
O108675,C00408,2024-08-22,completed,beauty,card,2,22.0,318.76,9.0,3.0
O108676,,2026-04-01,completed,home,sbp,3,9.0,507.71,13.0,2.0
O108677,C00983,2026-03-27,completed,electronics,card,1,21.0,784.47,7.0,4.0
O108678,C00700,2024-08-14,cancelled,toys,card,1,25.0,366.73,,
O108679,C01759,2025-06-29,completed,electronics,card,3,3.0,1658.29,14.0,3.0
O108680,C00563,2025-11-29,completed,electronics,card,1,5.0,176.56,16.0,1.0
O108681,C01362,2024-04-08,completed,clothing,card,3,1.0,1866.52,13.0,3.0
O108682,C00723,2026-02-15,delivered,toys,card,1,29.0,961.96,17.0,
O108683,C01986,2026-07-31,processing,beauty,card,4,5.0,565.28,7.0,
O108684,C01833,2026-01-13,cancelled,home,cash,4,27.0,2411.59,,
O108685,C01570,2026-07-31,completed,clothing,sbp,5,,5070.96,20.0,2.0
O108686,C01530,2026-07-31,delivered,clothing,card,5,9.0,847.49,17.0,1.0
O108687,C01287,2026-07-31,completed,clothing,card,4,17.0,2213.03,8.0,4.0
O108688,C01175,2024-12-22,cancelled,clothing,cash,1,30.0,513.45,,
O108689,C01127,2026-04-06,completed,beauty,cash,3,14.0,1966.49,15.0,2.0
O108690,C00054,2025-06-27,completed,home,card,1,1.0,396.23,5.0,3.0
O108691,C01875,2025-10-14,delivered,clothing,card,4,25.0,614.64,9.0,3.0
O108692,C01964,2026-01-26,completed,toys,card,2,22.0,717.2,2.0,4.0
O108693,C01055,2024-06-03,processing,electronics,card,3,15.0,947.74,3.0,
O108694,C01742,2026-05-15,completed,electronics,sbp,4,9.0,1866.88,17.0,2.0
O108695,C00806,2026-04-17,processing,clothing,sbp,3,22.0,3876.58,19.0,
O108696,C00225,2025-12-22,completed,toys,cash,2,28.0,300.07,6.0,4.0
O108697,C01669,2026-03-24,completed,electronics,card,3,30.0,3187.97,16.0,3.0
O108698,C01019,2024-07-19,delivered,electronics,wallet,2,7.0,4054.95,11.0,3.0
O108699,C01881,2025-05-16,delivered,clothing,card,2,20.0,3861.22,4.0,5.0
O108700,C00427,2026-07-31,cancelled,toys,wallet,1,15.0,2064.2,,
O108701,C00958,2026-04-02,delivered,clothing,card,1,19.0,574.85,9.0,4.0
O108702,C01335,2025-10-27,delivered,home,cash,3,3.0,1566.15,20.0,3.0
O108703,C00275,2025-12-05,completed,beauty,card,4,23.0,463.92,18.0,3.0
O108704,C01994,2025-11-21,processing,home,card,1,17.0,414.09,11.0,
O108705,,2026-02-18,delivered,electronics,card,3,15.0,3658.16,15.0,3.0
O108706,C00344,2026-02-24,delivered,electronics,card,4,10.0,632.34,15.0,3.0
O108707,C01482,2024-01-05,cancelled,electronics,card,5,28.0,1238.19,,
O108708,C01757,2025-08-15,completed,beauty,card,5,25.0,2689.45,20.0,1.0
O108709,C00748,2024-12-09,cancelled,beauty,card,3,19.0,393.59,,
O108710,C01220,2025-08-01,delivered,electronics,sbp,5,20.0,10595.39,1.0,5.0
O108711,C01496,2025-12-29,cancelled,clothing,card,5,27.0,3930.05,,
O108712,C00292,2024-11-10,delivered,electronics,cash,2,22.0,1296.9,2.0,4.0
O108713,C01063,2024-12-02,delivered,clothing,card,3,15.0,2824.05,17.0,1.0
O108714,C01119,2026-07-31,cancelled,clothing,cash,5,12.0,1878.88,,
O108715,C00603,2026-04-29,delivered,toys,cash,4,7.0,2465.81,19.0,
O108716,C99999,2025-09-05,completed,clothing,cash,3,21.0,676.58,5.0,5.0
O108717,C01260,2026-01-24,delivered,electronics,card,3,26.0,231.67,2.0,5.0
O108718,C01504,2025-04-28,delivered,clothing,card,2,6.0,960.24,7.0,4.0
O108719,C00778,2024-04-27,cancelled,toys,card,3,5.0,5241.13,,
O108720,C00294,2024-11-03,cancelled,clothing,wallet,1,15.0,1881.27,,
O108721,C01574,2026-07-31,completed,beauty,card,5,29.0,2118.5,20.0,
O108722,C00348,2026-07-31,completed,clothing,cash,3,16.0,1184.84,18.0,2.0
O108723,C00007,2024-09-07,completed,home,card,2,28.0,283.94,8.0,4.0
O108724,C00645,2026-01-08,delivered,clothing,card,5,9.0,5763.09,8.0,3.0
O108725,C01637,2025-03-13,cancelled,beauty,card,5,11.0,3456.24,,
O108726,C01514,2025-05-02,delivered,home,card,5,13.0,2117.85,12.0,4.0
O108727,C00614,2025-03-07,cancelled,clothing,card,5,26.0,508.53,,
O108728,C01039,2025-11-03,delivered,beauty,card,3,27.0,349.47,13.0,3.0
O108729,C01920,2025-07-23,delivered,electronics,card,4,28.0,2186.06,14.0,3.0
O108730,C01438,2026-02-17,processing,electronics,card,4,14.0,573.78,5.0,
O108731,C01519,2025-10-17,completed,electronics,sbp,4,11.0,3031.53,10.0,4.0
O108732,C00176,2025-06-06,completed,home,card,2,23.0,1576.05,7.0,4.0
O108733,C00483,2025-07-01,completed,beauty,card,2,27.0,344.27,10.0,3.0
O108734,C00209,2025-05-11,completed,home,card,4,16.0,2048.72,15.0,3.0
O108735,C01958,2025-08-13,delivered,clothing,sbp,1,20.0,232.49,19.0,1.0
O108736,C00685,2024-07-30,completed,electronics,card,1,0.0,1046.38,19.0,1.0
O108737,C01000,2025-08-10,delivered,toys,sbp,4,9.0,27416.83,13.0,2.0
O108738,C01104,2024-11-02,completed,electronics,card,3,24.0,1344.09,8.0,5.0
O108739,C01046,2024-12-06,completed,electronics,card,5,14.0,8035.56,18.0,2.0
O108740,C00105,2026-05-22,completed,beauty,card,4,30.0,4485.29,11.0,2.0
O108741,C01820,2024-10-09,cancelled,beauty,card,2,28.0,926.2,,
O108742,C00761,2025-02-10,delivered,electronics,card,2,27.0,1508.39,5.0,3.0
O108743,C01837,2026-07-31,cancelled,clothing,card,2,19.0,358.05,,
O108744,C01531,2024-07-22,delivered,beauty,wallet,1,25.0,550.15,11.0,2.0
O108745,C01394,2026-05-29,completed,electronics,cash,2,20.0,775.21,5.0,3.0
O108746,C01406,2025-03-21,delivered,toys,sbp,5,12.0,7310.52,10.0,4.0
O108747,C01957,2025-04-28,completed,clothing,sbp,5,22.0,1492.52,4.0,4.0
O108748,C00607,2025-10-06,completed,clothing,card,2,13.0,424.01,18.0,3.0
O108749,C00658,2026-03-20,delivered,electronics,sbp,3,23.0,655.91,18.0,1.0
O108750,C01342,2024-11-19,cancelled,electronics,card,1,14.0,977.05,,
O108751,C00465,2024-01-24,cancelled,electronics,card,1,10.0,425.32,,
O108752,C01608,2026-03-11,completed,clothing,cash,3,13.0,384.32,8.0,4.0
O108753,C00059,2026-07-28,delivered,toys,card,3,26.0,3328.52,3.0,4.0
O108754,C01795,2025-10-01,delivered,clothing,card,4,13.0,588.68,12.0,3.0
O108755,C00693,2026-07-31,cancelled,clothing,card,2,18.0,635.47,,
O108756,C00010,2025-01-26,processing,clothing,wallet,2,24.0,832.62,9.0,
O108757,C01206,2026-07-31,delivered,electronics,card,4,30.0,820.3,13.0,3.0
O108758,C00551,2026-05-01,completed,home,card,5,24.0,633.95,8.0,4.0
O108759,C00611,2026-07-31,cancelled,clothing,card,4,17.0,3778.27,,
O108760,C00963,2026-02-25,delivered,clothing,cash,2,9.0,1660.09,19.0,
O108761,C01160,2025-05-29,cancelled,home,card,3,6.0,1543.28,,
O108762,C00273,2024-07-10,delivered,clothing,sbp,3,18.0,1980.05,1.0,5.0
O108763,C00097,2024-11-26,processing,beauty,card,2,2.0,252.72,4.0,
O108764,C00923,2025-10-15,completed,home,sbp,1,25.0,748.12,6.0,5.0
O108765,C00709,2025-08-11,delivered,electronics,card,5,21.0,3430.03,15.0,2.0
O108766,C01165,2026-02-25,completed,electronics,card,1,18.0,701.96,5.0,4.0
O108767,C01497,2025-06-17,delivered,electronics,cash,1,17.0,699.97,9.0,4.0
O108768,C01230,2025-09-08,processing,toys,card,1,25.0,1091.59,9.0,
O108769,C00209,2025-05-13,delivered,beauty,card,1,26.0,449.08,15.0,2.0
O108770,C01993,2025-02-22,delivered,toys,sbp,2,28.0,1036.41,10.0,3.0
O108771,C01430,2025-12-28,completed,home,cash,1,26.0,169.38,4.0,4.0
O108772,C00099,2025-08-18,completed,toys,wallet,4,22.0,3411.27,17.0,2.0
O108773,,2025-03-16,delivered,clothing,card,5,11.0,1443.03,13.0,2.0
O108774,C01762,2025-08-04,completed,home,card,5,26.0,1528.54,16.0,3.0
O108775,C01138,2025-06-02,completed,clothing,sbp,3,30.0,1065.75,5.0,4.0
O108776,C01665,2025-08-10,delivered,beauty,wallet,5,24.0,1044.83,19.0,3.0
O108777,C01773,2025-07-21,delivered,toys,card,3,26.0,1357.49,9.0,2.0
O108778,C01929,2025-01-25,completed,home,card,4,19.0,3811.02,10.0,3.0
O108779,C01910,2026-07-31,completed,beauty,card,2,2.0,404.92,19.0,2.0
O108780,C00388,2026-05-25,completed,beauty,sbp,3,27.0,1458.77,13.0,3.0
O108781,C00070,2025-08-12,delivered,electronics,card,1,10.0,839.77,5.0,4.0
O108782,C01304,2026-07-31,cancelled,clothing,card,2,,150.0,,
O108783,C01359,2024-11-03,completed,home,card,1,20.0,2172.11,5.0,3.0
O108784,C01138,2025-01-15,completed,home,sbp,2,25.0,681.0,8.0,2.0
O108785,C00475,2026-07-03,cancelled,clothing,card,4,1.0,932.92,,
O108786,C01898,2026-05-20,completed,clothing,card,3,1.0,1577.9,14.0,1.0
O108787,C00817,2024-10-11,delivered,electronics,cash,5,8.0,1435.83,5.0,4.0
O108788,C01484,2024-04-18,completed,toys,sbp,4,14.0,1862.68,1.0,4.0
O108789,C01247,2026-05-26,processing,home,card,5,17.0,1353.18,12.0,
O108790,C01792,2026-07-31,delivered,home,card,3,4.0,3641.37,1.0,5.0
O108791,C01425,2025-06-26,completed,electronics,card,4,29.0,16871.08,12.0,3.0
O108792,C01270,2024-09-06,completed,electronics,card,4,25.0,3514.58,9.0,4.0
O108793,C01681,2026-05-29,completed,clothing,card,1,26.0,578.05,18.0,1.0
O108794,C00109,2026-02-17,completed,electronics,card,1,11.0,316.82,19.0,2.0
O108795,C01411,2024-06-03,completed,electronics,card,3,1.0,3455.11,2.0,4.0
O108796,C01173,2025-05-05,delivered,electronics,sbp,1,22.0,266.51,18.0,
O108797,C01555,2025-04-01,cancelled,electronics,card,5,24.0,3178.96,,
O108798,C00449,2025-12-30,completed,electronics,wallet,5,0.0,1625.17,13.0,3.0
O108799,C01199,2026-06-14,completed,home,card,1,4.0,180.34,14.0,3.0
O108800,,2025-10-28,cancelled,home,card,2,13.0,831.07,,
O108801,C00235,2025-11-12,completed,clothing,sbp,2,28.0,448.05,999.0,1.0
O108802,C01151,2025-02-12,delivered,toys,sbp,5,3.0,8021.77,1.0,5.0
O108803,C00043,2026-04-11,cancelled,clothing,card,5,20.0,1347.68,,
O108804,C00187,2025-01-28,delivered,beauty,sbp,2,28.0,888.02,20.0,2.0
O108805,C01060,2025-08-02,delivered,electronics,sbp,4,4.0,1172.26,3.0,5.0
O108806,C01798,2025-02-26,processing,electronics,card,1,30.0,183.41,9.0,
O108807,C01432,2025-01-10,completed,clothing,cash,1,30.0,851.96,18.0,3.0
O108808,C00031,2025-02-26,completed,toys,card,3,14.0,1370.5,20.0,1.0
O108809,C00218,2024-06-20,completed,toys,card,2,3.0,6423.62,9.0,2.0
O108810,C00863,2024-11-15,completed,clothing,card,1,24.0,1139.06,4.0,4.0
O108811,C00859,2026-03-16,completed,beauty,card,3,6.0,1563.45,11.0,3.0
O108812,C00080,2026-03-15,completed,electronics,card,5,10.0,3304.45,14.0,
O108813,C00513,2026-07-31,delivered,home,card,3,2.0,1375.5,8.0,4.0
O108814,C00254,2025-09-22,completed,electronics,card,3,10.0,649.87,15.0,3.0
O108815,C01135,2026-01-12,cancelled,home,card,1,11.0,156.09,,
O108816,C01317,2025-11-27,completed,electronics,cash,3,12.0,635.37,4.0,4.0
O108817,C00782,2026-01-12,delivered,home,cash,5,5.0,7182.18,5.0,4.0
O108818,C01144,2026-05-12,completed,clothing,sbp,2,4.0,1210.55,6.0,4.0
O108819,,2025-04-30,completed,home,wallet,5,30.0,3786.44,20.0,2.0
O108820,C01704,2025-01-31,delivered,electronics,wallet,1,26.0,924.93,13.0,3.0
O108821,C00009,2025-01-18,completed,clothing,card,4,16.0,1679.45,12.0,2.0
O108822,C01009,2026-05-30,delivered,clothing,card,4,11.0,1214.19,17.0,2.0
O108823,C00644,2025-07-05,delivered,electronics,card,2,24.0,4958.8,11.0,4.0
O108824,C00902,2024-04-12,delivered,clothing,card,1,23.0,753.45,12.0,2.0
O108825,C01033,2026-07-31,delivered,electronics,card,4,9.0,520.51,1.0,5.0
O108826,C01293,2025-07-04,cancelled,clothing,sbp,4,10.0,484.03,,
O108827,C01859,2025-07-06,completed,clothing,card,2,8.0,1795.72,18.0,2.0
O108828,C01123,2025-08-31,processing,clothing,card,3,3.0,729.14,13.0,
O108829,C00455,2025-07-09,completed,clothing,cash,5,15.0,2219.99,20.0,1.0
O108830,C01049,2026-01-05,delivered,electronics,sbp,5,27.0,428.02,15.0,3.0
O108831,C01025,2026-07-31,processing,electronics,sbp,2,24.0,680.36,2.0,
O108832,C01730,2024-09-01,completed,home,sbp,3,15.0,3066.82,3.0,5.0
O108833,C01133,2026-07-31,cancelled,beauty,card,3,19.0,963.32,,
O108834,C01737,2025-08-11,delivered,electronics,cash,5,27.0,966.11,15.0,2.0
O108835,C01299,2025-12-18,cancelled,electronics,card,3,14.0,1215.81,,
O108836,C01144,2026-07-15,Processing ,beauty,wallet,1,24.0,506.65,8.0,
O108837,C00658,2026-01-18,delivered,clothing,card,1,4.0,371.71,19.0,2.0
O108838,C00513,2026-07-31,completed,electronics,card,4,19.0,557.58,14.0,3.0
O108839,C00199,2025-10-26,completed,electronics,wallet,1,15.0,674.99,14.0,1.0
O108840,C01097,2026-07-31,delivered,toys,cash,3,2.0,934.06,13.0,2.0
O108841,C01843,2026-05-29,delivered,clothing,card,3,19.0,1699.47,11.0,3.0
O108842,C00026,2026-01-09,delivered,electronics,card,1,7.0,225.63,2.0,5.0
O108843,C01906,2025-01-06,delivered,clothing,card,4,2.0,5340.14,2.0,5.0
O108844,C01719,2025-10-06,cancelled,electronics,card,1,10.0,871.33,,
O108845,C00877,2025-12-08,delivered,electronics,cash,5,19.0,1847.71,11.0,3.0
O108846,C00628,2025-06-14,completed,toys,card,4,4.0,2514.11,16.0,3.0
O108847,C01162,2025-09-03,cancelled,clothing,cash,1,29.0,1823.64,,
O108848,C01712,2025-07-27,delivered,home,card,2,5.0,2522.99,10.0,4.0
O108849,C00059,2026-05-29,completed,beauty,wallet,5,6.0,8240.67,4.0,4.0
O108850,C00899,2025-01-02,completed,electronics,cash,1,2.0,799.57,13.0,2.0
O108851,C00095,2026-07-31,completed,electronics,wallet,2,7.0,638.78,4.0,5.0
O108852,C01289,2024-04-24,cancelled,electronics,card,4,5.0,3155.84,,
O108853,C00154,2024-12-19,completed,home,wallet,3,13.0,5755.97,17.0,1.0
O108854,C00634,2025-08-19,delivered,clothing,sbp,2,29.0,1599.85,17.0,2.0
O108855,C01478,2025-02-17,delivered,clothing,card,1,22.0,254.26,20.0,1.0
O108856,C01504,2025-05-31,processing,electronics,wallet,2,30.0,1039.13,12.0,
O108857,C00455,2025-11-29,completed,electronics,cash,3,15.0,2716.06,2.0,4.0
O108858,C01026,2024-04-29,cancelled,clothing,wallet,1,1.0,565.42,,
O108859,C00369,2024-07-22,delivered,electronics,sbp,4,4.0,3629.85,4.0,5.0
O108860,C01184,2025-08-16,completed,beauty,wallet,3,9.0,900.61,9.0,3.0
O108861,C00017,2025-12-29,completed,toys,card,2,22.0,829.8,8.0,3.0
O108862,C01628,2026-04-14,completed,toys,card,5,5.0,3236.99,14.0,1.0
O108863,,2026-07-31,completed,clothing,card,5,16.0,3362.04,19.0,1.0
O108864,C01218,2026-04-07,completed,electronics,cash,5,29.0,1484.94,13.0,3.0
O108865,C00811,2024-10-18,completed,clothing,card,5,23.0,347.13,2.0,5.0
O108866,C00447,2025-07-27,cancelled,electronics,card,2,17.0,150.0,,
O108867,C01084,2026-05-17,completed,toys,card,2,8.0,949.3,1.0,5.0
O108868,C00284,2025-11-15,completed,home,wallet,2,10.0,1140.92,7.0,4.0
O108869,C01159,2025-03-15,delivered,electronics,cash,2,30.0,835.07,19.0,3.0
O108870,C01290,2025-11-22,cancelled,beauty,card,5,13.0,2534.0,,
O108871,C00916,2025-05-09,processing,electronics,card,2,4.0,3547.46,9.0,
O108872,C00724,2024-06-30,cancelled,beauty,wallet,4,11.0,1324.93,,
O108873,,2025-11-22,cancelled,clothing,card,5,29.0,3299.35,,
O108874,C01914,2026-06-08,completed,beauty,cash,2,11.0,3790.52,15.0,2.0
O108875,C01507,2026-07-31,delivered,toys,wallet,2,2.0,430.14,8.0,4.0
O108876,C00012,2026-07-31,completed,clothing,wallet,5,23.0,10154.92,19.0,1.0
O108877,C00580,2024-06-09,processing,home,card,3,8.0,3214.78,13.0,
O108878,C00050,2026-01-25,completed,electronics,cash,5,18.0,1922.24,2.0,4.0
O108879,C00476,2026-02-25,delivered,beauty,wallet,3,4.0,194.54,11.0,3.0
O108880,C01557,2026-07-31,completed,clothing,card,2,14.0,2997.8,11.0,3.0
O108881,C01709,2025-01-07,cancelled,toys,cash,3,25.0,6092.53,,
O108882,C00915,2025-11-15,completed,beauty,sbp,5,3.0,1413.34,6.0,
O108883,C01379,2025-07-27,cancelled,electronics,card,1,21.0,2135.57,,
O108884,C00742,2026-05-10,processing,electronics,card,4,1.0,509.71,20.0,
O108885,C00954,2025-09-17,completed,home,card,5,15.0,3111.24,2.0,5.0
O108886,C01659,2026-02-20,cancelled,clothing,card,5,28.0,2137.44,,
O108887,C00551,2026-07-31,completed,electronics,card,3,29.0,507.19,3.0,4.0
O108888,C00637,2024-11-21,completed,clothing,card,2,9.0,806.92,5.0,4.0
O108889,C99999,2026-07-13,completed,clothing,card,5,5.0,2403.69,4.0,4.0
O108890,C00437,2025-08-03,delivered,clothing,wallet,2,8.0,380.47,19.0,1.0
O108891,C00075,2026-04-05,completed,electronics,wallet,2,11.0,1691.37,19.0,2.0
O108892,C01632,2026-07-31,delivered,electronics,sbp,3,11.0,856.88,19.0,1.0
O108893,C01705,2026-05-20,cancelled,electronics,sbp,3,0.0,1109.02,,
O108894,C00843,2026-07-31,completed,home,card,2,14.0,3135.9,1.0,
O108895,C01187,2024-07-28,completed,clothing,card,2,13.0,583.81,20.0,
O108896,C00498,2025-11-04,completed,clothing,sbp,3,4.0,242.08,8.0,2.0
O108897,C00092,2026-04-25,completed,toys,wallet,1,1.0,402.93,19.0,2.0
O108898,C01032,2025-06-05,processing,toys,card,3,3.0,1612.9,13.0,
O108899,C00318,2026-05-24,completed,electronics,cash,4,6.0,1624.82,9.0,4.0
O108900,C01697,2026-02-18,delivered,beauty,wallet,1,12.0,980.7,15.0,2.0
O108901,C00560,2026-07-31,processing,electronics,cash,2,,1357.39,2.0,
O108902,C01476,2024-11-16,Processing ,home,sbp,5,28.0,1525.15,19.0,
O108903,C00527,2026-07-31,delivered,electronics,wallet,5,17.0,4301.1,20.0,2.0
O108904,C00253,2024-12-11,cancelled,electronics,cash,1,23.0,713.98,,
O108905,C01097,2026-07-31,delivered,toys,card,1,8.0,696.92,15.0,1.0
O108906,C99999,2025-07-24,completed,home,wallet,5,9.0,2168.21,5.0,4.0
O108907,C00799,2024-12-21,cancelled,clothing,sbp,5,2.0,3095.65,,
O108908,C00587,2025-10-31,processing,beauty,card,3,12.0,1613.05,10.0,
O108909,C01765,2026-03-07,cancelled,electronics,wallet,5,20.0,1937.62,,
O108910,C01007,2026-05-09,cancelled,electronics,card,3,5.0,2168.87,,
O108911,C01439,2025-06-17,cancelled,clothing,wallet,2,5.0,1538.39,,
O108912,C01178,2024-08-11,delivered,home,sbp,5,4.0,3847.35,15.0,3.0
O108913,C01822,2025-12-27,completed,home,card,3,7.0,2421.7,16.0,2.0
O108914,C00880,2026-04-13,processing,clothing,sbp,3,0.0,244.41,19.0,
O108915,C01726,2026-04-19,completed,clothing,card,3,17.0,3047.49,5.0,4.0
O108916,C01797,2026-07-31,cancelled,clothing,wallet,2,6.0,455.72,,
O108917,C01843,2026-01-24,completed,clothing,cash,2,30.0,2414.47,5.0,4.0
O108918,C01392,2025-07-04,delivered,electronics,card,1,25.0,165.94,5.0,5.0
O108919,C01961,2026-03-08,cancelled,electronics,wallet,1,25.0,1746.82,,
O108920,C01491,2024-12-18,cancelled,home,card,4,15.0,343.55,,
O108921,C00624,2025-04-28,completed,beauty,card,3,25.0,1914.5,18.0,1.0
O108922,C00315,2024-12-24,delivered,clothing,cash,5,16.0,1838.86,20.0,1.0
O108923,C00420,2025-07-03,completed,clothing,card,3,20.0,2141.67,11.0,3.0
O108924,C01148,2026-05-16,completed,home,card,3,28.0,5878.09,8.0,4.0
O108925,C00331,2026-04-06,delivered,electronics,cash,5,,2977.21,4.0,4.0
O108926,C00476,2026-01-16,processing,home,card,2,17.0,2089.77,13.0,
O108927,C01257,2025-06-12,processing,clothing,card,5,18.0,8409.51,5.0,
O108928,C00666,2026-02-22,delivered,clothing,cash,5,29.0,1501.49,13.0,2.0
O108929,C01362,2024-09-28,cancelled,electronics,card,3,24.0,1974.8,,
O108930,C01995,2026-07-21,completed,toys,card,4,5.0,5888.46,20.0,2.0
O108931,C00176,2025-11-20,completed,electronics,card,5,5.0,3267.02,4.0,3.0
O108932,C01283,2025-12-03,delivered,electronics,card,3,3.0,924.65,12.0,3.0
O108933,C01643,2026-02-10,cancelled,clothing,cash,3,29.0,2232.03,,
O108934,C00281,2024-10-13,delivered,beauty,card,4,19.0,2160.71,11.0,3.0
O108935,C01567,2026-07-31,completed,beauty,wallet,5,25.0,3702.89,6.0,4.0
O108936,C01015,2025-10-31,completed,clothing,card,2,18.0,645.74,6.0,4.0
O108937,C01257,2025-01-27,completed,clothing,card,3,17.0,1794.31,13.0,3.0
O108938,C00104,2025-01-02,cancelled,clothing,sbp,4,2.0,1762.86,,
O108939,C00872,2025-02-25,completed,electronics,card,4,15.0,1326.73,10.0,3.0
O108940,C00734,2026-05-02,completed,electronics,card,2,22.0,2810.07,15.0,1.0
O108941,C00308,2026-04-21,delivered,clothing,card,4,23.0,1306.81,20.0,2.0
O108942,C01526,2024-11-05,completed,home,wallet,2,10.0,538.57,20.0,1.0
O108943,C01012,2026-07-31,completed,home,card,1,29.0,190.72,3.0,5.0
O108944,C01757,2025-06-30,delivered,toys,card,2,5.0,935.79,1.0,5.0
O108945,C00319,2026-05-29,completed,clothing,cash,5,7.0,2181.18,19.0,1.0
O108946,C01462,2025-10-01,delivered,home,card,5,21.0,4390.27,17.0,2.0
O108947,C01210,2026-07-31,processing,toys,wallet,1,2.0,184.0,10.0,
O108948,C01303,2025-11-23,completed,electronics,wallet,5,16.0,640.27,9.0,3.0
O108949,C00620,2024-08-06,completed,clothing,sbp,2,19.0,223.48,19.0,2.0
O108950,C01382,2025-01-18,delivered,home,card,2,,1419.41,10.0,3.0
O108951,C00495,2024-12-23,delivered,home,cash,2,10.0,2254.81,4.0,4.0
O108952,C01525,2026-02-15,processing,beauty,card,1,13.0,1056.24,5.0,
O108953,C00883,2025-08-31,completed,home,card,2,8.0,659.8,6.0,3.0
O108954,C00960,2025-03-28,cancelled,toys,card,1,25.0,546.8,,
O108955,C01162,2025-12-09,delivered,electronics,card,1,13.0,150.0,8.0,3.0
O108956,C00169,2025-02-12,completed,beauty,card,2,5.0,3595.59,7.0,4.0
O108957,C00735,2024-09-04,delivered,electronics,sbp,5,19.0,6216.07,3.0,5.0
O108958,C00407,2026-01-14,completed,electronics,card,4,17.0,4062.12,4.0,4.0
O108959,C01928,2024-08-16,completed,electronics,card,1,5.0,240.29,4.0,4.0
O108960,C00844,2024-04-26,completed,home,card,4,1.0,1473.58,3.0,5.0
O108961,C00012,2026-07-31,completed,electronics,card,5,14.0,2116.07,9.0,4.0
O108962,C00053,2025-09-01,delivered,electronics,cash,1,29.0,1920.3,13.0,3.0
O108963,C01826,2026-05-27,completed,home,card,2,14.0,2193.26,12.0,2.0
O108964,C00314,2024-10-03,completed,clothing,cash,3,10.0,1272.87,3.0,5.0
O108965,C00002,2026-07-31,completed,clothing,sbp,1,6.0,786.57,12.0,4.0
O108966,C99999,2025-07-17,delivered,clothing,card,3,23.0,712.84,10.0,4.0
O108967,C00434,2024-10-12,processing,beauty,sbp,4,0.0,650.95,1.0,
O108968,C00160,2026-05-17,completed,home,wallet,2,16.0,932.72,4.0,5.0
O108969,C01993,2025-04-19,processing,clothing,wallet,2,6.0,396.73,17.0,
O108970,C00119,2025-04-13,delivered,beauty,card,4,1.0,509.19,6.0,4.0
O108971,C01457,2026-07-15,processing,beauty,card,3,0.0,1518.12,7.0,
O108972,C01674,2026-02-26,delivered,clothing,cash,3,14.0,1196.08,4.0,4.0
O108973,C01289,2025-03-16,delivered,electronics,card,1,1.0,219.88,15.0,2.0
O108974,C00265,2026-07-31,cancelled,electronics,card,4,30.0,1430.92,,
O108975,C01453,2025-01-12,delivered,home,card,3,17.0,2001.38,6.0,4.0
O108976,C00660,2025-02-12,cancelled,toys,card,4,14.0,1645.33,,
O108977,C00817,2024-04-18,cancelled,electronics,card,2,30.0,1102.32,,
O108978,C00503,2026-07-31,delivered,clothing,card,5,24.0,2150.56,11.0,2.0
O108979,C01569,2026-07-31,delivered,electronics,sbp,1,10.0,1966.55,12.0,3.0
O108980,C01160,2025-03-13,delivered,clothing,card,4,25.0,5708.18,2.0,5.0
O108981,C00310,2025-01-23,delivered,beauty,card,1,25.0,540.77,1.0,5.0
O108982,C00815,2026-01-02,delivered,beauty,wallet,5,,1279.12,16.0,3.0
O108983,C01588,2024-04-25,delivered,toys,sbp,5,12.0,1573.59,3.0,
O108984,C01876,2024-12-02,completed,clothing,card,3,26.0,526.11,2.0,5.0
O108985,C01880,2024-10-28,processing,home,card,3,20.0,781.03,20.0,
O108986,C00270,2026-03-04,completed,beauty,cash,2,28.0,1681.64,18.0,1.0
O108987,C01716,2026-07-31,completed,home,cash,1,14.0,306.46,10.0,3.0
O108988,C01133,2026-07-31,completed,toys,sbp,1,4.0,428.39,2.0,4.0
O108989,C01480,2025-07-17,completed,electronics,card,2,30.0,2535.89,17.0,2.0
O108990,C00772,2026-07-31,delivered,electronics,cash,3,11.0,2300.84,19.0,1.0
O108991,C01303,2026-07-31,completed,electronics,card,1,19.0,520.64,17.0,
O108992,C00517,2026-07-31,completed,beauty,wallet,4,14.0,1798.9,20.0,1.0
O108993,C01043,2025-01-30,completed,electronics,card,4,17.0,1682.18,1.0,5.0
O108994,C00452,2026-07-31,completed,beauty,card,3,,3113.57,19.0,2.0
O108995,C00791,2025-02-26,processing,clothing,cash,4,10.0,2501.43,10.0,
O108996,C00816,2026-02-20,delivered,home,sbp,1,30.0,401.32,7.0,4.0
O108997,C01732,2026-07-31,completed,home,cash,2,25.0,355.71,13.0,2.0
O108998,C01257,2025-04-20,delivered,clothing,card,2,1.0,1449.99,20.0,1.0
O108999,C01295,2026-07-12,delivered,electronics,wallet,1,30.0,648.07,16.0,3.0
O109000,C00568,2025-04-05,delivered,home,card,3,19.0,416.88,7.0,3.0
O109001,C00870,2024-07-12,completed,toys,card,2,8.0,870.88,20.0,2.0
O109002,C00946,2024-08-18,delivered,electronics,sbp,3,18.0,1932.53,6.0,3.0
O109003,C01570,2026-07-31,completed,electronics,card,4,4.0,1599.13,3.0,4.0
O109004,C00372,2026-05-21,completed,beauty,cash,4,27.0,8413.51,17.0,2.0
O109005,C00109,2026-01-26,processing,electronics,card,2,30.0,3343.55,15.0,
O109006,C01011,2025-02-01,completed,electronics,card,1,30.0,179.54,3.0,4.0
O109007,C01627,2025-08-07,completed,beauty,card,2,21.0,808.0,9.0,3.0
O109008,C01468,2025-10-27,completed,beauty,card,2,27.0,2139.26,3.0,5.0
O109009,C01622,2024-05-04,delivered,electronics,card,1,1.0,460.94,8.0,4.0
O109010,C00787,2024-11-02,completed,toys,card,3,29.0,2665.4,12.0,2.0
O109011,C00458,2026-05-19,completed,home,cash,2,6.0,586.87,1.0,5.0
O109012,C01320,2025-01-18,completed,electronics,card,5,29.0,701.71,8.0,3.0
O109013,C00076,2025-08-05,completed,clothing,card,1,23.0,857.98,20.0,1.0
O109014,C01791,2025-07-16,delivered,beauty,card,5,21.0,1888.69,7.0,4.0
O109015,C01428,2026-07-31,completed,home,card,2,28.0,7752.18,13.0,
O109016,C01008,2026-01-19,delivered,home,card,2,4.0,2090.78,8.0,4.0
O109017,C00400,2025-05-02,completed,clothing,cash,2,2.0,422.05,13.0,2.0
O109018,C00501,2024-08-09,processing,electronics,card,2,4.0,1689.08,5.0,
O109019,C01993,2025-09-08,delivered,home,wallet,1,3.0,465.68,19.0,1.0
O109020,C00030,2025-03-11,Completed,electronics,cash,5,0.0,3751.75,7.0,4.0
O109021,C00019,2026-03-27,completed,beauty,wallet,2,4.0,552.47,5.0,4.0
O109022,C00695,2024-08-03,delivered,electronics,card,5,17.0,3162.5,2.0,4.0
O109023,C00460,2025-03-18,delivered,electronics,card,4,28.0,4599.45,15.0,3.0
O109024,C01354,2026-07-31,completed,electronics,card,4,0.0,3805.57,15.0,2.0
O109025,C00085,2026-02-18,completed,beauty,card,2,28.0,2365.46,10.0,4.0
O109026,C01572,2025-11-07,delivered,clothing,sbp,4,5.0,23833.72,3.0,5.0
O109027,C01566,2026-01-14,completed,clothing,card,2,19.0,678.37,10.0,3.0
O109028,C00459,2026-07-31,completed,clothing,card,4,,8355.17,12.0,4.0
O109029,C01158,2026-03-29,completed,home,cash,5,12.0,3121.13,16.0,2.0
O109030,C01344,2026-05-02,cancelled,beauty,card,4,11.0,1446.03,,
O109031,C01697,2025-10-23,completed,clothing,card,3,17.0,1469.62,6.0,
O109032,C01466,2024-06-01,completed,electronics,card,5,9.0,5073.08,20.0,1.0
O109033,C99999,2025-03-02,completed,beauty,card,1,19.0,367.01,19.0,2.0
O109034,C00232,2026-07-15,delivered,clothing,cash,4,21.0,410.9,8.0,3.0
O109035,C01221,2026-05-29,delivered,home,card,5,26.0,4823.39,10.0,3.0
O109036,C01546,2025-09-25,delivered,electronics,sbp,4,17.0,2364.4,10.0,3.0
O109037,C00464,2025-01-20,delivered,beauty,card,3,20.0,975.93,11.0,4.0
O109038,C00437,2025-11-13,delivered,toys,card,5,3.0,898.45,16.0,2.0
O109039,C00186,2025-07-25,delivered,clothing,card,1,21.0,682.28,8.0,3.0
O109040,C01972,2026-07-31,processing,electronics,cash,5,15.0,6920.24,6.0,
O109041,C01733,2025-11-10,cancelled,electronics,card,2,30.0,480.99,,
O109042,C00242,2026-05-15,completed,clothing,card,3,22.0,1852.35,10.0,3.0
O109043,C00491,2026-06-25,delivered,clothing,card,2,5.0,5790.12,12.0,2.0
O109044,C00917,2026-04-16,completed,clothing,card,5,22.0,5263.08,14.0,4.0
O109045,C01788,2024-12-13,completed,home,wallet,2,23.0,989.26,14.0,3.0
O109046,C01652,2024-05-27,completed,electronics,cash,2,18.0,912.76,8.0,4.0
O109047,C01757,2025-10-28,cancelled,electronics,card,4,29.0,1355.77,,
O109048,C01657,2026-06-22,processing,toys,card,2,16.0,1052.74,10.0,
O109049,C01256,2024-11-04,delivered,electronics,card,2,5.0,713.03,6.0,4.0
O109050,C00582,2026-02-04,delivered,toys,sbp,2,0.0,802.1,5.0,5.0
O109051,C01208,2025-11-25,completed,home,card,4,11.0,1811.86,17.0,3.0
O109052,C00989,2024-12-18,processing,electronics,wallet,1,7.0,150.0,10.0,
O109053,C01902,2025-07-27,completed,home,card,4,11.0,1779.43,10.0,3.0
O109054,C00897,2025-07-01,processing,toys,card,2,14.0,8775.02,13.0,
O109055,C01513,2026-03-27,completed,beauty,sbp,1,26.0,167.31,13.0,2.0
O109056,C00348,2026-07-31,completed,clothing,card,5,10.0,8692.09,19.0,1.0
O109057,C01367,2024-11-16,delivered,electronics,card,2,18.0,2371.61,8.0,2.0
O109058,C00908,2025-03-07,completed,clothing,wallet,2,,1721.71,13.0,3.0
O109059,C00872,2025-05-08,completed,electronics,sbp,1,19.0,336.84,2.0,4.0
O109060,C01510,2026-07-17,delivered,electronics,wallet,5,22.0,5406.51,1.0,5.0
O109061,C00968,2024-12-25,delivered,toys,cash,5,,11311.73,12.0,3.0
O109062,C00118,2025-03-24,completed,home,card,1,23.0,1248.36,2.0,4.0
O109063,C00778,2024-06-04,delivered,beauty,card,2,13.0,1288.9,6.0,4.0
O109064,C01927,2025-01-02,delivered,clothing,card,1,10.0,537.33,15.0,2.0
O109065,C01893,2026-07-31,completed,electronics,card,4,5.0,1271.21,15.0,
O109066,C01229,2025-02-21,completed,electronics,sbp,1,0.0,578.0,7.0,3.0
O109067,C01277,2025-10-07,delivered,beauty,card,2,1.0,1645.17,8.0,3.0
O109068,C00526,2025-03-10,cancelled,clothing,sbp,3,1.0,1653.95,,
O109069,C01561,2025-02-18,completed,clothing,card,5,8.0,2509.41,11.0,3.0
O109070,C01199,2026-07-31,delivered,electronics,card,5,12.0,2537.07,8.0,5.0
O109071,C00075,2026-03-25,delivered,clothing,card,3,30.0,6958.22,12.0,3.0
O109072,C01899,2026-06-19,delivered,electronics,card,2,14.0,1232.18,9.0,4.0
O109073,C01705,2026-05-17,cancelled,electronics,card,3,25.0,1904.23,,
O109074,C00164,2025-12-27,delivered,beauty,card,2,17.0,157.18,9.0,2.0
O109075,C00836,2026-06-29,completed,home,cash,3,6.0,3478.61,17.0,3.0
O109076,C01486,2026-07-31,cancelled,beauty,card,5,14.0,4281.4,,
O109077,C01475,2026-07-31,delivered,beauty,card,3,8.0,2473.4,3.0,5.0
O109078,C00335,2025-05-23,delivered,home,card,3,20.0,2610.79,15.0,2.0
O109079,C00081,2026-07-31,delivered,clothing,card,3,16.0,751.52,2.0,5.0
O109080,C01970,2024-09-01,completed,clothing,wallet,2,3.0,848.57,11.0,3.0
O109081,C01788,2024-06-18,delivered,electronics,sbp,5,20.0,10956.61,4.0,
O109082,C01477,2025-10-10,delivered,beauty,card,3,17.0,523.45,4.0,4.0
O109083,C01320,2025-05-07,completed,beauty,card,3,2.0,549.53,14.0,1.0
O109084,C01373,2026-01-06,completed,clothing,card,4,21.0,660.81,20.0,2.0
O109085,C00916,2025-10-20,cancelled,clothing,cash,5,2.0,2308.64,,
O109086,C01369,2026-07-31,delivered,electronics,card,2,12.0,3833.21,5.0,4.0
O109087,C00608,2025-04-25,delivered,electronics,cash,1,19.0,668.38,16.0,3.0
O109088,C00168,2024-10-03,completed,clothing,card,4,19.0,5107.35,9.0,3.0
O109089,C00623,2024-07-11,delivered,toys,cash,1,18.0,150.0,8.0,3.0
O109090,C00588,2024-06-19,completed,electronics,card,5,20.0,1364.61,7.0,4.0
O109091,C00607,2025-02-01,delivered,toys,card,5,17.0,1550.34,9.0,2.0
O109092,C00942,2025-08-29,delivered,clothing,card,1,12.0,1926.72,9.0,4.0
O109093,C00263,2024-11-07,delivered,clothing,cash,1,9.0,600.02,12.0,2.0
O109094,C00816,2026-04-02,processing,electronics,cash,4,23.0,2057.45,11.0,
O109095,C00928,2024-10-15,completed,electronics,card,4,15.0,2502.63,13.0,2.0
O109096,C00377,2026-07-31,completed,clothing,card,5,20.0,2212.99,11.0,3.0
O109097,C00907,2026-01-05,delivered,home,cash,1,20.0,2628.17,1.0,4.0
O109098,C01349,2026-02-17,delivered,clothing,card,1,,2545.72,15.0,3.0
O109099,C00824,2026-01-28,delivered,electronics,cash,2,7.0,2623.46,9.0,4.0
O109100,C00005,2025-05-18,processing,electronics,sbp,1,18.0,1198.54,2.0,
O109101,C01407,2025-05-25,delivered,electronics,card,5,0.0,1778.84,17.0,2.0
O109102,C01158,2026-07-31,completed,home,sbp,4,20.0,3115.81,8.0,4.0
O109103,C00840,2026-07-12,completed,home,wallet,4,15.0,431.22,13.0,2.0
O109104,C00046,2026-07-31,cancelled,electronics,wallet,4,13.0,1518.56,,
O109105,C00179,2026-04-03,completed,beauty,card,3,21.0,463.62,6.0,4.0
O109106,C00159,2025-11-26,delivered,electronics,sbp,3,22.0,2397.47,3.0,5.0
O109107,C01705,2026-07-31,processing,beauty,card,2,6.0,987.54,19.0,
O109108,C00618,2024-09-19,cancelled,clothing,card,5,16.0,4946.7,,
O109109,C00851,2026-07-31,completed,home,card,3,11.0,2712.92,20.0,1.0
O109110,C01393,2026-07-31,delivered,electronics,card,1,16.0,1316.97,11.0,3.0
O109111,C01311,2026-04-12,completed,home,card,1,9.0,290.21,10.0,3.0
O109112,C00129,2026-03-29,processing,home,wallet,1,14.0,150.0,14.0,
O109113,C01860,2025-11-08,delivered,electronics,card,5,25.0,12662.18,7.0,3.0
O109114,C00531,2025-07-28,delivered,electronics,card,1,7.0,346.74,15.0,1.0
O109115,C01535,2026-03-05,completed,home,sbp,5,30.0,2582.92,18.0,2.0
O109116,C01665,2025-11-22,completed,clothing,card,5,27.0,6313.97,17.0,2.0
O109117,C01078,2025-02-14,completed,home,wallet,1,15.0,423.88,6.0,
O109118,C00325,2026-07-31,delivered,electronics,wallet,1,24.0,214.59,10.0,3.0
O109119,C01091,2025-08-01,delivered,electronics,card,5,12.0,14565.72,15.0,3.0
O109120,C00490,2025-09-17,cancelled,home,card,4,28.0,1381.8,,
O109121,C01700,2026-06-18,completed,electronics,card,5,19.0,11756.78,14.0,3.0
O109122,C01510,2026-01-29,completed,electronics,wallet,5,18.0,3605.6,10.0,3.0
O109123,C01648,2025-12-15,delivered,electronics,card,1,30.0,1203.37,13.0,3.0
O109124,C01657,2026-06-01,delivered,beauty,card,1,22.0,1184.95,7.0,4.0
O109125,C00358,2026-04-25,delivered,clothing,cash,4,23.0,1549.73,4.0,4.0
O109126,C00061,2026-07-31,completed,clothing,cash,1,29.0,871.29,4.0,4.0
O109127,C01254,2026-07-31,completed,home,cash,5,2.0,13077.92,4.0,4.0
O109128,C01228,2026-07-31,delivered,clothing,card,5,7.0,7759.11,19.0,1.0
O109129,C01732,2026-07-31,processing,electronics,cash,3,13.0,4085.67,8.0,
O109130,C01276,2025-11-12,cancelled,electronics,cash,2,0.0,1873.88,,
O109131,C01607,2025-01-01,delivered,electronics,card,5,6.0,2495.12,11.0,5.0
O109132,C00698,2025-07-31,delivered,toys,cash,3,17.0,818.35,19.0,2.0
O109133,C00250,2024-06-26,cancelled,home,card,2,4.0,3875.92,,
O109134,C00076,2026-02-20,cancelled,beauty,card,3,26.0,1030.16,,
O109135,C00872,2025-04-09,completed,beauty,card,2,21.0,732.98,15.0,2.0
O109136,C00004,2025-08-10,completed,electronics,card,4,13.0,2197.01,14.0,2.0
O109137,C01037,2026-07-31,cancelled,home,card,5,22.0,839.15,,
O109138,C00802,2025-05-31,cancelled,clothing,card,1,7.0,402.11,,
O109139,C00516,2025-01-20,delivered,beauty,card,2,15.0,592.33,13.0,2.0
O109140,C01183,2026-04-26,completed,toys,cash,5,23.0,858.49,19.0,1.0
O109141,C01359,2024-10-06,cancelled,clothing,card,5,13.0,991.87,,
O109142,C00080,2025-09-29,completed,home,sbp,4,17.0,2106.77,9.0,3.0
O109143,C00953,2026-06-28,completed,clothing,card,1,11.0,1220.19,9.0,4.0
O109144,C01880,2024-10-24,delivered,beauty,card,1,29.0,499.92,10.0,2.0
O109145,C00596,2026-04-16,delivered,electronics,card,2,29.0,448.02,9.0,3.0
O109146,C01563,2024-10-02,completed,clothing,sbp,1,11.0,317.25,9.0,4.0
O109147,C00674,2024-11-02,delivered,beauty,cash,3,8.0,2119.86,11.0,4.0
O109148,C00544,2025-03-20,delivered,electronics,card,4,9.0,5380.06,20.0,1.0
O109149,C01714,2026-07-31,completed,clothing,card,4,,4630.19,16.0,1.0
O109150,C00713,2026-07-31,completed,home,card,3,16.0,1954.78,4.0,4.0
O109151,C01733,2026-07-31,delivered,home,card,2,29.0,3614.64,7.0,
O109152,C01310,2026-07-31,processing,electronics,card,3,30.0,1056.08,17.0,
O109153,C01625,2026-04-29,cancelled,electronics,sbp,4,17.0,839.77,,
O109154,C01630,2024-05-22,completed,clothing,card,2,18.0,855.67,10.0,4.0
O109155,C01828,2026-07-31,CANCELED,clothing,wallet,1,4.0,1475.2,,
O109156,C01110,2024-08-04,cancelled,toys,card,4,12.0,3766.1,,
O109157,C01905,2025-07-12,completed,beauty,card,4,24.0,5148.75,7.0,4.0
O109158,C00120,2024-08-01,delivered,home,wallet,1,15.0,501.26,15.0,3.0
O109159,C00984,2025-11-26,completed,electronics,card,4,19.0,2420.02,11.0,3.0
O109160,C00794,2026-07-31,delivered,toys,sbp,2,19.0,910.14,3.0,4.0
O109161,C00194,2025-07-20,completed,electronics,card,5,,1355.66,7.0,5.0
O109162,C01747,2026-07-31,completed,toys,card,4,15.0,2224.37,17.0,2.0
O109163,C01601,2024-12-07,completed,toys,sbp,3,18.0,1358.06,17.0,2.0
O109164,C01498,2026-06-12,completed,toys,card,5,2.0,1838.88,15.0,2.0
O109165,C01267,2024-07-22,completed,electronics,card,4,26.0,3516.36,6.0,4.0
O109166,C01204,2026-07-09,completed,electronics,card,2,16.0,1200.47,4.0,5.0
O109167,C00762,2026-04-19,delivered,home,card,4,22.0,6388.3,20.0,1.0
O109168,C01367,2025-01-11,completed,clothing,card,4,18.0,1083.64,11.0,3.0
O109169,C01952,2026-04-29,completed,clothing,cash,5,21.0,1956.77,2.0,5.0
O109170,C00503,2026-07-31,completed,home,card,1,13.0,150.0,18.0,3.0
O109171,C00678,2024-09-15,processing,home,card,5,,1225.44,18.0,
O109172,C00219,2026-01-23,completed,clothing,cash,2,,1792.27,10.0,4.0
O109173,C01816,2024-06-02,delivered,clothing,sbp,3,8.0,3116.09,17.0,2.0
O109174,C01061,2026-07-31,completed,home,wallet,1,6.0,943.2,18.0,2.0
O109175,C01186,2025-03-01,completed,electronics,sbp,1,2.0,1530.61,4.0,5.0
O109176,C00533,2025-01-25,cancelled,home,card,5,14.0,4188.16,,
O109177,C00074,2024-06-17,delivered,beauty,card,4,1.0,2284.56,14.0,2.0
O109178,C01610,2025-01-17,delivered,beauty,cash,3,11.0,2783.43,20.0,1.0
O109179,C01721,2024-04-15,completed,beauty,card,1,5.0,296.57,1.0,5.0
O109180,C00683,2026-07-31,completed,clothing,card,5,15.0,731.95,3.0,5.0
O109181,C01525,2026-05-30,completed,beauty,sbp,1,14.0,398.2,2.0,4.0
O109182,C01145,2025-06-15,completed,clothing,card,1,20.0,437.96,19.0,2.0
O109183,C01285,2025-06-11,processing,beauty,card,2,0.0,1193.45,12.0,
O109184,C00346,2024-12-19,completed,electronics,card,4,5.0,1153.45,6.0,4.0
O109185,C01230,2024-10-21,completed,home,card,2,20.0,675.13,12.0,3.0
O109186,C00323,2025-08-23,completed,electronics,card,3,4.0,3080.36,6.0,4.0
O109187,C00438,2026-07-31,completed,electronics,wallet,1,29.0,206.3,7.0,
O109188,C00714,2026-03-07,completed,clothing,card,4,28.0,2025.6,3.0,5.0
O109189,C00429,2024-02-19,completed,electronics,card,5,13.0,1668.57,18.0,2.0
O109190,C01819,2024-10-09,processing,clothing,card,5,22.0,709.96,13.0,
O109191,C00059,2026-04-01,delivered,beauty,card,5,16.0,1979.67,13.0,3.0
O109192,C01809,2025-03-06,completed,home,card,5,,999999.99,7.0,4.0
O109193,C00309,2025-01-06,completed,home,card,5,29.0,1961.78,13.0,2.0
O109194,C01741,,delivered,beauty,cash,5,28.0,2927.41,18.0,2.0
O109195,C00673,2025-10-02,completed,clothing,card,4,3.0,385.56,13.0,2.0
O109196,C01843,2026-03-23,cancelled,toys,card,2,9.0,2507.72,,
O109197,C01082,2026-07-31,delivered,electronics,cash,1,12.0,6084.04,9.0,4.0
O109198,C00980,2025-08-19,delivered,electronics,card,4,11.0,1032.63,16.0,2.0
O109199,C00262,2025-02-21,delivered,clothing,card,2,30.0,685.69,2.0,4.0
O109200,C00868,2026-07-31,completed,beauty,card,5,24.0,1423.84,16.0,2.0
O109201,C01116,2025-09-16,completed,electronics,card,4,4.0,923.81,12.0,2.0
O109202,C01967,2025-03-01,delivered,clothing,card,2,,5406.35,6.0,4.0
O109203,C00527,2026-07-31,completed,home,card,3,27.0,1284.08,17.0,2.0
O109204,C00166,2026-07-31,completed,beauty,card,2,7.0,1914.72,13.0,3.0
O109205,C00508,2025-07-14,processing,beauty,card,2,12.0,2814.96,19.0,
O109206,C00487,2025-10-01,cancelled,electronics,card,3,19.0,3802.61,,
O109207,C01896,2026-07-31,completed,electronics,cash,3,16.0,4038.87,3.0,5.0
O109208,C00301,2025-08-23,cancelled,home,card,4,23.0,766.24,,
O109209,C01985,2026-07-19,completed,beauty,card,2,25.0,2279.35,15.0,2.0
O109210,C00227,2026-05-10,cancelled,electronics,wallet,2,7.0,806.03,,
O109211,C01623,2026-07-31,completed,home,sbp,1,30.0,2044.29,5.0,3.0
O109212,C00830,2024-02-03,delivered,electronics,card,1,11.0,270.91,14.0,3.0
O109213,C00109,2026-01-03,delivered,electronics,card,3,0.0,633.13,5.0,3.0
O109214,C01228,2026-07-31,completed,clothing,wallet,2,2.0,1052.0,13.0,3.0
O109215,C01458,2025-06-05,processing,beauty,cash,4,10.0,3516.1,2.0,
O109216,C01678,2025-09-20,completed,home,card,4,12.0,500.57,2.0,4.0
O109217,C00357,2024-07-20,processing,clothing,card,5,9.0,1892.54,20.0,
O109218,C01235,2026-07-31,completed,home,sbp,1,12.0,217.69,3.0,5.0
O109219,C01139,2026-07-31,completed,clothing,card,5,14.0,5479.15,15.0,2.0
O109220,C00886,2025-11-07,completed,electronics,card,5,6.0,1664.18,14.0,2.0
O109221,C01788,2025-02-02,completed,beauty,card,3,4.0,3865.23,7.0,4.0
O109222,C00847,2024-06-30,delivered,electronics,card,3,1.0,884.97,1.0,5.0
O109223,C00761,2025-04-05,delivered,toys,card,5,9.0,3336.13,18.0,1.0
O109224,C01051,2026-01-29,cancelled,beauty,sbp,1,19.0,173.34,,
O109225,C01858,2026-02-05,delivered,home,card,5,19.0,2397.16,3.0,4.0
O109226,C01735,2026-07-31,delivered,home,card,4,0.0,871.07,12.0,3.0
O109227,C01417,2026-05-31,completed,beauty,wallet,4,24.0,999999.99,7.0,5.0
O109228,C00162,2026-07-04,delivered,electronics,card,2,24.0,2469.76,13.0,2.0
O109229,C00603,2026-07-21,processing,home,card,5,29.0,3109.57,1.0,
O109230,C00031,2025-04-17,completed,electronics,card,4,12.0,4746.12,5.0,4.0
O109231,C00190,2025-05-31,completed,home,card,5,8.0,1753.0,9.0,3.0
O109232,C01664,2025-07-31,completed,home,card,5,13.0,4265.66,19.0,1.0
O109233,C01631,2025-06-23,completed,electronics,cash,4,30.0,1963.19,6.0,4.0
O109234,C00206,2024-10-24,delivered,electronics,cash,3,15.0,2369.9,4.0,5.0
O109235,C00917,2025-10-25,completed,home,card,2,9.0,1154.47,20.0,1.0
O109236,C00559,2026-07-31,cancelled,toys,card,1,7.0,500.18,,
O109237,C00146,2026-03-01,completed,home,card,1,,150.0,4.0,4.0
O109238,C00763,2026-06-11,completed,clothing,card,3,10.0,936.34,2.0,5.0
O109239,C00207,2025-12-30,completed,toys,wallet,3,23.0,6703.06,4.0,5.0
O109240,C01473,2025-04-23,completed,beauty,card,3,14.0,1431.5,7.0,3.0
O109241,C01934,2026-07-31,cancelled,home,card,3,12.0,887.36,,
O109242,C00846,2024-10-30,processing,clothing,card,2,5.0,1089.25,3.0,
O109243,C00487,2024-11-17,completed,clothing,card,3,30.0,464.82,11.0,3.0
O109244,C01000,2026-01-30,completed,electronics,card,4,9.0,1436.34,18.0,2.0
O109245,C01934,2026-07-31,delivered,beauty,card,5,0.0,3045.65,2.0,5.0
O109246,C00320,2025-12-30,delivered,electronics,card,2,21.0,1557.71,15.0,2.0
O109247,C01363,2025-04-28,delivered,home,sbp,4,24.0,2769.55,16.0,2.0
O109248,C00187,2025-03-24,completed,beauty,card,5,29.0,8807.92,18.0,
O109249,C00601,2026-03-28,delivered,home,card,3,20.0,918.92,9.0,4.0
O109250,C00879,2025-07-21,completed,electronics,wallet,3,5.0,473.3,16.0,2.0
O109251,C00768,2025-05-05,completed,electronics,cash,3,,1181.05,20.0,2.0
O109252,C00358,2026-07-31,processing,home,card,3,2.0,1001.68,14.0,
O109253,C01555,2025-12-27,completed,electronics,card,5,8.0,3043.48,2.0,5.0
O109254,C01347,2026-07-31,completed,electronics,card,1,21.0,416.29,8.0,4.0
O109255,C00871,2025-08-13,completed,clothing,cash,5,13.0,2939.87,9.0,3.0
O109256,C00838,2025-01-08,completed,home,card,2,7.0,1138.36,14.0,3.0
O109257,C00150,2024-09-13,processing,home,cash,2,7.0,2128.03,20.0,
O109258,C01322,2025-03-04,completed,electronics,card,3,19.0,1554.77,2.0,4.0
O109259,C00460,2024-11-28,delivered,home,card,3,28.0,1851.14,9.0,3.0
O109260,C00603,2026-02-12,cancelled,clothing,card,4,9.0,8711.4,,
O109261,,2024-10-04,completed,clothing,cash,1,4.0,150.0,7.0,4.0
O109262,C01285,2025-07-25,completed,beauty,cash,5,6.0,3029.88,19.0,2.0
O109263,C01393,2026-07-31,completed,electronics,card,5,17.0,2385.99,3.0,5.0
O109264,C00530,2026-07-31,completed,clothing,card,1,25.0,543.8,7.0,4.0
O109265,C01003,2026-02-19,completed,electronics,card,3,16.0,2497.14,13.0,4.0
O109266,C00028,2026-07-31,delivered,electronics,card,5,30.0,1342.7,13.0,3.0
O109267,C00491,2026-07-31,completed,home,card,1,16.0,331.48,7.0,5.0
O109268,C01601,2025-04-11,delivered,home,card,2,10.0,1882.65,17.0,
O109269,C00950,2024-12-30,processing,home,sbp,3,4.0,1385.67,12.0,
O109270,C01270,2024-08-27,completed,toys,wallet,5,1.0,1213.84,10.0,2.0
O109271,C01578,2026-07-31,completed,beauty,card,3,15.0,2944.28,19.0,1.0
O109272,C01874,2026-07-31,completed,electronics,sbp,1,15.0,867.76,9.0,3.0
O109273,C00164,2025-05-14,completed,home,card,4,28.0,2370.88,12.0,3.0
O109274,C01163,2026-07-31,completed,home,sbp,3,0.0,2173.59,14.0,3.0
O109275,C01990,2026-07-30,delivered,home,card,3,6.0,2456.01,2.0,4.0
O109276,C00400,2024-10-14,completed,clothing,card,4,6.0,1936.19,4.0,3.0
O109277,C01720,2025-08-07,completed,toys,card,1,2.0,666.24,10.0,3.0
O109278,C01161,2025-07-21,completed,clothing,card,2,3.0,400.75,10.0,3.0
O109279,C00636,2026-01-25,delivered,beauty,cash,1,29.0,440.54,15.0,2.0
O109280,C01567,2026-06-21,completed,clothing,card,5,0.0,5622.07,12.0,3.0
O109281,C01742,2026-03-04,delivered,beauty,sbp,5,28.0,15077.54,12.0,3.0
O109282,C00286,2026-07-31,delivered,clothing,wallet,5,22.0,2867.88,14.0,3.0
O109283,C01364,2025-05-06,completed,electronics,card,2,17.0,504.37,3.0,5.0
O109284,C01873,2026-05-23,delivered,clothing,card,2,4.0,782.71,10.0,3.0
O109285,C01333,2025-08-14,completed,clothing,cash,3,27.0,488.18,9.0,3.0
O109286,C01095,2025-05-13,delivered,electronics,card,1,25.0,889.14,14.0,3.0
O109287,C00280,2025-03-04,completed,home,card,5,30.0,2695.79,11.0,3.0
O109288,C00901,2024-07-24,delivered,beauty,card,1,8.0,241.97,10.0,4.0
O109289,C01812,2025-09-17,delivered,beauty,card,4,5.0,1784.19,8.0,4.0
O109290,C01599,2026-07-31,delivered,clothing,card,1,15.0,913.99,18.0,2.0
O109291,C00901,2024-08-15,delivered,clothing,card,1,6.0,541.27,19.0,2.0
O109292,C00618,2025-05-01,completed,beauty,card,4,3.0,1198.79,15.0,1.0
O109293,C01607,2024-06-18,delivered,toys,sbp,1,16.0,1178.23,20.0,1.0
O109294,C01936,2024-11-16,completed,electronics,sbp,1,,684.16,1.0,5.0
O109295,C00600,2026-01-22,completed,electronics,sbp,2,21.0,563.7,16.0,3.0
O109296,C01622,2024-10-27,completed,electronics,card,3,5.0,1591.45,11.0,3.0
O109297,C00617,2025-01-01,delivered,clothing,sbp,2,25.0,191.53,19.0,1.0
O109298,C01655,2024-09-24,delivered,beauty,cash,1,23.0,640.0,7.0,4.0
O109299,C01930,2026-07-31,cancelled,electronics,card,1,15.0,4863.59,,
O109300,C01327,2025-09-16,delivered,home,card,5,23.0,6222.21,5.0,4.0
O109301,C00994,2025-10-27,delivered,electronics,card,5,0.0,2265.62,7.0,4.0
O109302,C00629,2025-04-07,cancelled,electronics,card,2,30.0,1265.06,,
O109303,C00120,2024-07-09,completed,home,sbp,4,2.0,3203.92,999.0,1.0
O109304,C00105,2026-06-26,delivered,home,card,4,23.0,3374.56,7.0,4.0
O109305,C01672,2025-08-10,completed,electronics,card,2,25.0,943.53,1.0,5.0
O109306,C01323,2025-05-28,completed,clothing,cash,3,18.0,271.57,6.0,5.0
O109307,C00455,2025-11-28,processing,clothing,sbp,1,17.0,391.22,5.0,
O109308,C01105,2025-06-21,completed,toys,card,2,9.0,641.28,6.0,4.0
O109309,C01758,2025-10-05,processing,beauty,card,3,1.0,1432.24,4.0,
O109310,C01296,2025-07-23,cancelled,clothing,sbp,4,19.0,1134.99,,
O109311,C01833,2026-02-21,cancelled,toys,card,2,21.0,1679.54,,
O109312,C00236,2026-07-31,delivered,home,card,1,13.0,2617.11,1.0,5.0
O109313,C00146,2026-07-31,delivered,electronics,wallet,4,19.0,4510.48,4.0,4.0
O109314,C01334,2026-07-29,completed,clothing,sbp,4,10.0,1955.17,2.0,5.0
O109315,C01165,2026-02-11,completed,beauty,card,1,13.0,1734.89,7.0,3.0
O109316,C01377,2026-06-20,cancelled,home,wallet,1,9.0,1098.42,,
O109317,C01964,2026-07-31,completed,toys,card,2,26.0,1850.44,13.0,4.0
O109318,C00218,2024-09-17,delivered,clothing,card,1,22.0,326.45,14.0,2.0
O109319,C01862,2025-02-11,processing,toys,cash,4,9.0,1837.95,18.0,
O109320,C00122,2026-04-14,completed,beauty,card,5,17.0,4118.92,2.0,5.0
O109321,C01051,2026-03-06,cancelled,beauty,card,5,23.0,14483.56,,
O109322,C01664,2026-04-26,completed,toys,card,1,2.0,1629.56,17.0,2.0
O109323,C01361,2024-12-24,completed,clothing,card,2,10.0,1657.36,13.0,3.0
O109324,C00446,2026-02-19,delivered,home,card,2,15.0,1173.52,20.0,2.0
O109325,C01209,2024-11-09,delivered,electronics,cash,3,17.0,2849.28,11.0,2.0
O109326,C01805,2024-07-04,cancelled,beauty,cash,1,6.0,791.3,,
O109327,C00407,2025-12-01,completed,home,sbp,2,30.0,3515.91,13.0,1.0
O109328,C01875,2025-02-21,completed,electronics,wallet,4,6.0,860.04,4.0,5.0
O109329,C01306,2026-02-26,cancelled,clothing,wallet,4,18.0,2121.8,,
O109330,C00174,2026-03-17,delivered,electronics,card,4,7.0,3788.87,8.0,3.0
O109331,C00667,2025-12-18,delivered,clothing,card,3,17.0,4844.48,17.0,2.0
O109332,C01725,2025-09-03,completed,electronics,cash,1,24.0,2463.21,7.0,3.0
O109333,C00676,2026-07-06,processing,toys,wallet,5,17.0,804.97,8.0,
O109334,C01894,2026-04-12,processing,home,sbp,3,12.0,873.27,8.0,
O109335,C00840,2026-07-31,delivered,toys,cash,5,21.0,2445.99,16.0,2.0
O109336,C00686,2026-03-09,completed,electronics,sbp,5,19.0,959.49,4.0,3.0
O109337,C01705,2026-07-31,processing,clothing,card,1,24.0,1961.73,7.0,
O109338,C01572,2025-08-15,cancelled,toys,card,4,17.0,2285.87,,
O109339,C00477,2026-07-31,delivered,home,card,4,24.0,5293.85,20.0,1.0
O109340,C01562,2025-02-13,delivered,electronics,cash,5,17.0,2246.66,3.0,5.0
O109341,C00502,2025-12-12,completed,beauty,card,4,23.0,2870.89,14.0,2.0
O109342,C01792,2026-07-31,completed,electronics,card,1,3.0,173.88,16.0,2.0
O109343,C00015,2026-07-31,delivered,electronics,card,1,10.0,221.91,19.0,2.0
O109344,C01325,2026-05-11,delivered,home,card,2,3.0,450.57,10.0,3.0
O109345,C00311,2026-04-28,delivered,home,card,2,,263.11,9.0,4.0
O109346,C01354,2026-07-04,cancelled,home,sbp,3,9.0,3529.92,,
O109347,C01958,2026-02-06,delivered,electronics,wallet,5,12.0,2558.31,6.0,4.0
O109348,C01336,2026-07-31,cancelled,electronics,card,3,11.0,3618.63,,
O109349,C00868,2026-07-31,completed,clothing,card,2,,943.44,10.0,2.0
O109350,C01647,2025-01-07,processing,clothing,card,4,19.0,5097.98,12.0,
O109351,C00391,2025-12-27,completed,electronics,card,3,,3328.98,3.0,5.0
O109352,C01087,2026-07-31,completed,home,cash,5,20.0,2346.9,12.0,
O109353,C01932,2025-07-15,delivered,beauty,cash,3,16.0,1819.54,5.0,3.0
O109354,C00712,2025-05-21,Processing ,toys,card,4,1.0,2744.07,8.0,
O109355,C00055,2026-01-28,completed,beauty,card,1,11.0,1263.22,8.0,3.0
O109356,C00884,2024-10-19,delivered,electronics,sbp,3,15.0,1512.48,9.0,4.0
O109357,C00969,2026-07-31,completed,clothing,card,3,16.0,2065.48,7.0,4.0
O109358,C01624,2024-06-23,cancelled,toys,wallet,3,27.0,476.59,,
O109359,C01610,2025-01-24,completed,electronics,card,4,2.0,1022.4,1.0,5.0
O109360,C00681,2026-05-20,completed,electronics,card,1,28.0,287.56,12.0,3.0
O109361,C01546,2025-12-15,completed,electronics,card,2,16.0,1563.98,5.0,5.0
O109362,C00287,2024-11-19,delivered,home,card,3,12.0,883.43,7.0,
O109363,C00379,2025-03-13,completed,toys,card,4,16.0,2265.52,13.0,2.0
O109364,C01209,2025-06-11,completed,clothing,card,1,23.0,453.42,2.0,4.0
O109365,C01416,2026-06-24,completed,home,card,4,,2073.04,18.0,3.0
O109366,C01615,2024-02-24,completed,home,card,4,14.0,4140.3,15.0,2.0
O109367,C01245,2026-07-31,delivered,beauty,card,3,26.0,1768.2,4.0,4.0
O109368,C00256,2024-10-06,delivered,electronics,card,4,6.0,1692.29,18.0,1.0
O109369,C01351,2025-01-12,completed,home,card,3,17.0,2140.41,5.0,4.0
O109370,C00859,2026-02-04,completed,toys,card,5,19.0,9409.25,16.0,1.0
O109371,C00533,2024-12-15,cancelled,toys,cash,1,17.0,538.87,,
O109372,C00679,2025-05-22,completed,clothing,card,3,15.0,555.34,12.0,2.0
O109373,C01622,2024-05-26,processing,electronics,sbp,4,21.0,688.19,13.0,
O109374,C00356,2026-07-31,completed,toys,card,1,21.0,393.75,10.0,3.0
O109375,C01119,2026-04-20,processing,toys,sbp,4,30.0,791.52,18.0,
O109376,C00166,2026-07-31,completed,electronics,card,1,26.0,150.0,1.0,5.0
O109377,C01451,2025-08-30,delivered,electronics,wallet,4,22.0,1559.6,3.0,5.0
O109378,C00300,2024-05-03,completed,electronics,card,5,0.0,3340.75,16.0,1.0
O109379,C01880,2024-11-10,processing,home,wallet,2,6.0,2981.7,19.0,
O109380,C01765,2026-05-23,completed,clothing,sbp,1,30.0,485.86,11.0,3.0
O109381,C01711,2025-01-30,delivered,electronics,card,4,,2525.35,6.0,4.0
O109382,C00698,2025-11-28,completed,beauty,card,2,0.0,1488.69,13.0,3.0
O109383,C01565,2025-11-20,delivered,electronics,card,4,4.0,2106.01,6.0,4.0
O109384,C00270,2025-06-23,delivered,toys,card,1,1.0,288.88,6.0,4.0
O109385,C00580,2024-09-18,delivered,clothing,card,4,1.0,11194.48,9.0,2.0
O109386,C00265,2026-07-31,delivered,clothing,card,5,28.0,1117.47,3.0,4.0
O109387,C00109,2025-06-27,cancelled,toys,card,4,25.0,2750.18,,
O109388,C00735,2024-08-19,delivered,electronics,card,2,2.0,528.06,12.0,3.0
O109389,C01150,2026-07-31,completed,electronics,card,4,11.0,2157.29,3.0,5.0
O109390,C01725,2026-03-01,completed,clothing,card,2,29.0,1367.49,2.0,5.0
O109391,C00070,2025-06-09,delivered,home,card,3,8.0,1257.6,13.0,3.0
O109392,C00814,2024-09-29,completed,clothing,card,4,24.0,746.57,1.0,4.0
O109393,C01429,2025-02-26,delivered,toys,card,5,15.0,1865.97,17.0,3.0
O109394,C00404,2026-07-16,completed,toys,sbp,3,17.0,3633.23,15.0,2.0
O109395,C01474,2024-12-14,processing,electronics,cash,5,6.0,740.8,19.0,
O109396,C01141,2026-07-31,delivered,electronics,wallet,3,8.0,5449.76,11.0,3.0
O109397,C01126,2026-07-28,delivered,home,card,5,1.0,2658.01,16.0,3.0
O109398,C00250,2024-08-15,cancelled,toys,card,1,3.0,872.89,,
O109399,C00337,2026-07-31,cancelled,electronics,card,1,20.0,212.05,,
O109400,C01755,2025-09-22,completed,clothing,card,2,30.0,874.73,9.0,4.0
O109401,C01752,2026-07-31,completed,electronics,wallet,2,6.0,578.44,17.0,2.0
O109402,C00906,2026-06-09,delivered,toys,card,2,24.0,1248.14,3.0,5.0
O109403,C01192,2024-11-01,completed,electronics,wallet,4,0.0,822.87,16.0,2.0
O109404,C01084,2025-10-27,completed,home,wallet,5,13.0,1499.69,15.0,2.0
O109405,C01030,2025-02-13,completed,electronics,card,1,22.0,2575.95,19.0,2.0
O109406,C01425,2025-01-13,completed,home,card,2,10.0,1653.53,9.0,
O109407,C01136,2024-11-30,completed,clothing,card,5,29.0,3338.5,4.0,4.0
O109408,C00251,2025-01-15,completed,home,cash,2,2.0,1318.28,8.0,3.0
O109409,C00166,2026-07-31,completed,electronics,card,4,3.0,6330.96,11.0,3.0
O109410,C01701,2025-03-25,delivered,electronics,card,1,15.0,445.31,14.0,3.0
O109411,C01481,2024-06-03,completed,electronics,wallet,5,14.0,5211.42,8.0,4.0
O109412,C00398,2025-03-14,completed,beauty,sbp,3,1.0,223.76,10.0,4.0
O109413,C00122,2025-09-27,cancelled,home,wallet,5,6.0,2238.39,,
O109414,C00439,2024-07-16,delivered,electronics,card,1,21.0,384.82,7.0,3.0
O109415,C01157,2025-03-25,cancelled,clothing,sbp,3,1.0,971.8,,
O109416,C01168,2025-12-25,processing,clothing,cash,5,14.0,4451.23,15.0,
O109417,C00339,2024-08-25,delivered,electronics,card,1,12.0,442.47,1.0,4.0
O109418,C00353,2025-09-23,cancelled,beauty,card,5,1.0,2166.37,,
O109419,C00416,2026-07-31,completed,clothing,card,4,24.0,1052.56,7.0,4.0
O109420,C00887,2025-01-03,delivered,home,card,3,4.0,1078.93,19.0,1.0
O109421,C00467,2025-03-29,delivered,home,cash,5,9.0,494.68,15.0,3.0
O109422,C00913,2025-01-05,delivered,toys,sbp,5,8.0,1914.16,13.0,3.0
O109423,C00029,2025-06-25,completed,home,wallet,1,2.0,158.84,13.0,3.0
O109424,C01873,2026-02-13,processing,electronics,card,1,20.0,1695.49,12.0,
O109425,C01784,2026-06-26,completed,electronics,cash,2,18.0,1772.4,6.0,5.0
O109426,C00678,2024-06-17,cancelled,clothing,card,3,7.0,3068.68,,
O109427,,2025-07-25,processing,electronics,card,4,26.0,685.14,12.0,
O109428,C01071,2026-07-31,cancelled,clothing,sbp,1,,963.4,,
O109429,C00063,2025-03-03,completed,toys,wallet,2,10.0,577.89,11.0,3.0
O109430,C00570,2025-12-17,completed,electronics,wallet,2,2.0,1229.77,12.0,3.0
O109431,C00114,2025-09-06,delivered,home,card,3,13.0,1273.17,7.0,3.0
O109432,C01416,2026-03-20,delivered,electronics,cash,3,5.0,490.64,7.0,4.0
O109433,C01566,2025-05-15,completed,electronics,card,3,5.0,644.56,1.0,5.0
O109434,C01235,2026-01-09,delivered,electronics,cash,4,30.0,3340.03,20.0,1.0
O109435,C00014,2026-07-02,processing,electronics,card,4,30.0,3256.06,11.0,
O109436,C00473,2025-11-18,completed,electronics,card,5,1.0,821.82,5.0,3.0
O109437,C00938,2025-03-17,completed,toys,wallet,5,29.0,6116.76,1.0,5.0
O109438,C00290,2025-03-14,delivered,home,card,5,10.0,1815.53,12.0,3.0
O109439,C00215,2026-06-30,delivered,electronics,sbp,5,24.0,883.39,15.0,3.0
O109440,C00609,2026-07-31,processing,electronics,card,2,3.0,635.12,1.0,
O109441,C01184,2025-03-01,delivered,toys,sbp,4,,666.43,5.0,4.0
O109442,C00178,2025-03-27,completed,electronics,wallet,4,16.0,1103.2,13.0,3.0
O109443,C01997,2025-12-22,delivered,electronics,card,4,9.0,1344.38,7.0,4.0
O109444,C00919,2025-05-09,cancelled,beauty,card,5,10.0,3722.45,,
O109445,C00345,2026-07-31,completed,home,sbp,4,6.0,3776.08,3.0,4.0
O109446,C00041,2024-09-29,completed,electronics,card,3,10.0,3460.08,13.0,2.0
O109447,C01914,2026-02-20,delivered,home,card,2,3.0,1848.43,12.0,3.0
O109448,C01190,2024-05-23,completed,clothing,card,3,11.0,322.45,20.0,2.0
O109449,C01731,2026-07-31,processing,home,card,3,13.0,465.31,3.0,
O109450,C01554,2026-03-07,completed,electronics,card,4,4.0,4743.83,17.0,2.0
O109451,C01972,2026-07-31,completed,beauty,card,1,12.0,339.37,9.0,3.0
O109452,C01780,2025-11-02,processing,home,card,1,22.0,441.04,19.0,
O109453,C01533,2026-05-03,completed,electronics,wallet,4,29.0,3269.38,14.0,2.0
O109454,C01703,2026-05-14,completed,home,card,4,5.0,5533.88,13.0,3.0
O109455,C01714,2026-07-31,completed,clothing,card,4,22.0,2870.76,20.0,2.0
O109456,C00510,2024-12-11,processing,toys,sbp,3,19.0,743.01,15.0,
O109457,C01190,2024-06-17,processing,electronics,sbp,5,2.0,928.12,11.0,
O109458,C01972,2026-07-31,completed,clothing,card,2,5.0,418.54,7.0,4.0
O109459,C01735,2026-05-19,delivered,beauty,card,3,1.0,3937.32,5.0,3.0
O109460,C00211,2025-03-04,delivered,electronics,card,5,8.0,4904.22,5.0,
O109461,C00224,2024-08-03,completed,clothing,wallet,5,29.0,2556.13,14.0,3.0
O109462,C00401,2026-07-31,completed,beauty,sbp,1,11.0,157.56,5.0,4.0
O109463,C01484,2024-08-26,cancelled,home,card,1,24.0,1005.8,,
O109464,C00788,2026-05-25,completed,clothing,card,5,18.0,2866.59,14.0,3.0
O109465,C01258,2025-09-10,delivered,clothing,cash,3,1.0,800.56,6.0,4.0
O109466,C00280,2024-08-31,completed,home,sbp,4,4.0,1887.34,17.0,2.0
O109467,C00120,2024-07-31,delivered,beauty,card,1,26.0,739.22,13.0,1.0
O109468,,2024-09-28,completed,home,wallet,1,16.0,345.01,1.0,5.0
O109469,C00584,2024-12-02,completed,home,sbp,4,15.0,860.34,2.0,
O109470,C00087,2024-11-29,completed,beauty,card,1,12.0,573.11,14.0,2.0
O109471,C00433,2026-07-31,processing,clothing,card,4,23.0,2411.25,8.0,
O109472,C00647,2025-09-23,completed,clothing,card,4,6.0,433.27,5.0,4.0
O109473,C00811,2024-03-29,completed,home,sbp,5,18.0,2325.82,8.0,4.0
O109474,C01794,2025-03-17,completed,clothing,card,1,16.0,251.14,3.0,5.0
O109475,C00397,2024-10-25,completed,clothing,sbp,2,21.0,1443.0,4.0,4.0
O109476,C01209,2025-03-15,cancelled,electronics,sbp,1,30.0,150.0,,
O109477,C00550,2026-06-03,completed,home,cash,3,10.0,533.58,13.0,3.0
O109478,C00997,2025-08-23,delivered,home,card,3,28.0,226.78,20.0,1.0
O109479,C00593,2025-02-09,delivered,beauty,card,1,,686.73,16.0,2.0
O109480,C00689,2025-06-28,cancelled,electronics,card,5,6.0,742.76,,
O109481,C01200,2026-07-17,cancelled,beauty,card,3,6.0,511.64,,
O109482,C01180,2024-03-28,completed,electronics,cash,2,25.0,916.19,17.0,2.0
O109483,C00270,2025-10-03,cancelled,home,card,4,12.0,1735.08,,
O109484,C00314,2025-05-19,cancelled,home,card,3,19.0,2460.55,,
O109485,C00483,2024-09-06,processing,clothing,cash,4,2.0,3556.06,8.0,
O109486,C01799,2025-09-15,processing,toys,card,4,24.0,4868.14,6.0,
O109487,C00635,2024-06-25,delivered,clothing,wallet,5,20.0,8965.57,12.0,2.0
O109488,C01156,2025-12-28,completed,electronics,cash,3,6.0,3404.12,2.0,4.0
O109489,C00899,2024-06-30,completed,clothing,card,2,1.0,1285.89,16.0,1.0
O109490,C00709,2025-05-18,cancelled,clothing,sbp,2,16.0,1172.67,,
O109491,C00077,2025-04-27,processing,home,card,5,9.0,4034.95,3.0,
O109492,C00883,2025-06-13,completed,clothing,card,3,18.0,293.51,15.0,2.0
O109493,C01999,2024-10-10,delivered,electronics,card,3,3.0,1306.19,1.0,5.0
O109494,C01882,2025-03-11,completed,clothing,card,3,22.0,342.65,8.0,4.0
O109495,C00601,2026-02-07,completed,home,sbp,3,20.0,821.13,15.0,2.0
O109496,,2026-07-31,completed,clothing,wallet,1,29.0,151.3,7.0,4.0
O109497,C00575,2024-11-30,completed,beauty,sbp,4,14.0,2690.28,7.0,4.0
O109498,C01843,2026-07-31,delivered,electronics,card,1,14.0,797.03,20.0,1.0
O109499,C01110,2024-11-26,completed,home,card,3,11.0,3910.78,11.0,2.0
O109500,C01841,2025-09-15,delivered,toys,card,4,19.0,909.03,8.0,4.0
O109501,C01709,2025-04-12,delivered,clothing,card,5,14.0,1455.68,14.0,3.0
O109502,C00656,2026-02-13,cancelled,clothing,wallet,1,24.0,1171.71,,
O109503,C00914,2026-07-31,completed,toys,card,5,4.0,1635.69,20.0,1.0
O109504,C01139,2026-05-11,completed,electronics,card,4,4.0,1109.16,6.0,5.0
O109505,C00498,2025-08-30,delivered,home,cash,4,27.0,3485.47,16.0,3.0
O109506,C01664,2026-05-06,delivered,clothing,cash,3,30.0,2238.37,10.0,2.0
O109507,C01132,2026-03-02,completed,electronics,wallet,5,10.0,5298.28,7.0,3.0
O109508,C00415,2024-04-08,delivered,beauty,wallet,1,20.0,724.78,8.0,2.0
O109509,C00966,2025-11-13,processing,electronics,card,3,20.0,1078.47,4.0,
O109510,C01644,2025-07-01,completed,beauty,wallet,5,16.0,7397.11,16.0,2.0
O109511,C00847,2024-09-10,completed,clothing,wallet,3,29.0,2996.53,11.0,4.0
O109512,C01421,2026-07-31,processing,electronics,sbp,5,28.0,2430.18,15.0,
O109513,C01968,2025-04-08,cancelled,electronics,wallet,3,,3003.72,,
O109514,C00671,2026-07-31,Completed,beauty,card,4,14.0,1950.05,18.0,2.0
O109515,C01992,2025-08-27,cancelled,clothing,card,4,20.0,938.64,,
O109516,C00829,2026-06-22,CANCELED,electronics,sbp,4,26.0,2153.48,,
O109517,C01124,2025-01-29,cancelled,electronics,card,3,0.0,6902.66,,
O109518,C01546,2026-05-08,delivered,home,wallet,4,13.0,4534.48,20.0,2.0
O109519,C00137,2025-08-15,delivered,electronics,card,2,29.0,1374.57,20.0,2.0
O109520,C01403,2025-04-24,processing,toys,card,1,14.0,240.49,13.0,
O109521,C01134,2026-03-03,cancelled,electronics,sbp,1,10.0,191.29,,
O109522,C01311,2025-11-06,completed,electronics,card,4,2.0,1620.96,4.0,4.0
O109523,C01905,2025-08-13,delivered,clothing,card,3,9.0,909.26,20.0,3.0
O109524,C00971,2025-08-31,cancelled,electronics,sbp,2,18.0,999.58,,
O109525,C01852,2024-11-19,delivered,beauty,card,3,9.0,1667.9,4.0,4.0
O109526,C01136,2024-10-21,completed,toys,sbp,5,6.0,789.49,1.0,
O109527,C00432,2026-04-08,completed,home,wallet,5,30.0,1260.25,12.0,3.0
O109528,C01306,2026-03-06,processing,beauty,card,3,1.0,1113.17,3.0,
O109529,C00381,2024-03-03,completed,beauty,cash,3,9.0,2095.67,2.0,
O109530,C01799,2026-01-18,delivered,electronics,card,4,17.0,2879.05,5.0,4.0
O109531,C00305,2025-07-10,delivered,electronics,sbp,4,28.0,862.28,15.0,2.0
O109532,C00998,2024-12-08,completed,home,card,1,22.0,184.97,13.0,3.0
O109533,C01640,2025-06-09,completed,toys,card,2,27.0,462.16,6.0,4.0
O109534,C00019,2026-07-02,completed,beauty,sbp,3,13.0,2795.65,19.0,
O109535,C00981,2025-07-15,completed,home,card,5,26.0,1686.49,20.0,2.0
O109536,C01013,2025-04-17,cancelled,electronics,sbp,1,9.0,536.53,,
O109537,C00677,2025-09-25,completed,beauty,card,4,4.0,2751.63,1.0,5.0
O109538,C01346,2026-07-31,completed,home,wallet,3,27.0,3946.86,20.0,1.0
O109539,C00650,2026-07-31,delivered,toys,cash,3,20.0,556.79,12.0,3.0
O109540,C00749,2025-04-30,cancelled,home,cash,3,2.0,3900.67,,
O109541,C00551,2026-06-24,completed,electronics,card,1,11.0,782.39,15.0,2.0
O109542,C01249,2025-04-03,completed,home,cash,4,5.0,7483.1,18.0,1.0
O109543,C01766,2026-07-31,delivered,clothing,card,3,14.0,4549.48,9.0,3.0
O109544,C00356,2026-07-31,delivered,clothing,cash,2,20.0,1075.86,10.0,3.0
O109545,C00820,2026-07-31,delivered,home,sbp,1,4.0,270.79,20.0,2.0
O109546,C00452,2026-05-29,completed,beauty,cash,1,28.0,836.11,14.0,2.0
O109547,C00489,2026-02-07,cancelled,beauty,card,2,30.0,402.46,,
O109548,C01944,2024-09-13,delivered,electronics,sbp,4,20.0,2343.23,9.0,3.0
O109549,C01421,2026-07-31,cancelled,electronics,cash,2,,543.54,,
O109550,C01889,2024-08-18,processing,clothing,sbp,1,6.0,406.27,20.0,
O109551,C01271,2025-04-27,delivered,home,wallet,5,26.0,430.11,14.0,2.0
O109552,C01334,2026-07-31,completed,home,card,5,13.0,2303.48,11.0,3.0
O109553,C01431,2025-05-27,delivered,clothing,card,4,1.0,2169.74,11.0,4.0
O109554,C01307,2024-09-15,delivered,clothing,card,4,12.0,1287.12,20.0,1.0
O109555,C01644,2025-09-19,completed,beauty,cash,4,24.0,1842.43,13.0,2.0
O109556,C00653,2025-03-03,completed,electronics,card,4,19.0,828.11,4.0,3.0
O109557,C00203,2025-11-03,completed,home,cash,5,24.0,4596.62,12.0,3.0
O109558,C00978,2026-03-28,processing,beauty,card,5,20.0,2513.32,1.0,
O109559,C00004,2025-03-15,cancelled,electronics,cash,2,8.0,5907.23,,
O109560,C00095,2026-05-20,delivered,electronics,card,2,17.0,1245.08,15.0,
O109561,C00102,2024-08-17,cancelled,home,card,1,17.0,669.12,,
O109562,C00155,2025-08-24,delivered,electronics,card,3,30.0,1015.51,16.0,2.0
O109563,C01414,2026-07-20,cancelled,clothing,cash,3,9.0,3836.64,,
O109564,C01196,2025-09-27,completed,toys,card,4,10.0,1399.11,2.0,4.0
O109565,C01869,2024-07-10,completed,electronics,cash,4,6.0,7857.85,2.0,5.0
O109566,C00580,2024-04-20,delivered,toys,card,3,11.0,5758.44,11.0,2.0
O109567,C00663,2024-09-12,cancelled,electronics,cash,1,19.0,327.07,,
O109568,C00981,2026-01-15,cancelled,clothing,card,4,13.0,1579.3,,
O109569,C01563,2024-08-23,processing,electronics,card,1,22.0,275.76,20.0,
O109570,C01862,2024-10-28,cancelled,home,sbp,5,1.0,845.57,,
O109571,C01459,2025-05-12,completed,toys,wallet,1,22.0,623.28,20.0,2.0
O109572,C01015,2026-03-12,completed,clothing,card,3,27.0,1483.62,16.0,3.0
O109573,C01957,2026-03-03,completed,toys,card,2,25.0,1672.66,8.0,3.0
O109574,C00363,2025-02-13,delivered,home,sbp,5,14.0,2366.86,15.0,2.0
O109575,C00942,2025-07-13,delivered,toys,wallet,1,22.0,990.1,14.0,3.0
O109576,C00494,2026-04-25,completed,home,card,4,24.0,1897.01,13.0,3.0
O109577,C00333,2025-08-11,delivered,home,sbp,5,11.0,2107.91,2.0,5.0
O109578,C00794,2026-07-31,cancelled,toys,card,4,11.0,2113.58,,
O109579,C01531,2024-08-14,completed,home,card,2,30.0,1809.93,15.0,3.0
O109580,C00640,2026-07-31,delivered,beauty,card,2,25.0,733.23,8.0,4.0
O109581,C01638,2025-08-18,completed,electronics,cash,2,29.0,2038.11,10.0,3.0
O109582,C01222,2025-07-21,delivered,electronics,card,2,26.0,546.46,14.0,2.0
O109583,C01415,2025-11-01,delivered,home,cash,3,14.0,1149.78,10.0,4.0
O109584,C00487,2025-08-22,completed,electronics,card,5,12.0,554.04,8.0,3.0
O109585,C01727,2026-07-31,delivered,clothing,card,5,30.0,1875.1,3.0,5.0
O109586,C00408,2024-12-11,delivered,beauty,card,5,15.0,1004.2,20.0,2.0
O109587,C00743,2026-06-12,completed,home,card,3,30.0,2303.02,8.0,4.0
O109588,C01567,2026-07-31,cancelled,toys,card,3,19.0,2221.24,,
O109589,C01381,2026-07-31,cancelled,clothing,cash,3,23.0,3912.72,,
O109590,C00599,2026-04-18,delivered,electronics,card,3,22.0,5585.22,7.0,3.0
O109591,C00528,2024-09-03,completed,electronics,sbp,1,25.0,432.57,1.0,5.0
O109592,C00867,2026-06-07,completed,toys,sbp,2,4.0,546.13,2.0,5.0
O109593,C00893,2026-03-11,completed,clothing,card,3,3.0,2151.51,9.0,4.0
O109594,C00119,2025-01-17,completed,toys,sbp,2,,722.5,7.0,
O109595,C00485,2025-05-28,delivered,clothing,card,1,8.0,303.73,3.0,4.0
O109596,C00310,2025-02-07,processing,electronics,card,2,15.0,972.1,5.0,
O109597,C00310,2024-11-29,completed,beauty,cash,5,3.0,1538.51,4.0,4.0
O109598,C00708,2026-03-13,delivered,home,wallet,5,16.0,12797.94,16.0,3.0
O109599,C00072,2024-10-18,delivered,clothing,card,1,4.0,399.02,7.0,3.0
O109600,C01355,2025-04-30,delivered,clothing,card,2,22.0,961.61,7.0,5.0
O109601,C01343,2025-03-31,cancelled,clothing,sbp,5,24.0,4707.9,,
O109602,C00441,2026-07-31,completed,beauty,card,3,30.0,8523.61,4.0,4.0
O109603,C01751,2026-07-07,delivered,electronics,sbp,2,6.0,822.83,5.0,4.0
O109604,C01188,2026-01-20,completed,electronics,card,4,2.0,440.84,5.0,4.0
O109605,C00629,2025-12-25,completed,electronics,wallet,4,11.0,1853.9,20.0,2.0
O109606,C00389,2026-03-24,delivered,clothing,card,4,22.0,503.48,13.0,2.0
O109607,C00859,2026-03-21,completed,beauty,wallet,2,13.0,652.06,19.0,2.0
O109608,C01921,2025-02-08,completed,home,sbp,4,6.0,6530.94,18.0,2.0
O109609,C00008,2026-07-31,completed,toys,wallet,2,2.0,519.06,5.0,3.0
O109610,C00041,2025-02-19,completed,home,card,2,5.0,426.81,1.0,5.0
O109611,C00826,2025-03-20,completed,clothing,card,5,26.0,4895.01,9.0,3.0
O109612,C01839,2024-10-08,completed,home,card,2,25.0,827.73,8.0,3.0
O109613,C00563,2026-01-08,completed,beauty,sbp,1,26.0,1297.15,13.0,3.0
O109614,C01495,2025-05-28,delivered,electronics,card,3,15.0,1182.31,4.0,4.0
O109615,C01149,2025-10-27,delivered,clothing,card,4,,3302.58,4.0,4.0
O109616,C00399,2025-03-06,processing,clothing,card,4,20.0,573.81,5.0,
O109617,C01818,2025-02-05,processing,toys,cash,2,18.0,466.5,13.0,
O109618,C00327,2025-02-01,cancelled,electronics,cash,5,19.0,2125.18,,
O109619,C01013,2025-06-19,delivered,electronics,card,4,18.0,1426.81,9.0,3.0
O109620,C01326,2024-09-29,completed,home,cash,3,,10906.54,6.0,4.0
O109621,C01352,2025-08-13,completed,home,card,4,19.0,4442.72,1.0,5.0
O109622,C01709,2024-10-21,processing,clothing,wallet,4,29.0,4349.43,4.0,
O109623,C01411,2025-01-10,processing,clothing,sbp,3,8.0,1289.49,6.0,
O109624,C01315,2026-07-31,delivered,home,card,5,7.0,808.38,17.0,1.0
O109625,C00305,2026-02-25,delivered,clothing,card,2,5.0,3758.42,4.0,4.0
O109626,C00614,2025-03-25,completed,clothing,card,1,19.0,150.0,12.0,3.0
O109627,C00694,2026-07-31,completed,electronics,sbp,3,2.0,951.88,17.0,3.0
O109628,C00743,2026-07-25,delivered,beauty,wallet,2,18.0,1559.1,20.0,2.0
O109629,C00227,2026-03-19,completed,clothing,card,5,22.0,19854.4,10.0,4.0
O109630,C00191,2026-04-07,delivered,home,card,1,9.0,1983.0,1.0,5.0
O109631,C00882,2026-06-12,cancelled,clothing,card,4,15.0,3244.25,,
O109632,C01446,2024-06-23,cancelled,electronics,card,5,7.0,13748.89,,
O109633,C01775,2026-07-31,cancelled,home,wallet,5,18.0,1659.74,,
O109634,C01881,2025-09-28,completed,clothing,wallet,2,5.0,1413.48,20.0,1.0
O109635,C00962,2025-07-01,Completed,electronics,card,5,17.0,7916.45,9.0,4.0
O109636,C01797,2026-07-31,delivered,toys,card,3,17.0,481.36,9.0,4.0
O109637,C00913,2024-12-25,delivered,beauty,card,1,20.0,665.77,9.0,3.0
O109638,C00947,2026-07-31,processing,home,card,3,27.0,2105.87,6.0,
O109639,C00419,2025-06-25,completed,home,sbp,4,21.0,2737.87,5.0,5.0
O109640,C01256,2024-11-16,completed,home,cash,4,8.0,855.4,19.0,1.0
O109641,C00621,2025-02-15,completed,clothing,cash,2,6.0,1396.94,13.0,3.0
O109642,C00971,2025-08-20,delivered,electronics,card,2,13.0,1247.3,18.0,2.0
O109643,C01874,2026-07-31,completed,home,cash,4,21.0,1269.79,17.0,2.0
O109644,C01093,2026-05-28,completed,home,cash,1,12.0,919.73,18.0,
O109645,C00606,2025-10-18,completed,clothing,cash,5,8.0,7258.57,10.0,4.0
O109646,C01341,2025-09-23,completed,beauty,cash,2,21.0,561.49,6.0,4.0
O109647,C01463,2024-08-14,delivered,clothing,sbp,3,0.0,2196.8,3.0,4.0
O109648,C01214,2026-04-29,completed,clothing,card,3,,4461.6,17.0,2.0
O109649,C00085,2025-09-16,cancelled,clothing,card,2,,3018.72,,
O109650,,2026-03-27,delivered,home,card,3,2.0,1305.98,17.0,3.0
O109651,C00257,2026-06-09,completed,electronics,cash,4,23.0,4647.11,7.0,4.0
O109652,C01912,2026-07-29,completed,clothing,card,2,17.0,811.46,3.0,5.0
O109653,C00623,2025-04-05,completed,home,card,5,23.0,4738.75,18.0,1.0
O109654,C00949,2026-07-31,completed,home,card,1,23.0,272.81,8.0,3.0
O109655,C01803,2025-10-30,delivered,clothing,wallet,3,11.0,437.58,13.0,2.0
O109656,C01983,2024-11-08,processing,home,card,1,25.0,754.62,9.0,
O109657,C00439,2025-02-24,completed,toys,card,2,23.0,1991.99,19.0,1.0
O109658,C01719,2025-11-11,completed,clothing,card,5,21.0,4334.83,4.0,5.0
O109659,C01454,2024-11-13,cancelled,home,card,3,8.0,768.75,,
O109660,C01229,2025-02-09,delivered,electronics,sbp,1,6.0,150.0,16.0,2.0
O109661,C00336,2026-03-06,completed,clothing,sbp,4,9.0,3964.48,18.0,1.0
O109662,C01383,2025-05-14,delivered,electronics,sbp,2,9.0,3165.63,12.0,3.0
O109663,C01226,2026-06-27,completed,toys,card,1,11.0,150.0,16.0,2.0
O109664,C00893,2025-06-21,completed,electronics,wallet,1,23.0,385.92,13.0,2.0
O109665,C01174,2025-02-28,processing,toys,card,3,22.0,698.88,19.0,
O109666,C00422,2026-02-07,delivered,clothing,cash,1,10.0,599.98,20.0,1.0
O109667,C01244,2025-05-20,completed,clothing,card,4,7.0,5742.64,5.0,3.0
O109668,C00307,2025-09-24,processing,clothing,card,4,22.0,1635.86,7.0,
O109669,C00573,2025-08-22,completed,electronics,card,5,2.0,1643.3,19.0,2.0
O109670,C00990,2026-03-12,completed,electronics,card,5,17.0,3368.51,6.0,3.0
O109671,C00325,2026-07-31,processing,clothing,sbp,5,8.0,450.44,14.0,
O109672,C01828,2026-07-31,delivered,home,cash,2,18.0,1926.32,20.0,2.0
O109673,C01773,2025-09-15,cancelled,home,wallet,2,14.0,2296.97,,
O109674,C00949,2026-07-31,completed,toys,cash,4,2.0,1978.39,14.0,2.0
O109675,C01139,2026-04-16,completed,electronics,card,3,9.0,1039.81,4.0,5.0
O109676,C00584,2025-01-21,processing,beauty,card,4,15.0,1573.46,5.0,
O109677,C00425,2025-10-10,completed,electronics,cash,5,22.0,1973.43,5.0,5.0
O109678,C01923,2026-03-18,cancelled,clothing,card,4,28.0,1882.39,,
O109679,C00827,2026-02-20,cancelled,electronics,card,3,2.0,424.22,,
O109680,C01908,2025-03-25,completed,toys,card,5,21.0,3430.86,17.0,2.0
O109681,C00135,2026-07-09,cancelled,clothing,cash,3,20.0,1101.92,,
O109682,C00214,2025-03-21,processing,clothing,cash,1,0.0,500.94,16.0,
O109683,C00951,2025-01-02,cancelled,clothing,card,1,9.0,310.32,,
O109684,C01564,2026-07-31,completed,clothing,sbp,1,4.0,668.25,15.0,2.0
O109685,C00848,2024-05-13,delivered,electronics,wallet,1,5.0,1427.24,6.0,4.0
O109686,C01680,2026-02-05,completed,home,sbp,3,10.0,1746.81,5.0,
O109687,C00266,2026-05-01,completed,home,card,3,7.0,399.08,10.0,3.0
O109688,C01713,2026-07-31,processing,electronics,sbp,3,18.0,1483.36,4.0,
O109689,C00889,2024-10-02,processing,electronics,card,2,6.0,1165.59,11.0,
O109690,C00571,2026-07-31,completed,electronics,card,2,4.0,943.31,15.0,2.0
O109691,C01280,2026-07-31,delivered,clothing,cash,3,26.0,800.97,6.0,5.0
O109692,C01558,2026-07-31,processing,electronics,wallet,5,16.0,2375.23,5.0,
O109693,C01857,2025-03-03,delivered,electronics,card,4,9.0,3864.39,3.0,4.0
O109694,C00176,2026-02-04,completed,electronics,card,1,25.0,388.88,11.0,3.0
O109695,C01407,2024-12-14,completed,clothing,card,2,25.0,2972.19,4.0,4.0
O109696,C00630,2025-05-11,delivered,home,card,5,0.0,1464.39,19.0,2.0
O109697,C01005,2024-05-22,processing,home,sbp,5,8.0,1079.82,7.0,
O109698,C00924,2024-10-22,completed,electronics,card,3,16.0,1228.07,16.0,1.0
O109699,C01541,2025-10-31,completed,clothing,card,2,0.0,193.8,9.0,3.0
O109700,C00797,2026-07-31,cancelled,home,wallet,5,20.0,2446.88,,
O109701,C00560,2026-04-10,cancelled,clothing,sbp,5,0.0,1889.14,,
O109702,C00975,2025-04-02,processing,toys,wallet,2,30.0,1707.52,5.0,
O109703,C01338,2025-09-26,cancelled,home,card,1,11.0,150.0,,
O109704,C01693,2025-09-15,delivered,home,wallet,3,16.0,2726.67,11.0,3.0
O109705,C00011,2026-04-10,processing,clothing,card,4,26.0,2230.11,11.0,
O109706,C01138,2025-10-26,delivered,clothing,card,4,17.0,7005.96,14.0,
O109707,C00146,2026-02-27,delivered,electronics,card,5,18.0,2150.56,10.0,3.0
O109708,C01240,2024-03-01,completed,electronics,wallet,3,,1942.2,16.0,2.0
O109709,C01249,2025-07-14,delivered,beauty,card,5,21.0,4093.01,12.0,3.0
O109710,C01711,2025-04-10,completed,toys,wallet,5,12.0,484.16,19.0,2.0
O109711,C00386,2024-07-25,cancelled,toys,wallet,1,,1198.34,,
O109712,C01590,2024-06-23,completed,clothing,wallet,3,20.0,1333.26,14.0,3.0
O109713,C01378,2026-03-20,completed,toys,card,1,8.0,178.25,18.0,2.0
O109714,C01331,2026-02-04,processing,home,card,1,0.0,463.92,2.0,
O109715,C01274,2025-12-03,cancelled,clothing,card,1,19.0,1257.52,,
O109716,C01100,2025-03-03,cancelled,toys,card,4,20.0,1498.73,,
O109717,C00128,2026-07-31,delivered,toys,card,5,17.0,2677.7,9.0,4.0
O109718,C01627,2026-04-12,completed,clothing,cash,3,9.0,298.16,11.0,3.0
O109719,C00785,2026-02-01,completed,beauty,sbp,5,1.0,1242.63,18.0,1.0
O109720,C00209,2025-08-17,cancelled,beauty,wallet,4,5.0,3472.16,,
O109721,C01227,2024-04-21,cancelled,home,card,1,17.0,1149.27,,
O109722,C01895,2025-02-06,completed,clothing,card,2,0.0,1166.68,17.0,2.0
O109723,C01427,2025-12-11,completed,electronics,card,4,19.0,3144.27,15.0,1.0
O109724,C00492,2026-07-31,completed,toys,wallet,4,5.0,1430.76,19.0,1.0
O109725,C01633,2024-09-03,delivered,electronics,card,4,11.0,2003.46,17.0,2.0
O109726,C01694,2025-12-20,completed,electronics,card,4,30.0,843.69,8.0,3.0
O109727,C00661,2024-12-17,completed,clothing,card,4,10.0,1331.03,20.0,2.0
O109728,C01046,2024-08-09,completed,clothing,sbp,5,12.0,2408.54,19.0,1.0
O109729,C01674,2025-12-23,delivered,electronics,card,3,24.0,423.21,1.0,5.0
O109730,C00315,2025-03-12,delivered,electronics,wallet,2,2.0,6691.58,20.0,2.0
O109731,C00709,2026-01-06,completed,beauty,wallet,1,11.0,280.45,20.0,2.0
O109732,C00913,2025-08-25,completed,clothing,sbp,2,15.0,1166.02,17.0,3.0
O109733,C00014,2026-07-31,completed,toys,card,3,8.0,543.62,19.0,1.0
O109734,C00335,2025-03-10,delivered,beauty,wallet,3,30.0,150.0,17.0,2.0
O109735,C01221,2026-01-09,completed,clothing,card,1,24.0,1939.02,3.0,4.0
O109736,C00528,2024-12-20,processing,clothing,card,4,1.0,2061.85,1.0,
O109737,C00484,2026-07-31,completed,electronics,card,2,30.0,173.11,6.0,4.0
O109738,C00593,2024-11-28,cancelled,toys,cash,3,6.0,650.44,,
O109739,C00249,2026-07-31,completed,home,card,4,5.0,10312.43,14.0,2.0
O109740,C01274,2025-11-21,delivered,beauty,card,5,23.0,3623.78,18.0,2.0
O109741,C00517,2026-07-31,delivered,toys,wallet,3,11.0,187.6,18.0,1.0
O109742,C01304,2026-07-31,completed,electronics,card,5,1.0,1635.67,2.0,5.0
O109743,C01656,2025-05-23,completed,toys,card,4,0.0,1702.68,11.0,3.0
O109744,C00958,2026-01-12,completed,beauty,wallet,5,21.0,3750.41,11.0,4.0
O109745,C01829,2026-01-01,delivered,clothing,sbp,3,15.0,1467.55,11.0,3.0
O109746,C00393,2025-10-17,processing,toys,card,1,14.0,150.0,19.0,
O109747,C01924,2025-08-18,delivered,home,card,2,8.0,593.54,3.0,
O109748,C00644,2025-07-19,delivered,clothing,card,2,6.0,476.94,2.0,4.0
O109749,C00606,2025-08-11,completed,electronics,card,2,25.0,1793.58,15.0,3.0
O109750,C01959,2026-05-11,delivered,home,card,2,13.0,638.26,13.0,3.0
O109751,C00912,2025-03-02,delivered,beauty,card,3,28.0,948.3,10.0,
O109752,C01495,2025-07-24,completed,electronics,cash,5,18.0,1999.81,4.0,5.0
O109753,C01606,2026-05-19,completed,clothing,card,1,3.0,247.24,3.0,4.0
O109754,C00897,2025-06-06,completed,electronics,card,4,13.0,6589.05,13.0,3.0
O109755,C00636,2025-12-14,completed,home,card,3,26.0,3628.74,19.0,1.0
O109756,C00983,2025-05-17,processing,home,card,1,2.0,1255.69,19.0,
O109757,C00771,2026-02-08,completed,beauty,card,4,6.0,734.75,5.0,4.0
O109758,C00833,2025-07-18,completed,electronics,cash,3,15.0,1959.22,12.0,4.0
O109759,C00475,2025-12-19,completed,electronics,wallet,4,9.0,3702.91,11.0,3.0
O109760,C01830,2026-07-31,completed,electronics,card,5,,1084.09,20.0,1.0
O109761,C01145,2025-01-23,completed,toys,card,1,27.0,192.73,17.0,2.0
O109762,C01594,2024-11-08,completed,clothing,cash,2,21.0,445.64,3.0,4.0
O109763,C01319,2025-04-24,completed,electronics,card,1,11.0,153.02,14.0,2.0
O109764,C00706,2026-01-08,completed,electronics,card,3,25.0,3417.18,17.0,1.0
O109765,C00637,2025-06-12,cancelled,electronics,cash,5,0.0,5286.33,,
O109766,C01965,2026-07-31,delivered,home,card,4,,1521.25,7.0,3.0
O109767,C00049,2026-04-13,delivered,clothing,card,3,1.0,1404.66,20.0,3.0
O109768,C00590,2026-04-24,completed,home,card,1,5.0,285.72,8.0,5.0
O109769,C01472,2026-02-12,completed,electronics,card,2,10.0,6276.43,2.0,4.0
O109770,C01092,2025-07-16,processing,clothing,card,3,4.0,1043.26,20.0,
O109771,C01234,2026-07-31,completed,home,card,3,27.0,968.16,17.0,2.0
O109772,C00044,2025-04-05,completed,electronics,cash,5,19.0,2223.86,2.0,5.0
O109773,C00438,2026-07-31,completed,electronics,card,2,2.0,344.22,10.0,3.0
O109774,C01199,2026-07-31,completed,electronics,card,1,22.0,610.36,16.0,2.0
O109775,C00630,2025-01-09,delivered,home,card,3,6.0,4625.91,2.0,5.0
O109776,C00941,2026-07-31,delivered,home,card,4,23.0,1714.65,9.0,
O109777,C01915,2025-05-21,completed,clothing,card,2,29.0,1870.71,5.0,4.0
O109778,C01277,2026-03-29,delivered,home,sbp,5,1.0,513.43,3.0,
O109779,C01261,2024-12-19,completed,electronics,card,4,12.0,919.76,2.0,5.0
O109780,C00393,2025-03-31,delivered,beauty,sbp,3,19.0,1597.28,12.0,2.0
O109781,C01191,2025-07-29,cancelled,beauty,wallet,5,27.0,561.72,,
O109782,C01921,2025-03-06,delivered,electronics,card,2,20.0,1281.42,15.0,3.0
O109783,C01280,2026-07-31,completed,beauty,card,5,11.0,1925.58,18.0,3.0
O109784,C01571,2024-11-11,completed,clothing,card,4,1.0,2498.15,11.0,2.0
O109785,C01909,2024-02-06,delivered,clothing,sbp,1,16.0,409.1,6.0,5.0
O109786,C01803,2025-05-05,completed,clothing,wallet,2,13.0,864.19,5.0,
O109787,C00680,2026-07-31,processing,beauty,card,4,29.0,245.21,13.0,
O109788,C00592,2026-07-31,cancelled,electronics,wallet,2,15.0,411.43,,
O109789,C00562,2024-05-25,completed,electronics,sbp,5,29.0,3697.62,4.0,5.0
O109790,C01541,2026-01-26,cancelled,toys,card,2,17.0,317.43,,
O109791,C00754,2026-07-31,completed,toys,wallet,5,5.0,1123.66,5.0,4.0
O109792,C01646,2025-04-09,completed,beauty,card,5,2.0,1736.98,16.0,1.0
O109793,C01602,2025-12-14,processing,electronics,card,1,20.0,373.96,8.0,
O109794,C01332,2026-06-02,cancelled,home,cash,4,5.0,3495.34,,
O109795,C00242,2026-04-10,delivered,clothing,cash,4,13.0,2368.28,19.0,1.0
O109796,C01424,2025-11-23,cancelled,electronics,card,1,,290.32,,
O109797,C00414,2024-11-14,completed,electronics,card,4,4.0,500.16,5.0,3.0
O109798,C01106,2024-06-16,delivered,beauty,card,2,3.0,11370.86,8.0,4.0
O109799,C00457,2024-07-31,processing,electronics,card,5,0.0,2539.38,14.0,
O109800,C00125,2026-03-15,cancelled,electronics,card,5,9.0,5117.38,,
O109801,C01273,2026-07-31,completed,electronics,card,1,15.0,150.0,8.0,4.0
O109802,C00903,2025-07-16,completed,home,card,5,12.0,1830.23,18.0,2.0
O109803,C01284,2026-01-13,cancelled,beauty,card,5,2.0,1775.46,,
O109804,C00982,2026-06-15,completed,electronics,card,2,,679.65,12.0,2.0
O109805,C00744,2025-04-07,processing,beauty,sbp,5,29.0,4591.87,12.0,
O109806,C00032,2025-04-08,CANCELED,electronics,cash,4,7.0,1594.62,,
O109807,C00553,2026-07-27,completed,clothing,card,3,7.0,1048.42,8.0,3.0
O109808,C01762,2026-01-04,completed,electronics,cash,1,1.0,487.49,14.0,3.0
O109809,C01510,2025-09-29,delivered,clothing,card,3,13.0,1508.46,18.0,2.0
O109810,C00928,2024-11-24,completed,toys,card,1,4.0,187.07,2.0,5.0
O109811,C00064,2026-07-31,completed,home,sbp,2,22.0,2175.82,19.0,3.0
O109812,C01970,2025-02-28,CANCELED,electronics,card,5,17.0,1551.28,,
O109813,C01478,2025-01-22,completed,toys,card,1,15.0,453.7,12.0,2.0
O109814,C00045,2024-04-16,delivered,home,sbp,3,2.0,4895.51,8.0,4.0
O109815,C00421,2026-07-31,completed,clothing,card,5,11.0,25191.68,6.0,4.0
O109816,C00341,2025-12-31,delivered,toys,wallet,1,17.0,716.58,17.0,2.0
O109817,C01806,2024-10-25,delivered,beauty,wallet,1,19.0,150.0,11.0,2.0
O109818,C01909,2024-06-15,cancelled,home,card,3,30.0,1175.25,,
O109819,C00828,2026-04-30,completed,electronics,sbp,3,6.0,5831.82,18.0,2.0
O109820,C00356,2026-07-31,delivered,electronics,wallet,3,27.0,1229.32,7.0,3.0
O109821,C01285,2025-01-22,completed,beauty,wallet,2,15.0,1918.87,14.0,3.0
O109822,C00546,2024-08-10,delivered,home,card,5,13.0,4742.19,3.0,4.0
O109823,C00242,2026-05-03,Completed,beauty,card,1,29.0,280.6,2.0,5.0
O109824,C00518,2024-05-06,delivered,beauty,card,1,8.0,2239.87,12.0,2.0
O109825,C00508,2024-10-26,completed,toys,card,2,24.0,1388.99,2.0,4.0
O109826,C00108,2026-07-31,cancelled,clothing,card,4,17.0,1929.6,,
O109827,C01402,2024-11-26,completed,clothing,card,1,10.0,432.28,4.0,3.0
O109828,C00705,2024-09-09,delivered,electronics,card,4,7.0,771.73,11.0,3.0
O109829,C01101,2025-11-17,completed,electronics,card,2,28.0,524.04,12.0,3.0
O109830,C01102,2025-04-19,delivered,clothing,card,4,24.0,869.52,18.0,2.0
O109831,C01541,2025-03-31,processing,clothing,card,2,27.0,6077.41,4.0,
O109832,C01525,2026-05-07,completed,electronics,card,4,23.0,4518.35,19.0,1.0
O109833,C01127,2026-07-31,completed,home,card,1,8.0,219.73,6.0,4.0
O109834,C01677,2025-05-11,delivered,clothing,card,4,27.0,8612.17,20.0,2.0
O109835,C01139,2025-11-17,completed,clothing,card,1,28.0,1468.48,11.0,3.0
O109836,C00053,2025-06-08,delivered,clothing,card,3,24.0,884.01,6.0,5.0
O109837,C01717,2026-06-17,completed,clothing,card,4,15.0,3014.5,12.0,3.0
O109838,C01540,2026-05-23,completed,home,card,1,16.0,285.63,16.0,2.0
O109839,C00850,2025-11-14,cancelled,clothing,cash,5,28.0,5594.45,,
O109840,C00773,2024-07-01,completed,clothing,cash,5,10.0,3652.63,6.0,4.0
O109841,C01791,2025-08-09,delivered,clothing,card,4,17.0,1404.55,9.0,4.0
O109842,C00852,2026-02-19,completed,electronics,wallet,2,28.0,366.16,11.0,3.0
O109843,C00745,2026-05-12,completed,beauty,sbp,4,2.0,1871.46,16.0,3.0
O109844,C01465,2026-05-11,delivered,toys,wallet,2,17.0,1460.23,14.0,2.0
O109845,C00658,2026-07-21,delivered,electronics,card,4,4.0,5577.92,2.0,5.0
O109846,C00808,2024-05-09,cancelled,electronics,card,1,26.0,0.0,,
O109847,C01559,2026-07-31,completed,beauty,cash,4,15.0,4135.61,11.0,2.0
O109848,C00447,2025-05-04,completed,home,card,2,17.0,540.11,17.0,
O109849,C00024,2026-05-16,completed,clothing,cash,3,0.0,303.72,9.0,3.0
O109850,C00674,2024-09-03,delivered,home,card,2,0.0,254.52,6.0,4.0
O109851,C00345,2026-07-31,delivered,toys,card,2,23.0,780.45,19.0,1.0
O109852,C00724,2024-05-28,cancelled,electronics,sbp,2,29.0,530.98,,
O109853,C00144,2026-13-01,cancelled,home,card,5,9.0,2232.7,,
O109854,C01179,2024-10-23,completed,beauty,cash,3,18.0,2658.96,3.0,5.0
O109855,C01025,2026-02-07,processing,electronics,card,4,0.0,3256.3,14.0,
O109856,C00545,2026-07-31,Completed,toys,card,4,3.0,301.89,10.0,3.0
O109857,C01257,2024-08-06,completed,toys,cash,4,20.0,15524.55,19.0,1.0
O109858,C00290,2025-06-17,completed,home,card,5,7.0,3369.45,12.0,4.0
O109859,C00021,2026-01-27,cancelled,clothing,card,1,18.0,621.13,,
O109860,C00954,2026-01-23,delivered,home,card,3,22.0,1312.75,11.0,3.0
O109861,C00323,2025-09-07,completed,home,card,5,3.0,1969.57,16.0,2.0
O109862,C01712,2025-07-13,completed,electronics,card,5,21.0,5941.14,9.0,3.0
O109863,C00606,2025-07-07,delivered,electronics,card,3,5.0,678.42,18.0,1.0
O109864,C00858,2024-05-02,cancelled,electronics,card,1,13.0,629.78,,
O109865,C00589,2026-07-31,cancelled,clothing,card,2,23.0,3314.13,,
O109866,C00868,2026-06-06,processing,home,sbp,2,14.0,1147.18,11.0,
O109867,C00195,2026-07-31,delivered,beauty,card,2,4.0,1485.85,9.0,3.0
O109868,C01868,2026-01-20,cancelled,clothing,card,1,23.0,160.17,,
O109869,C00346,2024-12-03,completed,home,card,5,0.0,4772.8,14.0,2.0
O109870,C00792,2025-06-29,delivered,home,card,3,30.0,1986.44,11.0,4.0
O109871,C01695,2024-12-25,processing,clothing,card,2,30.0,909.54,4.0,
O109872,C00853,2026-07-31,cancelled,home,cash,5,26.0,4389.26,,
O109873,C01402,2024-11-04,delivered,electronics,card,5,8.0,987.0,12.0,3.0
O109874,,2026-02-23,completed,electronics,cash,2,1.0,4163.58,9.0,4.0
O109875,C00593,2025-02-02,completed,clothing,card,1,27.0,4983.38,9.0,3.0
O109876,C01520,2025-12-11,delivered,toys,card,4,21.0,1218.56,7.0,3.0
O109877,C00527,2026-07-31,completed,toys,card,5,12.0,6311.09,3.0,5.0
O109878,C00828,2026-07-31,completed,home,wallet,4,7.0,1756.78,2.0,5.0
O109879,C00161,2026-07-31,cancelled,home,card,5,29.0,920.6,,
O109880,C01010,2025-09-27,completed,home,card,1,12.0,1390.97,15.0,2.0
O109881,C00698,2026-03-25,completed,clothing,card,1,13.0,392.64,19.0,1.0
O109882,C01721,2024-03-26,completed,electronics,card,3,24.0,2411.64,15.0,2.0
O109883,C00797,2026-07-31,completed,electronics,card,3,23.0,6815.48,20.0,2.0
O109884,C01655,2024-07-24,completed,electronics,wallet,1,12.0,751.62,19.0,2.0
O109885,C01809,2024-05-13,completed,toys,card,1,29.0,582.33,4.0,4.0
O109886,C01679,2026-05-11,delivered,home,wallet,2,14.0,457.22,11.0,3.0
O109887,C01487,2024-10-04,completed,home,card,4,8.0,916.87,1.0,5.0
O109888,C01168,2025-03-18,delivered,beauty,card,5,6.0,2209.3,1.0,5.0
O109889,C00959,2026-07-31,cancelled,home,cash,5,0.0,1819.33,,
O109890,C00163,2025-07-10,delivered,home,card,2,2.0,1698.11,10.0,
O109891,C00270,2026-04-05,delivered,beauty,card,2,13.0,412.4,6.0,5.0
O109892,C00761,2025-04-28,delivered,electronics,card,5,30.0,1325.09,10.0,3.0
O109893,C01313,2026-07-31,delivered,electronics,card,1,23.0,436.46,13.0,3.0
O109894,C00010,2024-08-26,completed,home,cash,4,5.0,2128.9,17.0,2.0
O109895,C01873,2026-06-24,processing,electronics,card,1,17.0,516.31,11.0,
O109896,C01986,2026-05-13,completed,home,card,2,12.0,842.86,10.0,3.0
O109897,C00157,2025-02-20,delivered,beauty,card,1,25.0,263.08,12.0,2.0
O109898,C00193,2025-09-08,delivered,beauty,wallet,3,7.0,2350.01,3.0,5.0
O109899,C01698,2025-05-04,cancelled,clothing,wallet,1,8.0,1269.16,,
O109900,C00400,2025-01-28,delivered,electronics,card,4,21.0,2526.29,7.0,4.0
O109901,C00361,2026-07-31,delivered,toys,sbp,3,2.0,929.41,1.0,4.0
O109902,C00375,2026-07-26,delivered,toys,card,4,8.0,425.72,14.0,3.0
O109903,C01403,2024-12-22,cancelled,clothing,card,4,6.0,7438.15,,
O109904,C00266,2025-10-11,completed,beauty,sbp,3,13.0,1285.35,14.0,4.0
O109905,C00368,2025-05-24,processing,beauty,card,3,7.0,4256.56,19.0,
O109906,C00796,2024-11-05,cancelled,clothing,cash,2,25.0,3665.28,,
O109907,C01201,2026-05-23,completed,clothing,card,4,10.0,3748.97,9.0,3.0
O109908,C01981,2026-07-23,completed,toys,sbp,5,11.0,5288.12,6.0,4.0
O109909,C00476,2026-01-16,processing,home,card,1,9.0,992.41,7.0,
O109910,C00510,2025-04-23,completed,home,card,1,13.0,412.85,20.0,2.0
O109911,C01084,2025-09-08,completed,toys,card,4,,786.52,1.0,5.0
O109912,C00836,2026-04-04,completed,beauty,cash,4,22.0,3732.02,12.0,3.0
O109913,C01201,2026-07-22,completed,electronics,cash,3,3.0,434.81,8.0,4.0
O109914,C00493,2026-04-06,delivered,clothing,cash,1,2.0,359.89,2.0,4.0
O109915,C01238,2025-01-05,cancelled,beauty,card,3,16.0,886.2,,
O109916,C01851,2025-01-02,delivered,electronics,card,3,15.0,2338.0,4.0,3.0
O109917,C01366,2024-05-28,completed,electronics,cash,4,,2374.49,11.0,4.0
O109918,C01471,2026-05-30,delivered,beauty,card,1,2.0,294.92,5.0,5.0
O109919,C00139,2024-11-13,completed,beauty,card,3,28.0,1055.13,14.0,2.0
O109920,C01805,2025-01-15,delivered,electronics,card,1,18.0,2360.48,4.0,5.0
O109921,C01407,2025-10-12,completed,electronics,sbp,5,8.0,1315.23,2.0,5.0
O109922,C01255,2025-08-27,processing,beauty,card,1,23.0,425.53,15.0,
O109923,C00310,2024-11-10,cancelled,electronics,card,3,20.0,2349.16,,
O109924,C01108,2026-06-25,delivered,electronics,sbp,5,28.0,2606.51,5.0,4.0
O109925,C01355,2024-10-03,delivered,toys,card,2,16.0,1604.21,1.0,5.0
O109926,C01248,2025-12-27,delivered,beauty,card,1,21.0,1186.69,9.0,4.0
O109927,C00249,2026-03-20,completed,clothing,card,4,27.0,6233.67,14.0,3.0
O109928,C00083,2024-09-13,cancelled,home,wallet,2,25.0,1021.72,,
O109929,C00959,2026-07-19,processing,clothing,sbp,4,21.0,2725.8,4.0,
O109930,C01435,2025-09-12,processing,electronics,card,3,11.0,1748.87,12.0,
O109931,C00774,2026-07-31,delivered,toys,sbp,2,5.0,481.52,7.0,4.0
O109932,C01376,2026-07-31,delivered,clothing,card,1,0.0,575.95,18.0,1.0
O109933,C01935,2024-08-05,completed,home,sbp,2,8.0,263.82,3.0,4.0
O109934,C01779,2024-12-14,completed,clothing,sbp,5,14.0,3325.54,15.0,3.0
O109935,C01262,2026-07-31,Processing ,clothing,card,5,19.0,447.55,12.0,
O109936,C01457,2026-07-31,processing,electronics,card,1,5.0,223.29,6.0,
O109937,C00177,2026-01-19,cancelled,clothing,card,1,23.0,976.82,,
O109938,C00171,2024-04-23,cancelled,home,cash,5,26.0,3574.5,,
O109939,C01402,2025-05-26,completed,beauty,card,5,2.0,2430.13,12.0,
O109940,C01603,2026-07-31,delivered,beauty,card,1,26.0,343.64,10.0,4.0
O109941,C00389,2026-03-27,delivered,electronics,wallet,3,20.0,740.29,19.0,1.0
O109942,C01185,2025-07-11,delivered,clothing,card,3,2.0,936.02,3.0,5.0
O109943,C00573,2025-03-09,completed,clothing,card,5,5.0,4262.45,1.0,5.0
O109944,C00218,2024-09-13,delivered,home,card,4,23.0,1608.57,13.0,3.0
O109945,C00757,2026-03-17,completed,beauty,wallet,4,29.0,371.84,8.0,3.0
O109946,C00896,2025-11-07,delivered,beauty,cash,1,22.0,183.98,20.0,1.0
O109947,C01553,2025-08-31,processing,clothing,cash,4,29.0,1029.41,8.0,
O109948,C01730,2025-03-06,delivered,home,card,5,11.0,1994.17,10.0,4.0
O109949,C01889,2025-02-22,completed,electronics,card,3,26.0,1168.88,7.0,
O109950,C00209,2024-10-07,delivered,electronics,card,3,26.0,635.17,11.0,3.0
O109951,C01849,2026-01-08,delivered,electronics,sbp,2,26.0,1611.73,9.0,3.0
O109952,C01036,2026-06-05,delivered,clothing,card,3,0.0,303.3,2.0,4.0
O109953,C00342,2024-12-24,completed,clothing,card,2,29.0,542.52,12.0,3.0
O109954,C01295,2026-07-23,delivered,clothing,card,1,16.0,923.08,10.0,3.0
O109955,C00121,2025-11-05,cancelled,home,cash,5,8.0,3794.87,,
O109956,C00924,2024-09-22,completed,electronics,card,2,23.0,794.05,9.0,4.0
O109957,C01658,2026-04-23,delivered,clothing,card,1,16.0,1044.19,5.0,4.0
O109958,C01943,2026-07-31,cancelled,electronics,card,4,11.0,2427.69,,
O109959,C00577,2026-07-31,cancelled,clothing,sbp,1,4.0,521.36,,
O109960,C00350,2024-10-29,processing,clothing,card,1,24.0,796.81,16.0,
O109961,C01166,2024-09-07,cancelled,electronics,cash,3,14.0,2045.99,,
O109962,C00315,2025-01-10,delivered,clothing,card,2,18.0,2859.76,10.0,
O109963,C01958,2025-07-08,delivered,beauty,sbp,4,3.0,1580.83,13.0,3.0
O109964,C00656,2025-06-07,completed,electronics,wallet,2,8.0,811.48,13.0,2.0
O109965,C00373,2025-04-18,completed,beauty,card,1,21.0,576.79,11.0,3.0
O109966,C00477,2026-07-02,delivered,electronics,card,2,9.0,1002.46,7.0,4.0
O109967,C00750,2024-07-18,completed,beauty,cash,2,,4353.13,6.0,4.0
O109968,C01484,2024-04-24,completed,electronics,cash,2,8.0,1499.18,9.0,3.0
O109969,C01736,2026-07-31,cancelled,toys,card,3,26.0,828.88,,
O109970,C01473,2025-12-30,completed,electronics,card,1,29.0,150.0,8.0,2.0
O109971,C01300,2024-05-18,completed,toys,cash,4,26.0,6926.65,13.0,3.0
O109972,C00541,2026-05-20,delivered,electronics,cash,1,11.0,365.02,7.0,3.0
O109973,C01876,2024-06-11,completed,home,card,4,29.0,2567.78,6.0,4.0
O109974,C02000,2025-08-17,delivered,clothing,card,3,26.0,1456.45,13.0,3.0
O109975,,2026-07-31,completed,electronics,wallet,1,0.0,939.36,1.0,4.0
O109976,C01567,2026-07-31,cancelled,electronics,card,3,11.0,949.75,,
O109977,C00608,2025-06-29,delivered,electronics,card,5,25.0,2709.52,5.0,5.0
O109978,C00895,2026-03-15,delivered,clothing,wallet,5,5.0,1592.37,3.0,4.0
O109979,C01611,2026-01-12,completed,home,cash,4,9.0,18243.29,10.0,3.0
O109980,C00849,2026-05-23,delivered,clothing,card,3,30.0,809.53,4.0,4.0
O109981,C01519,2025-11-25,completed,home,sbp,4,6.0,3085.35,5.0,5.0
O109982,C01720,2026-01-06,delivered,electronics,card,3,22.0,14399.28,13.0,2.0
O109983,C01868,2025-11-26,completed,home,card,2,23.0,2373.3,7.0,4.0
O109984,C00584,2024-06-24,completed,beauty,card,1,8.0,484.44,15.0,3.0
O109985,C00953,2026-05-13,completed,electronics,sbp,3,3.0,1689.48,20.0,2.0
O109986,C00772,2026-07-31,completed,beauty,card,4,3.0,1028.75,9.0,5.0
O109987,C01006,2026-07-31,completed,electronics,card,5,27.0,9445.96,19.0,1.0
O109988,C01486,2026-07-31,completed,clothing,card,3,7.0,1233.94,6.0,5.0
O109989,C00648,2025-08-01,cancelled,beauty,card,4,27.0,1858.45,,
O109990,C00466,2026-07-31,delivered,home,card,4,15.0,976.23,10.0,3.0
O109991,C00538,2024-10-04,delivered,clothing,card,2,17.0,767.61,17.0,3.0
O109992,C01533,2026-07-31,completed,clothing,cash,1,20.0,519.19,6.0,3.0
O109993,C01994,2025-11-08,completed,home,card,3,13.0,3534.04,6.0,5.0
O109994,C00207,2026-01-29,processing,clothing,sbp,4,29.0,2438.9,10.0,
O109995,C01955,2026-07-31,completed,toys,sbp,1,27.0,1183.16,15.0,3.0
O109996,C00065,2025-07-18,cancelled,beauty,card,4,20.0,316.88,,
O109997,C01060,2025-05-06,delivered,electronics,card,3,22.0,4533.1,18.0,1.0
O109998,C00268,2025-09-02,completed,clothing,card,2,22.0,336.98,1.0,4.0
O109999,C01911,2024-12-14,delivered,home,card,3,0.0,2735.19,17.0,2.0
O110000,C01524,2024-09-04,cancelled,home,card,3,8.0,150.0,,
O106253,C01245,2026-07-31,completed,home,cash,5,29.0,7841.35,10.0,4.0
O104685,C01941,2024-11-10,cancelled,beauty,card,5,1.0,829.55,,
O101732,C00073,2025-08-31,Completed,home,card,4,27.0,12748.4,7.0,3.0
O104743,C00638,2025-07-08,delivered,clothing,card,2,4.0,1058.77,17.0,1.0
O104522,C01471,2026-07-31,completed,electronics,card,1,10.0,904.39,17.0,1.0
O106341,C01198,2026-07-31,completed,clothing,card,5,11.0,5486.1,5.0,3.0
O100577,C01002,2026-02-03,delivered,home,card,3,15.0,5243.69,1.0,4.0
O105203,C00694,2026-07-31,completed,clothing,card,1,13.0,406.25,9.0,3.0
O106364,C00027,2025-12-04,completed,beauty,card,1,29.0,322.24,9.0,4.0
O100440,C00407,2025-09-22,delivered,home,card,2,9.0,342.03,14.0,3.0
O102751,C00478,2024-02-10,completed,home,card,4,8.0,1365.91,9.0,3.0
O107488,C00309,2024-11-14,completed,clothing,card,4,24.0,2737.78,15.0,3.0
O105273,C00142,2024-12-05,completed,electronics,sbp,4,21.0,859.73,10.0,3.0
O105654,C00895,2026-06-27,completed,clothing,card,5,27.0,2104.98,16.0,3.0
O104000,C00573,2024-12-05,processing,beauty,card,5,21.0,1467.7,17.0,
O106034,C00357,2025-01-09,completed,home,card,2,29.0,150.0,9.0,4.0
O100583,C00113,2025-05-23,completed,electronics,card,4,7.0,7256.6,10.0,3.0
O109931,C00774,2026-07-31,delivered,toys,sbp,2,5.0,481.52,7.0,4.0
O107052,C00517,2026-06-13,delivered,electronics,sbp,1,25.0,308.03,14.0,2.0
O108159,C00379,2025-04-23,processing,beauty,card,3,4.0,2332.64,20.0,
O109897,C00157,2025-02-20,delivered,beauty,card,1,25.0,263.08,12.0,2.0
O102250,C01008,2025-09-25,processing,electronics,cash,5,0.0,823.77,15.0,
O104641,C01401,2026-06-10,delivered,clothing,card,3,26.0,3997.42,12.0,4.0
O109486,C01799,2025-09-15,processing,toys,card,4,24.0,4868.14,6.0,
O104948,C01532,2024-08-26,delivered,electronics,cash,5,12.0,9038.11,2.0,5.0
